,date,open,high,low,close,volume
0,2025-11-03 17:20:00+00:00,3641.46,3668.0,3640.84,3646.38,67432.207
1,2025-11-03 17:25:00+00:00,3646.39,3647.34,3635.0,3637.85,22339.851
2,2025-11-03 17:30:00+00:00,3637.86,3651.65,3636.36,3649.12,19139.08
3,2025-11-03 17:35:00+00:00,3649.11,3663.71,3648.05,3658.75,25174.968
4,2025-11-03 17:40:00+00:00,3658.74,3665.0,3654.01,3660.68,21143.879
5,2025-11-03 17:45:00+00:00,3660.67,3681.23,3660.46,3674.01,38522.149
6,2025-11-03 17:50:00+00:00,3674.01,3674.73,3657.18,3658.08,23412.246
7,2025-11-03 17:55:00+00:00,3658.09,3666.72,3655.64,3664.65,13812.642
8,2025-11-03 18:00:00+00:00,3664.65,3671.96,3657.31,3663.53,15298.089
9,2025-11-03 18:05:00+00:00,3663.54,3665.44,3654.86,3663.97,13941.668
10,2025-11-03 18:10:00+00:00,3663.97,3669.02,3652.14,3657.51,15272.703
11,2025-11-03 18:15:00+00:00,3657.51,3663.0,3654.12,3660.8,9340.27
12,2025-11-03 18:20:00+00:00,3660.8,3665.53,3658.36,3659.3,5339.521
13,2025-11-03 18:25:00+00:00,3659.31,3662.49,3648.0,3650.19,10701.279
14,2025-11-03 18:30:00+00:00,3650.19,3656.09,3648.2,3650.0,7126.319
15,2025-11-03 18:35:00+00:00,3650.01,3654.3,3647.0,3648.14,8477.322
16,2025-11-03 18:40:00+00:00,3648.14,3649.47,3636.36,3639.73,22474.901
17,2025-11-03 18:45:00+00:00,3639.72,3644.69,3632.28,3638.01,22235.777
18,2025-11-03 18:50:00+00:00,3638.0,3646.75,3635.0,3636.94,8140.951
19,2025-11-03 18:55:00+00:00,3636.95,3637.91,3629.0,3630.75,9581.508
20,2025-11-03 19:00:00+00:00,3630.75,3634.92,3620.7,3623.05,36987.466
21,2025-11-03 19:05:00+00:00,3623.06,3629.37,3618.77,3624.9,21328.914
22,2025-11-03 19:10:00+00:00,3624.89,3632.63,3622.55,3631.29,9161.176
23,2025-11-03 19:15:00+00:00,3631.28,3646.64,3628.96,3631.58,18436.258
24,2025-11-03 19:20:00+00:00,3631.59,3642.98,3623.49,3626.28,16607.449
25,2025-11-03 19:25:00+00:00,3626.28,3630.56,3621.66,3622.56,6274.421
26,2025-11-03 19:30:00+00:00,3622.56,3631.74,3622.27,3626.18,8016.621
27,2025-11-03 19:35:00+00:00,3626.17,3633.73,3623.8,3633.32,5532.254
28,2025-11-03 19:40:00+00:00,3633.33,3638.04,3624.8,3637.08,9953.18
29,2025-11-03 19:45:00+00:00,3637.08,3647.65,3637.08,3641.09,11521.519
30,2025-11-03 19:50:00+00:00,3641.08,3642.0,3630.05,3634.51,6183.561
31,2025-11-03 19:55:00+00:00,3634.51,3640.99,3627.28,3629.6,5723.789
32,2025-11-03 20:00:00+00:00,3629.61,3635.0,3628.01,3633.75,6539.549
33,2025-11-03 20:05:00+00:00,3633.72,3634.87,3611.66,3616.23,22194.332
34,2025-11-03 20:10:00+00:00,3616.23,3619.52,3606.08,3607.58,14120.089
35,2025-11-03 20:15:00+00:00,3607.58,3612.04,3602.0,3608.08,25591.108
36,2025-11-03 20:20:00+00:00,3608.09,3613.66,3593.6,3596.18,25873.092
37,2025-11-03 20:25:00+00:00,3596.18,3604.46,3594.35,3601.13,13716.445
38,2025-11-03 20:30:00+00:00,3601.12,3615.92,3600.76,3602.49,20562.419
39,2025-11-03 20:35:00+00:00,3602.49,3605.42,3597.0,3602.23,8701.595
40,2025-11-03 20:40:00+00:00,3602.23,3602.8,3588.12,3592.07,16194.644
41,2025-11-03 20:45:00+00:00,3592.08,3595.71,3582.7,3593.0,23077.719
42,2025-11-03 20:50:00+00:00,3593.0,3593.95,3571.23,3576.37,31666.465
43,2025-11-03 20:55:00+00:00,3576.37,3588.79,3560.51,3586.82,48011.354
44,2025-11-03 21:00:00+00:00,3586.83,3611.96,3582.51,3606.23,31453.68
45,2025-11-03 21:05:00+00:00,3606.23,3613.61,3591.77,3592.02,17998.148
46,2025-11-03 21:10:00+00:00,3592.02,3598.41,3590.0,3592.2,10722.042
47,2025-11-03 21:15:00+00:00,3592.19,3595.64,3556.0,3581.01,57060.877
48,2025-11-03 21:20:00+00:00,3581.02,3604.08,3571.3,3586.82,27103.899
49,2025-11-03 21:25:00+00:00,3586.8,3588.13,3573.75,3586.3,18234.781
50,2025-11-03 21:30:00+00:00,3586.29,3598.68,3576.0,3597.35,13493.42
51,2025-11-03 21:35:00+00:00,3597.35,3604.85,3592.11,3595.1,13903.862
52,2025-11-03 21:40:00+00:00,3595.12,3600.0,3591.49,3598.77,11856.482
53,2025-11-03 21:45:00+00:00,3598.77,3602.09,3589.17,3592.0,16825.95
54,2025-11-03 21:50:00+00:00,3591.99,3599.95,3590.67,3598.37,4915.328
55,2025-11-03 21:55:00+00:00,3598.37,3601.64,3593.92,3600.54,6711.018
56,2025-11-03 22:00:00+00:00,3600.55,3602.33,3586.52,3590.1,13139.934
57,2025-11-03 22:05:00+00:00,3590.11,3598.0,3589.29,3596.95,5977.538
58,2025-11-03 22:10:00+00:00,3596.94,3597.26,3580.4,3589.99,16001.017
59,2025-11-03 22:15:00+00:00,3589.99,3597.27,3588.16,3594.43,6037.249
60,2025-11-03 22:20:00+00:00,3594.42,3599.7,3584.5,3591.56,7717.133
61,2025-11-03 22:25:00+00:00,3591.56,3591.56,3577.7,3577.7,9099.663
62,2025-11-03 22:30:00+00:00,3577.7,3578.33,3558.02,3575.67,30562.987
63,2025-11-03 22:35:00+00:00,3575.67,3591.67,3571.28,3581.13,14480.716
64,2025-11-03 22:40:00+00:00,3581.14,3593.76,3581.14,3584.86,10824.035
65,2025-11-03 22:45:00+00:00,3584.87,3600.94,3584.06,3599.91,11183.126
66,2025-11-03 22:50:00+00:00,3599.9,3599.93,3589.15,3591.75,9686.405
67,2025-11-03 22:55:00+00:00,3591.76,3591.76,3583.65,3588.26,6702.924
68,2025-11-03 23:00:00+00:00,3588.26,3588.27,3563.78,3567.33,20003.238
69,2025-11-03 23:05:00+00:00,3567.34,3580.0,3567.33,3578.3,10953.873
70,2025-11-03 23:10:00+00:00,3578.29,3583.0,3575.0,3576.01,9498.108
71,2025-11-03 23:15:00+00:00,3576.0,3582.73,3575.0,3580.23,7961.678
72,2025-11-03 23:20:00+00:00,3580.23,3588.26,3579.64,3586.76,6889.41
73,2025-11-03 23:25:00+00:00,3586.76,3591.76,3586.76,3590.42,6523.17
74,2025-11-03 23:30:00+00:00,3590.4,3598.99,3589.28,3598.37,17432.332
75,2025-11-03 23:35:00+00:00,3598.37,3603.56,3596.22,3600.78,13580.256
76,2025-11-03 23:40:00+00:00,3600.78,3604.44,3595.6,3599.45,13215.169
77,2025-11-03 23:45:00+00:00,3599.46,3602.64,3593.67,3597.28,7463.145
78,2025-11-03 23:50:00+00:00,3597.27,3600.84,3593.71,3599.73,4686.824
79,2025-11-03 23:55:00+00:00,3599.73,3605.83,3599.72,3602.15,7125.128
80,2025-11-04 00:00:00+00:00,3602.15,3603.0,3595.37,3595.9,8079.909
81,2025-11-04 00:05:00+00:00,3595.9,3603.62,3592.0,3598.48,11884.969
82,2025-11-04 00:10:00+00:00,3598.47,3599.8,3593.0,3595.67,10244.212
83,2025-11-04 00:15:00+00:00,3595.66,3602.14,3592.66,3594.57,18999.69
84,2025-11-04 00:20:00+00:00,3594.56,3596.22,3578.0,3578.54,19936.755
85,2025-11-04 00:25:00+00:00,3578.54,3579.04,3565.95,3566.55,21519.343
86,2025-11-04 00:30:00+00:00,3566.54,3598.78,3566.54,3593.71,31337.464
87,2025-11-04 00:35:00+00:00,3593.79,3630.83,3593.79,3627.0,75897.352
88,2025-11-04 00:40:00+00:00,3626.98,3635.0,3623.45,3627.28,25704.117
89,2025-11-04 00:45:00+00:00,3627.28,3629.9,3621.45,3628.75,11652.557
90,2025-11-04 00:50:00+00:00,3628.76,3628.76,3617.0,3618.36,10308.327
91,2025-11-04 00:55:00+00:00,3618.35,3618.35,3608.1,3616.49,11643.956
92,2025-11-04 01:00:00+00:00,3616.5,3620.77,3609.22,3609.99,10324.841
93,2025-11-04 01:05:00+00:00,3609.99,3623.87,3605.71,3619.04,10275.919
94,2025-11-04 01:10:00+00:00,3619.05,3623.55,3617.16,3620.35,6826.874
95,2025-11-04 01:15:00+00:00,3620.34,3625.73,3617.54,3624.67,5131.973
96,2025-11-04 01:20:00+00:00,3624.68,3642.91,3624.67,3633.4,30516.012
97,2025-11-04 01:25:00+00:00,3633.4,3636.43,3624.15,3627.77,12782.327
98,2025-11-04 01:30:00+00:00,3627.77,3639.77,3625.25,3638.87,12955.265
99,2025-11-04 01:35:00+00:00,3638.87,3653.65,3634.12,3646.46,42287.395
100,2025-11-04 01:40:00+00:00,3646.46,3647.57,3641.79,3641.79,8633.646
101,2025-11-04 01:45:00+00:00,3641.8,3642.98,3634.19,3634.19,10710.444
102,2025-11-04 01:50:00+00:00,3634.19,3641.59,3628.61,3641.19,9849.755
103,2025-11-04 01:55:00+00:00,3641.18,3647.58,3640.5,3642.85,8370.812
104,2025-11-04 02:00:00+00:00,3642.85,3642.85,3632.21,3632.68,8546.238
105,2025-11-04 02:05:00+00:00,3632.67,3641.99,3630.59,3641.43,6413.112
106,2025-11-04 02:10:00+00:00,3641.43,3646.2,3638.79,3642.75,7300.215
107,2025-11-04 02:15:00+00:00,3642.76,3644.88,3636.54,3644.88,6595.624
108,2025-11-04 02:20:00+00:00,3644.88,3647.35,3640.0,3641.49,9920.751
109,2025-11-04 02:25:00+00:00,3641.48,3642.88,3632.25,3633.43,7613.17
110,2025-11-04 02:30:00+00:00,3633.43,3636.0,3625.33,3631.48,11645.342
111,2025-11-04 02:35:00+00:00,3631.49,3638.95,3628.92,3635.88,6493.359
112,2025-11-04 02:40:00+00:00,3635.88,3638.66,3623.55,3628.05,13619.862
113,2025-11-04 02:45:00+00:00,3628.05,3628.05,3616.56,3621.53,13725.837
114,2025-11-04 02:50:00+00:00,3621.53,3630.0,3621.53,3629.1,10614.87
115,2025-11-04 02:55:00+00:00,3629.1,3631.13,3624.5,3624.51,4470.375
116,2025-11-04 03:00:00+00:00,3624.5,3643.25,3623.95,3632.89,19077.1
117,2025-11-04 03:05:00+00:00,3632.88,3632.88,3618.8,3630.24,10279.882
118,2025-11-04 03:10:00+00:00,3630.24,3646.46,3628.06,3645.29,9681.066
119,2025-11-04 03:15:00+00:00,3645.29,3649.13,3638.56,3640.65,12441.523
120,2025-11-04 03:20:00+00:00,3640.65,3643.56,3635.54,3639.24,6224.057
121,2025-11-04 03:25:00+00:00,3639.23,3647.04,3639.23,3644.68,8424.128
122,2025-11-04 03:30:00+00:00,3644.68,3647.0,3636.42,3646.7,7657.148
123,2025-11-04 03:35:00+00:00,3646.71,3650.0,3642.11,3647.35,9461.409
124,2025-11-04 03:40:00+00:00,3647.35,3649.86,3644.34,3647.77,5581.436
125,2025-11-04 03:45:00+00:00,3647.77,3648.68,3640.5,3640.91,7545.261
126,2025-11-04 03:50:00+00:00,3640.91,3645.0,3638.0,3644.32,5047.232
127,2025-11-04 03:55:00+00:00,3644.33,3647.39,3640.9,3640.9,4478.137
128,2025-11-04 04:00:00+00:00,3640.91,3645.18,3638.62,3644.65,6717.868
129,2025-11-04 04:05:00+00:00,3644.66,3646.26,3638.09,3642.42,4949.084
130,2025-11-04 04:10:00+00:00,3642.45,3646.8,3642.25,3645.0,5946.173
131,2025-11-04 04:15:00+00:00,3645.0,3645.0,3633.61,3639.39,12611.687
132,2025-11-04 04:20:00+00:00,3639.38,3642.36,3635.67,3638.09,5422.405
133,2025-11-04 04:25:00+00:00,3638.09,3638.09,3633.0,3636.16,6623.382
134,2025-11-04 04:30:00+00:00,3636.17,3642.85,3635.01,3635.34,7947.955
135,2025-11-04 04:35:00+00:00,3635.34,3635.6,3625.11,3630.43,12107.982
136,2025-11-04 04:40:00+00:00,3630.43,3632.27,3625.44,3626.83,7201.056
137,2025-11-04 04:45:00+00:00,3626.83,3630.0,3620.0,3621.96,9429.561
138,2025-11-04 04:50:00+00:00,3621.97,3627.54,3620.27,3621.65,7714.432
139,2025-11-04 04:55:00+00:00,3621.64,3625.26,3620.0,3623.85,7323.786
140,2025-11-04 05:00:00+00:00,3623.86,3624.61,3618.48,3619.26,7333.569
141,2025-11-04 05:05:00+00:00,3619.26,3626.8,3618.05,3626.8,7110.88
142,2025-11-04 05:10:00+00:00,3626.79,3630.62,3623.22,3625.5,7843.718
143,2025-11-04 05:15:00+00:00,3625.51,3626.45,3598.22,3604.25,37364.94
144,2025-11-04 05:20:00+00:00,3604.24,3604.89,3559.01,3570.36,107425.324
145,2025-11-04 05:25:00+00:00,3570.35,3581.78,3555.55,3560.81,77066.234
146,2025-11-04 05:30:00+00:00,3560.8,3560.8,3512.24,3525.57,145970.767
147,2025-11-04 05:35:00+00:00,3525.56,3550.4,3521.63,3535.75,69249.272
148,2025-11-04 05:40:00+00:00,3535.76,3545.84,3518.25,3518.85,48698.731
149,2025-11-04 05:45:00+00:00,3518.85,3525.89,3502.2,3510.25,83262.608
150,2025-11-04 05:50:00+00:00,3510.22,3521.71,3505.0,3506.02,50782.191
151,2025-11-04 05:55:00+00:00,3506.03,3512.0,3482.2,3490.3,115129.277
152,2025-11-04 06:00:00+00:00,3490.31,3510.98,3485.94,3507.02,58665.806
153,2025-11-04 06:05:00+00:00,3507.04,3509.85,3476.0,3482.08,63002.634
154,2025-11-04 06:10:00+00:00,3482.09,3520.86,3479.0,3520.0,60132.979
155,2025-11-04 06:15:00+00:00,3520.0,3560.98,3516.28,3540.88,160356.768
156,2025-11-04 06:20:00+00:00,3540.88,3548.73,3527.0,3527.39,44507.229
157,2025-11-04 06:25:00+00:00,3527.38,3534.86,3525.84,3532.64,26355.239
158,2025-11-04 06:30:00+00:00,3532.63,3532.64,3516.11,3527.73,29642.235
159,2025-11-04 06:35:00+00:00,3527.73,3529.22,3504.8,3504.8,26716.722
160,2025-11-04 06:40:00+00:00,3504.8,3508.4,3501.45,3501.8,20339.88
161,2025-11-04 06:45:00+00:00,3501.81,3511.23,3501.24,3504.6,24083.729
162,2025-11-04 06:50:00+00:00,3504.59,3514.4,3499.3,3503.39,23657.278
163,2025-11-04 06:55:00+00:00,3503.39,3513.87,3502.67,3510.89,11258.641
164,2025-11-04 07:00:00+00:00,3510.88,3512.57,3479.05,3490.2,72467.114
165,2025-11-04 07:05:00+00:00,3490.18,3504.45,3481.82,3494.1,25167.147
166,2025-11-04 07:10:00+00:00,3494.1,3499.04,3484.1,3492.0,15737.878
167,2025-11-04 07:15:00+00:00,3492.0,3530.69,3488.0,3500.0,60752.824
168,2025-11-04 07:20:00+00:00,3500.0,3502.05,3491.93,3492.36,12571.172
169,2025-11-04 07:25:00+00:00,3492.37,3508.0,3481.01,3482.48,30527.039
170,2025-11-04 07:30:00+00:00,3482.49,3493.92,3481.47,3488.98,17185.191
171,2025-11-04 07:35:00+00:00,3488.97,3505.08,3488.18,3503.14,19571.81
172,2025-11-04 07:40:00+00:00,3503.15,3504.0,3470.58,3479.28,47136.028
173,2025-11-04 07:45:00+00:00,3479.28,3484.84,3473.37,3476.21,21345.671
174,2025-11-04 07:50:00+00:00,3476.21,3492.25,3476.21,3491.78,17493.447
175,2025-11-04 07:55:00+00:00,3491.79,3493.4,3488.21,3492.79,9371.498
176,2025-11-04 08:00:00+00:00,3492.78,3494.74,3479.27,3483.19,21609.993
177,2025-11-04 08:05:00+00:00,3483.2,3486.0,3473.26,3474.81,23675.399
178,2025-11-04 08:10:00+00:00,3474.81,3483.77,3465.0,3468.99,38405.272
179,2025-11-04 08:15:00+00:00,3468.99,3472.28,3460.0,3464.72,53914.635
180,2025-11-04 08:20:00+00:00,3464.72,3497.04,3464.72,3493.36,44897.824
181,2025-11-04 08:25:00+00:00,3493.35,3496.0,3482.4,3489.36,14857.34
182,2025-11-04 08:30:00+00:00,3489.35,3512.0,3487.66,3506.83,47382.203
183,2025-11-04 08:35:00+00:00,3506.82,3509.84,3502.06,3502.29,18796.237
184,2025-11-04 08:40:00+00:00,3502.29,3508.0,3500.2,3505.27,14106.663
185,2025-11-04 08:45:00+00:00,3505.28,3507.71,3487.47,3497.8,25301.735
186,2025-11-04 08:50:00+00:00,3497.79,3498.68,3485.37,3489.39,13527.057
187,2025-11-04 08:55:00+00:00,3489.4,3495.38,3487.77,3494.72,11244.011
188,2025-11-04 09:00:00+00:00,3494.72,3498.8,3491.46,3496.98,11331.383
189,2025-11-04 09:05:00+00:00,3496.98,3502.04,3483.6,3491.86,17737.516
190,2025-11-04 09:10:00+00:00,3491.86,3492.12,3476.16,3484.94,25603.016
191,2025-11-04 09:15:00+00:00,3484.94,3493.68,3474.49,3487.26,30247.139
192,2025-11-04 09:20:00+00:00,3487.26,3491.99,3476.6,3481.47,13489.397
193,2025-11-04 09:25:00+00:00,3481.51,3493.64,3481.1,3489.23,12366.096
194,2025-11-04 09:30:00+00:00,3489.24,3499.93,3487.91,3494.21,14583.438
195,2025-11-04 09:35:00+00:00,3494.21,3499.0,3482.04,3492.31,11083.899
196,2025-11-04 09:40:00+00:00,3492.3,3496.52,3490.0,3492.4,6338.077
197,2025-11-04 09:45:00+00:00,3492.39,3500.0,3488.72,3491.33,8849.662
198,2025-11-04 09:50:00+00:00,3491.32,3495.0,3482.0,3483.08,8743.464
199,2025-11-04 09:55:00+00:00,3483.08,3493.36,3481.41,3490.83,8891.963
200,2025-11-04 10:00:00+00:00,3490.82,3492.42,3485.04,3485.96,8945.852
201,2025-11-04 10:05:00+00:00,3485.96,3494.14,3485.33,3490.27,5893.244
202,2025-11-04 10:10:00+00:00,3490.28,3497.91,3488.0,3490.6,6742.097
203,2025-11-04 10:15:00+00:00,3490.61,3501.42,3490.26,3495.02,14018.04
204,2025-11-04 10:20:00+00:00,3495.02,3498.33,3486.11,3488.52,8407.862
205,2025-11-04 10:25:00+00:00,3488.53,3496.02,3479.16,3484.01,21019.621
206,2025-11-04 10:30:00+00:00,3484.02,3491.98,3479.0,3485.76,14977.446
207,2025-11-04 10:35:00+00:00,3485.75,3488.78,3471.84,3487.2,20618.266
208,2025-11-04 10:40:00+00:00,3487.21,3491.71,3480.01,3480.93,15283.946
209,2025-11-04 10:45:00+00:00,3480.92,3484.37,3473.92,3475.82,11267.152
210,2025-11-04 10:50:00+00:00,3475.86,3480.0,3471.52,3476.0,18300.982
211,2025-11-04 10:55:00+00:00,3476.0,3484.41,3472.6,3484.24,13235.607
212,2025-11-04 11:00:00+00:00,3484.23,3500.3,3481.77,3494.46,45426.373
213,2025-11-04 11:05:00+00:00,3494.45,3511.0,3494.15,3510.99,43860.292
214,2025-11-04 11:10:00+00:00,3510.99,3512.99,3507.3,3510.54,18472.681
215,2025-11-04 11:15:00+00:00,3510.55,3523.88,3506.13,3514.33,31068.631
216,2025-11-04 11:20:00+00:00,3514.32,3524.48,3511.38,3516.02,15659.178
217,2025-11-04 11:25:00+00:00,3516.01,3516.94,3506.02,3508.14,13337.728
218,2025-11-04 11:30:00+00:00,3508.13,3512.73,3505.47,3508.85,12005.779
219,2025-11-04 11:35:00+00:00,3508.84,3522.0,3508.56,3519.37,11884.312
220,2025-11-04 11:40:00+00:00,3519.37,3521.0,3513.29,3520.47,7059.017
221,2025-11-04 11:45:00+00:00,3520.46,3523.0,3515.59,3516.0,7015.973
222,2025-11-04 11:50:00+00:00,3516.0,3521.89,3515.95,3519.19,5270.788
223,2025-11-04 11:55:00+00:00,3519.19,3534.14,3517.2,3527.78,15933.672
224,2025-11-04 12:00:00+00:00,3527.78,3528.56,3520.41,3524.1,13013.05
225,2025-11-04 12:05:00+00:00,3524.1,3531.25,3517.75,3522.36,16034.682
226,2025-11-04 12:10:00+00:00,3522.37,3522.37,3512.17,3515.84,13034.255
227,2025-11-04 12:15:00+00:00,3515.84,3516.17,3501.73,3511.54,35569.818
228,2025-11-04 12:20:00+00:00,3511.54,3516.32,3502.36,3502.64,15028.438
229,2025-11-04 12:25:00+00:00,3502.64,3511.68,3502.0,3507.73,12253.771
230,2025-11-04 12:30:00+00:00,3507.73,3509.55,3501.03,3503.01,9088.933
231,2025-11-04 12:35:00+00:00,3503.01,3504.42,3493.6,3497.51,24024.376
232,2025-11-04 12:40:00+00:00,3497.51,3503.01,3497.22,3502.78,12867.998
233,2025-11-04 12:45:00+00:00,3502.79,3509.79,3499.46,3509.38,11608.003
234,2025-11-04 12:50:00+00:00,3509.37,3512.91,3506.11,3510.34,10296.575
235,2025-11-04 12:55:00+00:00,3510.33,3511.77,3506.8,3509.56,6616.166
236,2025-11-04 13:00:00+00:00,3509.55,3513.53,3503.59,3507.63,15286.185
237,2025-11-04 13:05:00+00:00,3507.62,3510.99,3504.4,3508.14,13378.676
238,2025-11-04 13:10:00+00:00,3508.14,3518.0,3506.68,3513.47,14933.667
239,2025-11-04 13:15:00+00:00,3513.47,3518.61,3511.46,3516.69,9165.798
240,2025-11-04 13:20:00+00:00,3516.7,3517.21,3505.07,3506.21,10801.189
241,2025-11-04 13:25:00+00:00,3506.2,3506.55,3490.92,3497.67,28623.505
242,2025-11-04 13:30:00+00:00,3497.67,3511.44,3496.1,3510.55,18095.219
243,2025-11-04 13:35:00+00:00,3510.56,3522.0,3510.56,3517.37,23610.541
244,2025-11-04 13:40:00+00:00,3517.38,3520.0,3510.74,3512.97,13534.298
245,2025-11-04 13:45:00+00:00,3512.97,3517.37,3505.42,3505.98,13599.53
246,2025-11-04 13:50:00+00:00,3505.99,3513.22,3503.89,3511.4,8015.719
247,2025-11-04 13:55:00+00:00,3511.4,3512.91,3504.89,3505.4,9039.389
248,2025-11-04 14:00:00+00:00,3505.4,3505.51,3493.09,3499.99,21843.988
249,2025-11-04 14:05:00+00:00,3500.0,3510.82,3500.0,3508.37,21191.307
250,2025-11-04 14:10:00+00:00,3508.37,3509.22,3500.57,3500.57,11106.68
251,2025-11-04 14:15:00+00:00,3500.58,3508.66,3496.48,3503.52,12442.265
252,2025-11-04 14:20:00+00:00,3503.53,3503.53,3493.0,3494.41,17581.699
253,2025-11-04 14:25:00+00:00,3494.4,3497.73,3491.1,3497.32,11651.378
254,2025-11-04 14:30:00+00:00,3497.31,3507.0,3485.3,3492.8,46942.449
255,2025-11-04 14:35:00+00:00,3492.8,3500.46,3471.38,3480.15,74751.54
256,2025-11-04 14:40:00+00:00,3480.16,3526.28,3475.92,3524.75,90010.728
257,2025-11-04 14:45:00+00:00,3524.75,3543.4,3520.46,3534.9,74344.608
258,2025-11-04 14:50:00+00:00,3534.9,3560.0,3532.25,3553.86,90391.56
259,2025-11-04 14:55:00+00:00,3553.86,3561.99,3547.42,3554.33,48537.95
260,2025-11-04 15:00:00+00:00,3554.34,3579.32,3554.02,3572.42,85852.692
261,2025-11-04 15:05:00+00:00,3572.41,3576.49,3549.03,3556.57,52003.408
262,2025-11-04 15:10:00+00:00,3556.56,3560.0,3541.1,3541.71,40242.706
263,2025-11-04 15:15:00+00:00,3541.71,3585.0,3541.68,3580.85,47789.95
264,2025-11-04 15:20:00+00:00,3580.85,3586.12,3564.43,3571.28,44982.964
265,2025-11-04 15:25:00+00:00,3571.28,3579.79,3559.7,3561.94,28602.364
266,2025-11-04 15:30:00+00:00,3561.94,3561.99,3548.7,3559.08,27654.696
267,2025-11-04 15:35:00+00:00,3559.08,3560.66,3545.81,3550.65,17291.192
268,2025-11-04 15:40:00+00:00,3550.64,3553.3,3541.56,3548.76,22260.847
269,2025-11-04 15:45:00+00:00,3548.75,3548.76,3523.84,3525.6,60147.621
270,2025-11-04 15:50:00+00:00,3525.59,3526.54,3494.4,3512.4,66893.041
271,2025-11-04 15:55:00+00:00,3512.39,3515.24,3492.72,3506.0,40357.817
272,2025-11-04 16:00:00+00:00,3505.99,3518.95,3504.78,3510.33,23735.989
273,2025-11-04 16:05:00+00:00,3510.33,3511.36,3498.18,3500.24,25645.501
274,2025-11-04 16:10:00+00:00,3500.23,3504.82,3479.63,3493.79,44723.72
275,2025-11-04 16:15:00+00:00,3493.78,3500.0,3483.9,3485.0,28447.075
276,2025-11-04 16:20:00+00:00,3485.0,3485.2,3454.92,3465.48,81605.115
277,2025-11-04 16:25:00+00:00,3465.47,3480.38,3463.0,3475.56,35866.868
278,2025-11-04 16:30:00+00:00,3475.55,3488.23,3471.0,3473.68,28345.943
279,2025-11-04 16:35:00+00:00,3473.68,3477.66,3457.55,3468.69,30338.834
280,2025-11-04 16:40:00+00:00,3468.7,3469.74,3454.57,3457.46,28622.456
281,2025-11-04 16:45:00+00:00,3457.45,3464.99,3440.0,3445.75,59575.62
282,2025-11-04 16:50:00+00:00,3445.75,3447.71,3425.87,3447.71,92881.773
283,2025-11-04 16:55:00+00:00,3447.7,3449.65,3423.0,3428.29,47025.033
284,2025-11-04 17:00:00+00:00,3428.3,3428.69,3404.58,3408.18,109623.012
285,2025-11-04 17:05:00+00:00,3408.19,3413.82,3390.35,3397.86,115869.785
286,2025-11-04 17:10:00+00:00,3397.84,3400.94,3382.0,3383.97,96573.781
287,2025-11-04 17:15:00+00:00,3383.98,3397.36,3361.45,3376.75,168896.457
288,2025-11-04 17:20:00+00:00,3376.75,3408.99,3374.17,3392.55,84716.328
289,2025-11-04 17:25:00+00:00,3392.54,3399.45,3380.0,3383.98,45283.964
290,2025-11-04 17:30:00+00:00,3383.99,3414.0,3383.2,3404.5,57018.839
291,2025-11-04 17:35:00+00:00,3404.5,3419.25,3397.63,3400.39,41361.373
292,2025-11-04 17:40:00+00:00,3400.39,3401.84,3385.98,3388.52,32658.341
293,2025-11-04 17:45:00+00:00,3388.53,3393.05,3375.0,3385.47,41991.557
294,2025-11-04 17:50:00+00:00,3385.47,3392.0,3363.94,3370.48,38486.254
295,2025-11-04 17:55:00+00:00,3370.48,3378.17,3363.17,3371.57,33667.165
296,2025-11-04 18:00:00+00:00,3371.58,3372.63,3333.39,3338.9,105959.33
297,2025-11-04 18:05:00+00:00,3338.9,3368.89,3337.28,3364.29,56505.16
298,2025-11-04 18:10:00+00:00,3364.29,3367.87,3344.42,3350.99,34933.266
299,2025-11-04 18:15:00+00:00,3350.99,3352.62,3322.0,3322.53,74219.029
300,2025-11-04 18:20:00+00:00,3322.54,3334.59,3310.54,3325.64,80352.986
301,2025-11-04 18:25:00+00:00,3325.65,3328.66,3311.43,3319.04,38511.634
302,2025-11-04 18:30:00+00:00,3319.05,3324.99,3259.64,3284.47,226136.158
303,2025-11-04 18:35:00+00:00,3284.46,3296.0,3255.0,3267.97,169118.068
304,2025-11-04 18:40:00+00:00,3267.98,3315.5,3264.3,3315.42,116639.644
305,2025-11-04 18:45:00+00:00,3315.42,3315.42,3268.95,3270.39,64228.467
306,2025-11-04 18:50:00+00:00,3270.39,3314.5,3269.41,3308.1,80507.309
307,2025-11-04 18:55:00+00:00,3308.17,3312.84,3290.3,3301.38,66464.696
308,2025-11-04 19:00:00+00:00,3301.37,3315.49,3295.0,3306.63,54846.529
309,2025-11-04 19:05:00+00:00,3306.62,3306.62,3283.92,3287.87,31972.915
310,2025-11-04 19:10:00+00:00,3287.87,3305.37,3285.23,3303.53,25056.288
311,2025-11-04 19:15:00+00:00,3303.52,3313.5,3293.37,3294.0,25546.862
312,2025-11-04 19:20:00+00:00,3293.99,3311.51,3287.59,3303.96,25207.919
313,2025-11-04 19:25:00+00:00,3303.94,3313.75,3288.0,3291.06,30800.135
314,2025-11-04 19:30:00+00:00,3291.05,3297.2,3280.8,3289.51,27373.22
315,2025-11-04 19:35:00+00:00,3289.5,3291.81,3269.0,3271.14,32922.939
316,2025-11-04 19:40:00+00:00,3271.13,3281.04,3262.0,3271.18,38181.538
317,2025-11-04 19:45:00+00:00,3271.19,3273.77,3250.01,3252.77,44819.059
318,2025-11-04 19:50:00+00:00,3252.77,3263.41,3240.05,3248.46,74234.494
319,2025-11-04 19:55:00+00:00,3248.45,3255.68,3225.0,3229.84,60279.047
320,2025-11-04 20:00:00+00:00,3229.83,3244.0,3216.1,3218.69,61288.881
321,2025-11-04 20:05:00+00:00,3218.68,3252.63,3215.88,3224.36,55028.959
322,2025-11-04 20:10:00+00:00,3224.37,3241.58,3222.72,3227.95,35492.122
323,2025-11-04 20:15:00+00:00,3227.95,3227.97,3122.67,3167.76,372902.555
324,2025-11-04 20:20:00+00:00,3167.76,3176.2,3133.59,3175.27,162263.609
325,2025-11-04 20:25:00+00:00,3175.28,3193.92,3170.38,3183.06,85044.792
326,2025-11-04 20:30:00+00:00,3183.06,3194.0,3147.11,3155.31,76392.358
327,2025-11-04 20:35:00+00:00,3155.31,3191.36,3154.61,3184.72,51897.05
328,2025-11-04 20:40:00+00:00,3184.71,3224.52,3181.09,3214.97,90801.059
329,2025-11-04 20:45:00+00:00,3214.83,3219.26,3195.53,3196.17,48288.365
330,2025-11-04 20:50:00+00:00,3196.17,3200.61,3180.0,3183.2,53606.123
331,2025-11-04 20:55:00+00:00,3183.21,3218.97,3176.38,3211.5,79632.145
332,2025-11-04 21:00:00+00:00,3211.5,3217.56,3195.0,3211.73,57569.027
333,2025-11-04 21:05:00+00:00,3211.74,3212.47,3188.13,3190.18,45366.085
334,2025-11-04 21:10:00+00:00,3190.18,3199.94,3180.76,3183.8,35219.193
335,2025-11-04 21:15:00+00:00,3183.81,3192.98,3174.29,3186.1,42857.146
336,2025-11-04 21:20:00+00:00,3186.11,3188.52,3166.11,3169.72,30406.983
337,2025-11-04 21:25:00+00:00,3169.72,3173.39,3157.25,3162.91,42101.468
338,2025-11-04 21:30:00+00:00,3162.91,3164.56,3093.63,3095.54,129997.326
339,2025-11-04 21:35:00+00:00,3095.55,3108.47,3055.0,3101.59,203524.356
340,2025-11-04 21:40:00+00:00,3101.41,3120.45,3085.0,3106.06,72813.303
341,2025-11-04 21:45:00+00:00,3106.07,3158.99,3104.57,3137.26,93453.86
342,2025-11-04 21:50:00+00:00,3137.28,3147.19,3112.2,3145.7,73025.386
343,2025-11-04 21:55:00+00:00,3145.75,3215.34,3145.7,3213.77,149277.826
344,2025-11-04 22:00:00+00:00,3213.78,3238.56,3197.0,3230.26,90212.77
345,2025-11-04 22:05:00+00:00,3230.26,3258.82,3221.2,3258.82,84108.037
346,2025-11-04 22:10:00+00:00,3258.83,3271.1,3250.09,3266.29,64011.238
347,2025-11-04 22:15:00+00:00,3266.29,3268.26,3254.55,3262.75,29298.202
348,2025-11-04 22:20:00+00:00,3262.77,3266.28,3251.0,3259.76,21198.115
349,2025-11-04 22:25:00+00:00,3259.75,3259.76,3238.54,3258.49,23071.389
350,2025-11-04 22:30:00+00:00,3258.48,3279.24,3251.34,3270.74,30695.161
351,2025-11-04 22:35:00+00:00,3270.74,3289.66,3254.47,3261.62,42603.113
352,2025-11-04 22:40:00+00:00,3261.61,3261.61,3243.53,3250.91,20726.182
353,2025-11-04 22:45:00+00:00,3250.87,3259.25,3242.0,3242.83,15224.027
354,2025-11-04 22:50:00+00:00,3242.83,3242.83,3226.11,3228.48,36844.174
355,2025-11-04 22:55:00+00:00,3228.47,3246.65,3227.19,3246.44,22162.032
356,2025-11-04 23:00:00+00:00,3246.43,3284.73,3241.06,3280.29,113648.401
357,2025-11-04 23:05:00+00:00,3280.29,3305.75,3265.9,3268.28,78560.761
358,2025-11-04 23:10:00+00:00,3268.29,3284.01,3262.27,3272.04,43160.801
359,2025-11-04 23:15:00+00:00,3272.04,3277.27,3262.14,3263.8,19413.53
360,2025-11-04 23:20:00+00:00,3263.79,3271.88,3258.1,3270.39,12791.629
361,2025-11-04 23:25:00+00:00,3270.4,3275.86,3266.24,3270.51,13024.044
362,2025-11-04 23:30:00+00:00,3270.51,3276.72,3266.89,3270.6,11907.94
363,2025-11-04 23:35:00+00:00,3270.6,3283.67,3270.59,3274.55,18082.866
364,2025-11-04 23:40:00+00:00,3274.55,3289.76,3272.32,3289.19,15576.029
365,2025-11-04 23:45:00+00:00,3289.19,3295.88,3283.15,3284.96,20007.999
366,2025-11-04 23:50:00+00:00,3284.97,3299.0,3282.91,3294.03,21541.891
367,2025-11-04 23:55:00+00:00,3294.04,3299.99,3283.8,3285.28,21280.135
368,2025-11-05 00:00:00+00:00,3285.28,3300.0,3276.6,3280.93,26514.326
369,2025-11-05 00:05:00+00:00,3280.93,3286.44,3271.17,3272.47,15762.773
370,2025-11-05 00:10:00+00:00,3272.48,3276.02,3269.19,3270.72,12297.685
371,2025-11-05 00:15:00+00:00,3270.73,3281.53,3258.74,3281.27,28801.847
372,2025-11-05 00:20:00+00:00,3281.27,3287.5,3267.18,3268.33,17007.723
373,2025-11-05 00:25:00+00:00,3268.32,3268.52,3249.58,3252.95,35133.284
374,2025-11-05 00:30:00+00:00,3252.96,3257.31,3242.0,3248.8,40316.732
375,2025-11-05 00:35:00+00:00,3248.79,3257.34,3239.0,3248.81,25446.182
376,2025-11-05 00:40:00+00:00,3248.81,3248.82,3227.66,3227.72,22336.59
377,2025-11-05 00:45:00+00:00,3227.73,3237.59,3227.21,3233.55,24203.543
378,2025-11-05 00:50:00+00:00,3233.55,3246.3,3228.52,3244.8,22225.928
379,2025-11-05 00:55:00+00:00,3244.81,3248.27,3237.11,3239.03,14961.888
380,2025-11-05 01:00:00+00:00,3239.04,3241.0,3214.09,3215.68,22810.666
381,2025-11-05 01:05:00+00:00,3215.69,3222.68,3199.03,3206.47,47360.469
382,2025-11-05 01:10:00+00:00,3206.47,3226.59,3206.47,3223.14,27482.642
383,2025-11-05 01:15:00+00:00,3223.15,3224.14,3185.18,3189.23,41735.963
384,2025-11-05 01:20:00+00:00,3189.22,3201.99,3174.01,3182.52,46163.083
385,2025-11-05 01:25:00+00:00,3182.53,3188.47,3165.41,3179.13,44408.485
386,2025-11-05 01:30:00+00:00,3179.12,3204.59,3171.59,3185.27,52164.784
387,2025-11-05 01:35:00+00:00,3185.28,3198.01,3167.01,3168.57,42546.36
388,2025-11-05 01:40:00+00:00,3168.58,3190.23,3167.97,3179.68,30562.422
389,2025-11-05 01:45:00+00:00,3179.67,3217.0,3176.16,3211.0,49573.088
390,2025-11-05 01:50:00+00:00,3210.99,3239.38,3205.23,3238.71,50232.773
391,2025-11-05 01:55:00+00:00,3238.71,3253.61,3233.44,3241.91,55354.021
392,2025-11-05 02:00:00+00:00,3241.9,3279.22,3241.59,3266.86,58081.069
393,2025-11-05 02:05:00+00:00,3266.85,3284.8,3265.43,3270.14,43844.432
394,2025-11-05 02:10:00+00:00,3270.14,3277.5,3253.71,3264.27,34196.67
395,2025-11-05 02:15:00+00:00,3264.26,3278.76,3250.0,3274.92,24576.807
396,2025-11-05 02:20:00+00:00,3274.91,3280.89,3264.12,3277.92,24008.485
397,2025-11-05 02:25:00+00:00,3277.92,3277.92,3258.24,3265.0,15921.891
398,2025-11-05 02:30:00+00:00,3265.0,3276.0,3258.01,3273.39,16664.091
399,2025-11-05 02:35:00+00:00,3273.4,3283.73,3267.77,3280.88,20153.064
400,2025-11-05 02:40:00+00:00,3280.89,3291.87,3273.08,3291.26,28669.127
401,2025-11-05 02:45:00+00:00,3291.26,3305.42,3286.2,3298.75,103199.475
402,2025-11-05 02:50:00+00:00,3298.75,3313.44,3292.59,3306.33,37974.4
403,2025-11-05 02:55:00+00:00,3306.32,3325.74,3303.0,3323.88,29189.835
404,2025-11-05 03:00:00+00:00,3323.85,3332.98,3308.0,3330.79,34870.068
405,2025-11-05 03:05:00+00:00,3330.79,3333.23,3314.56,3320.16,20432.104
406,2025-11-05 03:10:00+00:00,3320.18,3321.72,3311.96,3315.63,15393.694
407,2025-11-05 03:15:00+00:00,3315.63,3319.0,3303.8,3307.56,29870.385
408,2025-11-05 03:20:00+00:00,3307.55,3323.74,3306.53,3320.73,20569.39
409,2025-11-05 03:25:00+00:00,3320.74,3332.94,3320.12,3327.49,18056.196
410,2025-11-05 03:30:00+00:00,3327.49,3337.91,3322.56,3336.55,21231.68
411,2025-11-05 03:35:00+00:00,3336.55,3341.0,3330.56,3337.39,21618.059
412,2025-11-05 03:40:00+00:00,3337.39,3346.34,3336.34,3343.11,24094.176
413,2025-11-05 03:45:00+00:00,3343.11,3347.75,3333.95,3334.84,31825.927
414,2025-11-05 03:50:00+00:00,3334.84,3341.17,3329.96,3337.15,15934.522
415,2025-11-05 03:55:00+00:00,3337.14,3341.22,3329.79,3333.44,15842.816
416,2025-11-05 04:00:00+00:00,3333.45,3340.88,3330.5,3335.18,11111.302
417,2025-11-05 04:05:00+00:00,3335.18,3343.27,3327.04,3328.36,18467.62
418,2025-11-05 04:10:00+00:00,3328.36,3331.67,3326.15,3326.3,16459.535
419,2025-11-05 04:15:00+00:00,3326.3,3331.0,3322.68,3324.5,16665.286
420,2025-11-05 04:20:00+00:00,3324.49,3327.83,3317.21,3318.82,18158.224
421,2025-11-05 04:25:00+00:00,3318.83,3324.08,3312.44,3313.86,18414.646
422,2025-11-05 04:30:00+00:00,3313.87,3330.6,3313.19,3318.16,21460.741
423,2025-11-05 04:35:00+00:00,3318.15,3333.26,3317.84,3327.04,13075.948
424,2025-11-05 04:40:00+00:00,3327.04,3341.82,3327.04,3337.49,9662.231
425,2025-11-05 04:45:00+00:00,3337.49,3340.53,3332.79,3338.84,7326.409
426,2025-11-05 04:50:00+00:00,3338.85,3344.76,3323.51,3323.51,16854.522
427,2025-11-05 04:55:00+00:00,3323.51,3328.42,3320.68,3328.04,6952.233
428,2025-11-05 05:00:00+00:00,3328.04,3332.52,3325.26,3332.26,8066.675
429,2025-11-05 05:05:00+00:00,3332.26,3342.99,3329.19,3341.18,12606.288
430,2025-11-05 05:10:00+00:00,3341.18,3353.8,3339.75,3345.92,26528.873
431,2025-11-05 05:15:00+00:00,3345.92,3349.79,3337.72,3339.35,10329.017
432,2025-11-05 05:20:00+00:00,3339.34,3340.21,3331.94,3332.28,8850.012
433,2025-11-05 05:25:00+00:00,3332.29,3333.76,3328.0,3332.33,7509.23
434,2025-11-05 05:30:00+00:00,3332.33,3343.5,3332.33,3340.92,7574.065
435,2025-11-05 05:35:00+00:00,3340.92,3341.5,3327.2,3335.12,11263.1
436,2025-11-05 05:40:00+00:00,3335.12,3337.31,3331.41,3332.69,4710.792
437,2025-11-05 05:45:00+00:00,3332.69,3332.69,3324.28,3326.83,10811.154
438,2025-11-05 05:50:00+00:00,3326.83,3329.66,3322.96,3325.41,10881.642
439,2025-11-05 05:55:00+00:00,3325.42,3327.95,3322.65,3324.07,6449.812
440,2025-11-05 06:00:00+00:00,3324.07,3324.59,3318.9,3320.7,8777.763
441,2025-11-05 06:05:00+00:00,3320.71,3321.83,3311.55,3318.64,25118.828
442,2025-11-05 06:10:00+00:00,3318.63,3319.77,3309.09,3315.1,20668.229
443,2025-11-05 06:15:00+00:00,3315.1,3340.0,3310.12,3334.75,31482.994
444,2025-11-05 06:20:00+00:00,3334.75,3337.3,3315.38,3322.56,21098.381
445,2025-11-05 06:25:00+00:00,3322.55,3324.45,3318.57,3323.67,8233.11
446,2025-11-05 06:30:00+00:00,3323.67,3330.0,3320.98,3329.01,14041.528
447,2025-11-05 06:35:00+00:00,3329.0,3330.92,3318.85,3320.09,8521.839
448,2025-11-05 06:40:00+00:00,3320.09,3327.12,3319.38,3324.88,4149.382
449,2025-11-05 06:45:00+00:00,3324.89,3324.9,3320.66,3324.9,3625.141
450,2025-11-05 06:50:00+00:00,3324.9,3330.56,3323.72,3326.86,4017.495
451,2025-11-05 06:55:00+00:00,3326.86,3336.45,3326.19,3335.55,6930.694
452,2025-11-05 07:00:00+00:00,3335.55,3336.68,3327.21,3327.21,22439.324
453,2025-11-05 07:05:00+00:00,3327.21,3328.01,3322.0,3326.77,6906.061
454,2025-11-05 07:10:00+00:00,3326.76,3327.31,3317.0,3323.31,9474.818
455,2025-11-05 07:15:00+00:00,3323.3,3324.07,3318.34,3319.84,5169.124
456,2025-11-05 07:20:00+00:00,3319.83,3320.96,3301.51,3315.48,25236.058
457,2025-11-05 07:25:00+00:00,3315.47,3319.78,3312.17,3318.61,6267.321
458,2025-11-05 07:30:00+00:00,3318.62,3325.56,3315.69,3323.37,7002.096
459,2025-11-05 07:35:00+00:00,3323.37,3329.31,3318.17,3329.3,5973.954
460,2025-11-05 07:40:00+00:00,3329.3,3333.0,3328.0,3333.0,7116.955
461,2025-11-05 07:45:00+00:00,3332.99,3333.33,3330.0,3330.84,7302.312
462,2025-11-05 07:50:00+00:00,3330.82,3335.86,3328.26,3335.34,13820.302
463,2025-11-05 07:55:00+00:00,3335.34,3340.0,3328.77,3329.1,16217.3
464,2025-11-05 08:00:00+00:00,3329.09,3329.19,3310.0,3313.63,22446.375
465,2025-11-05 08:05:00+00:00,3313.63,3322.84,3312.89,3322.84,8177.834
466,2025-11-05 08:10:00+00:00,3322.84,3324.39,3312.6,3314.43,10319.438
467,2025-11-05 08:15:00+00:00,3314.43,3315.68,3303.4,3305.61,15897.954
468,2025-11-05 08:20:00+00:00,3305.61,3306.25,3283.47,3286.25,51307.115
469,2025-11-05 08:25:00+00:00,3286.25,3295.53,3286.24,3291.25,21423.522
470,2025-11-05 08:30:00+00:00,3291.25,3310.28,3285.3,3304.9,24741.562
471,2025-11-05 08:35:00+00:00,3304.89,3307.81,3296.39,3298.7,15579.351
472,2025-11-05 08:40:00+00:00,3298.7,3301.85,3290.72,3294.54,14807.719
473,2025-11-05 08:45:00+00:00,3294.55,3297.83,3281.0,3289.66,26944.244
474,2025-11-05 08:50:00+00:00,3289.66,3306.79,3289.66,3299.26,21465.77
475,2025-11-05 08:55:00+00:00,3299.27,3307.06,3296.79,3299.48,11428.859
476,2025-11-05 09:00:00+00:00,3299.48,3311.33,3294.3,3304.44,13145.794
477,2025-11-05 09:05:00+00:00,3304.44,3321.17,3303.8,3317.23,23887.087
478,2025-11-05 09:10:00+00:00,3317.24,3318.23,3299.4,3303.94,16265.452
479,2025-11-05 09:15:00+00:00,3303.93,3310.58,3297.0,3297.59,11807.317
480,2025-11-05 09:20:00+00:00,3297.59,3306.6,3292.0,3300.17,15036.374
481,2025-11-05 09:25:00+00:00,3300.17,3308.88,3300.0,3308.07,5865.743
482,2025-11-05 09:30:00+00:00,3308.07,3308.08,3293.11,3296.42,8827.361
483,2025-11-05 09:35:00+00:00,3296.43,3306.87,3295.1,3306.23,12110.992
484,2025-11-05 09:40:00+00:00,3306.24,3310.94,3301.21,3305.1,7937.84
485,2025-11-05 09:45:00+00:00,3305.09,3310.0,3300.28,3308.4,7759.8
486,2025-11-05 09:50:00+00:00,3308.4,3312.02,3303.72,3306.13,4017.119
487,2025-11-05 09:55:00+00:00,3306.14,3309.33,3304.2,3306.15,4268.964
488,2025-11-05 10:00:00+00:00,3306.15,3306.87,3294.07,3299.73,16093.379
489,2025-11-05 10:05:00+00:00,3299.74,3302.66,3293.0,3295.03,8543.343
490,2025-11-05 10:10:00+00:00,3295.02,3295.41,3286.76,3291.2,14119.751
491,2025-11-05 10:15:00+00:00,3291.2,3294.4,3285.75,3289.21,8067.138
492,2025-11-05 10:20:00+00:00,3289.22,3296.68,3282.76,3295.01,11767.464
493,2025-11-05 10:25:00+00:00,3295.0,3296.96,3290.79,3294.45,5658.219
494,2025-11-05 10:30:00+00:00,3294.45,3299.06,3293.33,3295.84,5208.57
495,2025-11-05 10:35:00+00:00,3295.84,3300.72,3286.0,3289.47,11118.33
496,2025-11-05 10:40:00+00:00,3289.47,3294.76,3288.36,3292.88,5161.842
497,2025-11-05 10:45:00+00:00,3292.89,3293.97,3273.98,3280.91,20874.008
498,2025-11-05 10:50:00+00:00,3280.9,3283.49,3272.24,3274.45,16017.831
499,2025-11-05 10:55:00+00:00,3274.45,3279.02,3274.09,3274.86,11078.109
500,2025-11-05 11:00:00+00:00,3274.86,3281.52,3274.06,3280.85,12284.093
501,2025-11-05 11:05:00+00:00,3280.85,3289.45,3280.35,3288.3,11904.597
502,2025-11-05 11:10:00+00:00,3288.3,3302.56,3284.22,3292.81,22692.769
503,2025-11-05 11:15:00+00:00,3292.8,3307.9,3292.73,3293.46,29619.111
504,2025-11-05 11:20:00+00:00,3293.46,3300.52,3293.46,3300.52,9376.68
505,2025-11-05 11:25:00+00:00,3300.51,3306.68,3296.32,3298.17,26322.126
506,2025-11-05 11:30:00+00:00,3298.17,3301.79,3295.68,3299.72,16910.094
507,2025-11-05 11:35:00+00:00,3299.72,3306.29,3299.72,3305.83,7498.545
508,2025-11-05 11:40:00+00:00,3305.83,3309.99,3301.8,3305.52,10367.035
509,2025-11-05 11:45:00+00:00,3305.51,3316.84,3302.8,3315.12,24605.682
510,2025-11-05 11:50:00+00:00,3315.12,3323.98,3314.22,3316.0,27899.379
511,2025-11-05 11:55:00+00:00,3316.0,3321.6,3316.0,3320.97,15083.105
512,2025-11-05 12:00:00+00:00,3320.98,3328.93,3313.98,3314.32,20615.169
513,2025-11-05 12:05:00+00:00,3314.32,3317.26,3311.26,3315.99,13087.262
514,2025-11-05 12:10:00+00:00,3315.98,3318.45,3311.77,3316.24,9479.915
515,2025-11-05 12:15:00+00:00,3316.24,3328.11,3314.11,3326.09,14025.972
516,2025-11-05 12:20:00+00:00,3326.09,3338.6,3325.73,3337.84,40420.13
517,2025-11-05 12:25:00+00:00,3337.84,3359.02,3337.25,3352.91,70571.706
518,2025-11-05 12:30:00+00:00,3352.92,3352.92,3335.15,3337.11,26569.473
519,2025-11-05 12:35:00+00:00,3337.11,3345.97,3336.02,3338.94,16007.464
520,2025-11-05 12:40:00+00:00,3338.94,3350.41,3338.89,3349.37,21545.109
521,2025-11-05 12:45:00+00:00,3349.38,3349.38,3336.93,3340.08,14851.719
522,2025-11-05 12:50:00+00:00,3340.09,3342.41,3331.35,3333.92,17795.596
523,2025-11-05 12:55:00+00:00,3333.95,3344.19,3331.84,3343.55,12075.23
524,2025-11-05 13:00:00+00:00,3343.55,3348.0,3340.83,3343.32,12234.592
525,2025-11-05 13:05:00+00:00,3343.31,3343.31,3337.0,3339.48,10476.064
526,2025-11-05 13:10:00+00:00,3339.49,3339.49,3332.08,3333.76,11690.037
527,2025-11-05 13:15:00+00:00,3333.76,3333.77,3323.25,3325.5,29029.255
528,2025-11-05 13:20:00+00:00,3325.51,3337.99,3323.56,3331.58,18664.463
529,2025-11-05 13:25:00+00:00,3331.59,3337.37,3330.32,3330.33,8620.587
530,2025-11-05 13:30:00+00:00,3330.33,3332.8,3326.74,3329.65,8291.207
531,2025-11-05 13:35:00+00:00,3329.65,3343.97,3327.76,3343.29,13109.241
532,2025-11-05 13:40:00+00:00,3343.3,3366.53,3342.16,3349.93,50288.868
533,2025-11-05 13:45:00+00:00,3349.93,3363.98,3344.79,3352.11,37368.167
534,2025-11-05 13:50:00+00:00,3352.1,3375.0,3351.9,3373.43,50521.507
535,2025-11-05 13:55:00+00:00,3373.44,3373.44,3354.22,3358.72,28572.716
536,2025-11-05 14:00:00+00:00,3358.71,3369.41,3353.51,3364.35,22107.384
537,2025-11-05 14:05:00+00:00,3364.35,3371.16,3353.51,3353.51,19846.467
538,2025-11-05 14:10:00+00:00,3353.51,3356.59,3345.78,3347.94,15707.738
539,2025-11-05 14:15:00+00:00,3347.93,3349.03,3341.66,3346.88,18292.836
540,2025-11-05 14:20:00+00:00,3346.89,3350.0,3330.0,3336.88,29856.929
541,2025-11-05 14:25:00+00:00,3336.88,3343.39,3332.04,3339.0,18162.467
542,2025-11-05 14:30:00+00:00,3338.99,3345.57,3322.26,3323.46,37484.808
543,2025-11-05 14:35:00+00:00,3323.46,3336.09,3317.48,3334.88,50568.14
544,2025-11-05 14:40:00+00:00,3334.88,3351.53,3329.58,3331.25,48411.961
545,2025-11-05 14:45:00+00:00,3331.31,3345.89,3328.1,3344.26,21412.091
546,2025-11-05 14:50:00+00:00,3344.25,3361.49,3342.21,3354.77,39117.436
547,2025-11-05 14:55:00+00:00,3354.76,3355.39,3342.4,3347.19,14577.604
548,2025-11-05 15:00:00+00:00,3347.2,3347.69,3331.69,3338.6,25131.349
549,2025-11-05 15:05:00+00:00,3338.61,3368.76,3335.35,3365.12,34651.069
550,2025-11-05 15:10:00+00:00,3365.12,3365.35,3348.2,3351.02,18340.399
551,2025-11-05 15:15:00+00:00,3351.01,3365.34,3346.75,3359.28,16840.31
552,2025-11-05 15:20:00+00:00,3359.28,3360.89,3344.32,3358.73,22106.987
553,2025-11-05 15:25:00+00:00,3358.74,3363.0,3349.14,3356.87,13724.357
554,2025-11-05 15:30:00+00:00,3356.86,3363.83,3355.24,3359.05,11291.615
555,2025-11-05 15:35:00+00:00,3359.05,3374.76,3356.24,3372.61,28989.767
556,2025-11-05 15:40:00+00:00,3372.61,3395.0,3372.14,3380.44,84648.676
557,2025-11-05 15:45:00+00:00,3380.45,3391.46,3380.0,3388.01,25203.141
558,2025-11-05 15:50:00+00:00,3388.0,3394.39,3381.53,3393.32,18466.105
559,2025-11-05 15:55:00+00:00,3393.32,3397.67,3388.01,3396.31,19659.722
560,2025-11-05 16:00:00+00:00,3396.32,3404.66,3391.0,3397.0,66089.113
561,2025-11-05 16:05:00+00:00,3397.0,3405.0,3392.23,3397.8,23891.957
562,2025-11-05 16:10:00+00:00,3397.8,3398.0,3377.47,3379.92,46908.392
563,2025-11-05 16:15:00+00:00,3379.91,3386.37,3376.47,3384.95,19582.572
564,2025-11-05 16:20:00+00:00,3384.95,3384.95,3368.05,3375.14,27774.503
565,2025-11-05 16:25:00+00:00,3375.14,3389.44,3373.55,3388.28,19416.09
566,2025-11-05 16:30:00+00:00,3388.28,3398.8,3385.55,3396.77,28660.293
567,2025-11-05 16:35:00+00:00,3396.79,3410.0,3394.3,3403.09,60656.453
568,2025-11-05 16:40:00+00:00,3403.08,3406.08,3398.14,3402.8,34552.95
569,2025-11-05 16:45:00+00:00,3402.8,3415.28,3401.55,3413.13,25029.212
570,2025-11-05 16:50:00+00:00,3413.13,3427.94,3412.08,3427.31,44629.092
571,2025-11-05 16:55:00+00:00,3427.31,3438.0,3425.07,3435.42,49770.381
572,2025-11-05 17:00:00+00:00,3435.43,3435.43,3420.13,3421.16,33909.329
573,2025-11-05 17:05:00+00:00,3421.14,3426.17,3418.26,3419.93,18298.332
574,2025-11-05 17:10:00+00:00,3419.92,3421.62,3415.9,3417.54,16150.871
575,2025-11-05 17:15:00+00:00,3417.54,3427.36,3415.93,3425.99,16476.063
576,2025-11-05 17:20:00+00:00,3425.98,3439.27,3425.9,3437.96,22670.531
577,2025-11-05 17:25:00+00:00,3437.96,3444.96,3432.39,3435.01,23329.092
578,2025-11-05 17:30:00+00:00,3435.0,3446.82,3433.65,3439.54,25682.699
579,2025-11-05 17:35:00+00:00,3439.54,3439.55,3430.0,3433.01,15979.914
580,2025-11-05 17:40:00+00:00,3433.0,3433.15,3425.8,3431.72,12678.714
581,2025-11-05 17:45:00+00:00,3431.73,3431.99,3419.55,3423.78,17971.975
582,2025-11-05 17:50:00+00:00,3423.78,3431.28,3421.52,3431.0,8353.082
583,2025-11-05 17:55:00+00:00,3431.0,3436.42,3429.42,3433.79,10887.643
584,2025-11-05 18:00:00+00:00,3433.78,3437.77,3427.81,3437.17,10178.219
585,2025-11-05 18:05:00+00:00,3437.16,3439.04,3428.19,3430.33,7979.325
586,2025-11-05 18:10:00+00:00,3430.33,3432.64,3428.67,3430.47,4896.113
587,2025-11-05 18:15:00+00:00,3430.48,3439.0,3429.62,3434.88,9506.236
588,2025-11-05 18:20:00+00:00,3434.88,3436.5,3431.62,3434.73,7258.636
589,2025-11-05 18:25:00+00:00,3434.72,3439.98,3431.14,3439.98,6941.215
590,2025-11-05 18:30:00+00:00,3439.98,3457.44,3436.63,3443.88,33883.268
591,2025-11-05 18:35:00+00:00,3443.87,3457.54,3443.2,3457.38,19366.731
592,2025-11-05 18:40:00+00:00,3457.38,3462.36,3456.55,3458.02,20580.501
593,2025-11-05 18:45:00+00:00,3458.01,3473.84,3454.48,3471.58,34985.779
594,2025-11-05 18:50:00+00:00,3471.57,3478.5,3465.56,3472.01,28129.789
595,2025-11-05 18:55:00+00:00,3472.01,3472.6,3458.74,3460.24,13913.608
596,2025-11-05 19:00:00+00:00,3460.24,3460.24,3451.03,3453.0,16867.278
597,2025-11-05 19:05:00+00:00,3453.0,3455.09,3442.91,3448.53,15666.621
598,2025-11-05 19:10:00+00:00,3448.53,3450.76,3446.25,3447.18,7752.0
599,2025-11-05 19:15:00+00:00,3447.17,3464.89,3446.87,3454.94,25766.943
600,2025-11-05 19:20:00+00:00,3454.94,3457.58,3451.51,3456.17,6302.645
601,2025-11-05 19:25:00+00:00,3456.17,3459.98,3453.55,3453.89,4832.9
602,2025-11-05 19:30:00+00:00,3453.89,3461.64,3452.56,3460.42,6550.297
603,2025-11-05 19:35:00+00:00,3460.43,3471.07,3458.21,3469.8,13650.842
604,2025-11-05 19:40:00+00:00,3469.81,3470.5,3464.99,3465.9,6892.015
605,2025-11-05 19:45:00+00:00,3465.89,3466.5,3447.01,3448.24,20009.11
606,2025-11-05 19:50:00+00:00,3448.25,3455.3,3447.02,3454.99,10028.205
607,2025-11-05 19:55:00+00:00,3454.99,3456.37,3451.62,3453.32,5409.015
608,2025-11-05 20:00:00+00:00,3453.31,3459.1,3451.22,3458.54,8064.244
609,2025-11-05 20:05:00+00:00,3458.55,3473.12,3458.55,3465.45,12381.764
610,2025-11-05 20:10:00+00:00,3465.44,3479.0,3465.44,3477.6,21290.263
611,2025-11-05 20:15:00+00:00,3477.59,3478.99,3467.36,3471.0,9435.18
612,2025-11-05 20:20:00+00:00,3470.99,3476.17,3464.52,3468.45,9535.015
613,2025-11-05 20:25:00+00:00,3468.46,3468.46,3455.95,3456.06,13070.161
614,2025-11-05 20:30:00+00:00,3456.05,3462.95,3450.34,3460.38,14762.993
615,2025-11-05 20:35:00+00:00,3460.39,3462.43,3452.64,3458.91,11392.15
616,2025-11-05 20:40:00+00:00,3458.91,3466.64,3457.27,3461.99,8887.435
617,2025-11-05 20:45:00+00:00,3461.99,3463.1,3451.28,3456.78,10469.262
618,2025-11-05 20:50:00+00:00,3456.78,3459.17,3447.54,3456.67,14947.532
619,2025-11-05 20:55:00+00:00,3456.67,3456.67,3439.14,3449.52,30759.06
620,2025-11-05 21:00:00+00:00,3449.51,3449.52,3437.08,3444.06,26502.985
621,2025-11-05 21:05:00+00:00,3444.06,3445.53,3433.0,3433.0,23850.422
622,2025-11-05 21:10:00+00:00,3433.01,3436.78,3427.44,3433.44,15449.858
623,2025-11-05 21:15:00+00:00,3433.44,3440.48,3431.15,3436.83,16854.135
624,2025-11-05 21:20:00+00:00,3436.84,3443.76,3436.46,3441.0,7903.488
625,2025-11-05 21:25:00+00:00,3441.0,3441.12,3430.28,3435.33,6862.416
626,2025-11-05 21:30:00+00:00,3435.32,3436.79,3431.0,3436.44,6270.29
627,2025-11-05 21:35:00+00:00,3436.44,3441.9,3430.55,3434.79,8865.219
628,2025-11-05 21:40:00+00:00,3434.78,3440.93,3432.67,3436.87,7288.756
629,2025-11-05 21:45:00+00:00,3436.88,3440.43,3435.27,3440.0,4179.394
630,2025-11-05 21:50:00+00:00,3440.0,3448.33,3439.05,3441.43,13309.416
631,2025-11-05 21:55:00+00:00,3441.42,3449.98,3440.26,3440.57,12956.134
632,2025-11-05 22:00:00+00:00,3440.56,3444.0,3426.0,3428.83,15639.25
633,2025-11-05 22:05:00+00:00,3428.82,3430.02,3420.38,3424.02,20559.25
634,2025-11-05 22:10:00+00:00,3424.02,3426.75,3413.62,3414.18,16678.711
635,2025-11-05 22:15:00+00:00,3414.18,3421.94,3413.88,3417.79,10289.48
636,2025-11-05 22:20:00+00:00,3417.78,3422.26,3414.84,3421.74,8585.67
637,2025-11-05 22:25:00+00:00,3421.74,3424.55,3419.35,3419.57,6328.288
638,2025-11-05 22:30:00+00:00,3419.57,3427.33,3419.37,3426.73,4863.522
639,2025-11-05 22:35:00+00:00,3426.73,3427.33,3423.86,3426.92,3406.985
640,2025-11-05 22:40:00+00:00,3426.92,3432.52,3424.2,3428.18,6007.078
641,2025-11-05 22:45:00+00:00,3428.18,3430.3,3424.14,3427.4,3689.04
642,2025-11-05 22:50:00+00:00,3427.41,3432.54,3424.63,3424.85,5923.095
643,2025-11-05 22:55:00+00:00,3424.85,3426.55,3422.44,3422.96,4231.234
644,2025-11-05 23:00:00+00:00,3422.95,3427.68,3415.22,3416.54,11155.81
645,2025-11-05 23:05:00+00:00,3416.53,3420.0,3413.89,3418.3,9945.687
646,2025-11-05 23:10:00+00:00,3418.3,3425.86,3418.29,3424.97,6340.668
647,2025-11-05 23:15:00+00:00,3424.97,3428.55,3423.6,3425.07,4630.812
648,2025-11-05 23:20:00+00:00,3425.06,3433.43,3424.26,3428.59,7195.647
649,2025-11-05 23:25:00+00:00,3428.59,3433.8,3425.79,3430.37,5492.235
650,2025-11-05 23:30:00+00:00,3430.37,3434.54,3426.86,3430.37,4638.839
651,2025-11-05 23:35:00+00:00,3430.37,3430.51,3423.73,3424.74,5659.984
652,2025-11-05 23:40:00+00:00,3424.74,3433.94,3424.41,3433.22,6589.686
653,2025-11-05 23:45:00+00:00,3433.23,3433.23,3427.6,3428.16,4727.36
654,2025-11-05 23:50:00+00:00,3428.16,3428.16,3423.34,3423.34,5300.013
655,2025-11-05 23:55:00+00:00,3423.35,3425.64,3421.68,3423.06,4392.939
656,2025-11-06 00:00:00+00:00,3423.06,3423.06,3403.05,3405.72,31777.943
657,2025-11-06 00:05:00+00:00,3405.73,3411.1,3401.88,3409.23,16471.858
658,2025-11-06 00:10:00+00:00,3409.23,3414.62,3408.95,3410.68,9092.664
659,2025-11-06 00:15:00+00:00,3410.68,3415.02,3405.0,3407.59,8982.781
660,2025-11-06 00:20:00+00:00,3407.6,3408.06,3395.57,3396.84,22272.409
661,2025-11-06 00:25:00+00:00,3396.84,3404.21,3394.01,3402.45,13257.067
662,2025-11-06 00:30:00+00:00,3402.44,3404.17,3392.77,3396.35,10483.798
663,2025-11-06 00:35:00+00:00,3396.35,3401.98,3394.71,3397.1,7262.32
664,2025-11-06 00:40:00+00:00,3397.1,3398.61,3391.08,3396.78,10268.928
665,2025-11-06 00:45:00+00:00,3396.78,3399.51,3391.88,3399.38,8816.216
666,2025-11-06 00:50:00+00:00,3399.38,3408.57,3396.21,3408.57,9521.515
667,2025-11-06 00:55:00+00:00,3408.57,3408.65,3403.29,3405.9,5451.037
668,2025-11-06 01:00:00+00:00,3405.89,3405.89,3395.41,3396.19,5918.37
669,2025-11-06 01:05:00+00:00,3396.18,3399.42,3382.01,3388.0,28126.541
670,2025-11-06 01:10:00+00:00,3388.0,3392.4,3384.49,3389.59,11962.005
671,2025-11-06 01:15:00+00:00,3389.59,3393.8,3377.5,3379.12,19478.94
672,2025-11-06 01:20:00+00:00,3379.12,3379.44,3373.7,3376.53,14963.358
673,2025-11-06 01:25:00+00:00,3376.53,3380.44,3374.06,3380.09,12273.163
674,2025-11-06 01:30:00+00:00,3380.1,3391.78,3380.1,3389.37,11174.31
675,2025-11-06 01:35:00+00:00,3389.37,3401.36,3389.36,3397.84,15264.592
676,2025-11-06 01:40:00+00:00,3397.83,3399.98,3392.12,3397.42,10048.62
677,2025-11-06 01:45:00+00:00,3397.41,3409.71,3394.52,3400.81,21667.62
678,2025-11-06 01:50:00+00:00,3400.81,3408.25,3399.2,3404.28,9008.287
679,2025-11-06 01:55:00+00:00,3404.28,3407.93,3402.94,3404.26,5795.705
680,2025-11-06 02:00:00+00:00,3404.26,3408.85,3401.2,3401.86,10542.68
681,2025-11-06 02:05:00+00:00,3401.87,3415.0,3401.87,3405.14,14829.111
682,2025-11-06 02:10:00+00:00,3405.14,3405.41,3393.99,3395.85,18689.513
683,2025-11-06 02:15:00+00:00,3395.85,3405.29,3395.85,3402.26,7203.773
684,2025-11-06 02:20:00+00:00,3402.27,3402.75,3392.13,3392.14,7238.661
685,2025-11-06 02:25:00+00:00,3392.15,3398.12,3390.65,3396.28,6807.043
686,2025-11-06 02:30:00+00:00,3396.29,3406.69,3395.0,3402.4,7524.362
687,2025-11-06 02:35:00+00:00,3402.41,3408.41,3402.4,3406.22,5588.084
688,2025-11-06 02:40:00+00:00,3406.23,3418.6,3406.22,3413.18,17272.542
689,2025-11-06 02:45:00+00:00,3413.19,3428.95,3413.18,3427.79,32781.111
690,2025-11-06 02:50:00+00:00,3427.79,3427.8,3418.26,3420.41,10905.282
691,2025-11-06 02:55:00+00:00,3420.41,3426.27,3419.67,3420.5,5884.909
692,2025-11-06 03:00:00+00:00,3420.51,3431.09,3419.67,3431.09,10671.765
693,2025-11-06 03:05:00+00:00,3431.09,3437.0,3426.39,3436.19,17439.679
694,2025-11-06 03:10:00+00:00,3436.19,3436.2,3429.09,3432.8,7864.53
695,2025-11-06 03:15:00+00:00,3432.79,3449.37,3432.79,3446.32,23380.082
696,2025-11-06 03:20:00+00:00,3446.31,3447.92,3438.27,3441.28,16244.927
697,2025-11-06 03:25:00+00:00,3441.28,3442.13,3429.46,3430.79,12939.809
698,2025-11-06 03:30:00+00:00,3430.8,3435.08,3429.2,3430.97,9523.123
699,2025-11-06 03:35:00+00:00,3430.97,3439.64,3430.9,3437.0,5312.937
700,2025-11-06 03:40:00+00:00,3437.01,3439.0,3433.47,3435.93,4216.773
701,2025-11-06 03:45:00+00:00,3435.94,3438.69,3435.66,3438.03,3804.725
702,2025-11-06 03:50:00+00:00,3438.03,3438.04,3430.46,3432.24,5087.162
703,2025-11-06 03:55:00+00:00,3432.24,3435.54,3427.28,3431.33,9351.121
704,2025-11-06 04:00:00+00:00,3431.34,3434.98,3427.49,3430.96,6703.239
705,2025-11-06 04:05:00+00:00,3430.96,3433.65,3427.19,3430.28,6836.144
706,2025-11-06 04:10:00+00:00,3430.28,3441.87,3430.28,3439.77,9712.894
707,2025-11-06 04:15:00+00:00,3439.78,3444.18,3437.68,3441.95,6139.942
708,2025-11-06 04:20:00+00:00,3441.95,3443.51,3436.92,3439.5,2960.092
709,2025-11-06 04:25:00+00:00,3439.5,3441.09,3435.9,3437.3,5125.226
710,2025-11-06 04:30:00+00:00,3437.3,3437.3,3432.29,3436.51,3628.953
711,2025-11-06 04:35:00+00:00,3436.5,3440.97,3432.19,3437.2,5146.325
712,2025-11-06 04:40:00+00:00,3437.2,3445.35,3435.63,3445.0,3919.571
713,2025-11-06 04:45:00+00:00,3445.0,3455.0,3444.31,3451.01,19480.107
714,2025-11-06 04:50:00+00:00,3451.0,3453.0,3448.49,3449.07,5958.102
715,2025-11-06 04:55:00+00:00,3449.08,3453.57,3447.41,3450.87,6687.108
716,2025-11-06 05:00:00+00:00,3450.88,3450.88,3443.48,3445.58,8918.444
717,2025-11-06 05:05:00+00:00,3445.57,3445.57,3429.52,3431.56,13263.836
718,2025-11-06 05:10:00+00:00,3431.57,3432.56,3418.04,3421.9,30414.377
719,2025-11-06 05:15:00+00:00,3421.87,3421.9,3412.78,3418.0,24253.16
720,2025-11-06 05:20:00+00:00,3418.0,3423.73,3415.06,3419.82,12910.215
721,2025-11-06 05:25:00+00:00,3419.83,3419.83,3407.7,3411.28,15028.253
722,2025-11-06 05:30:00+00:00,3411.29,3413.39,3405.71,3408.22,11950.589
723,2025-11-06 05:35:00+00:00,3408.21,3410.7,3391.32,3394.84,31109.324
724,2025-11-06 05:40:00+00:00,3394.84,3399.79,3394.5,3396.1,12282.586
725,2025-11-06 05:45:00+00:00,3396.09,3398.98,3390.45,3393.43,15394.087
726,2025-11-06 05:50:00+00:00,3393.43,3394.22,3381.0,3381.81,26403.348
727,2025-11-06 05:55:00+00:00,3381.81,3387.55,3378.51,3387.0,21881.572
728,2025-11-06 06:00:00+00:00,3387.0,3391.8,3383.72,3388.14,15676.512
729,2025-11-06 06:05:00+00:00,3388.15,3390.02,3377.01,3380.52,18215.445
730,2025-11-06 06:10:00+00:00,3380.53,3390.97,3380.53,3389.96,10426.16
731,2025-11-06 06:15:00+00:00,3389.95,3401.84,3386.76,3390.82,24812.621
732,2025-11-06 06:20:00+00:00,3390.82,3399.41,3387.4,3393.78,14488.466
733,2025-11-06 06:25:00+00:00,3393.78,3396.84,3393.01,3396.08,4622.044
734,2025-11-06 06:30:00+00:00,3396.07,3401.38,3380.62,3389.32,19135.41
735,2025-11-06 06:35:00+00:00,3389.32,3392.1,3385.23,3386.29,6223.22
736,2025-11-06 06:40:00+00:00,3386.3,3392.22,3385.27,3391.79,6524.153
737,2025-11-06 06:45:00+00:00,3391.79,3393.49,3386.1,3392.0,5772.843
738,2025-11-06 06:50:00+00:00,3392.0,3392.43,3386.56,3387.08,4374.239
739,2025-11-06 06:55:00+00:00,3387.09,3392.44,3383.14,3383.54,5929.266
740,2025-11-06 07:00:00+00:00,3383.53,3387.26,3377.87,3380.67,11588.438
741,2025-11-06 07:05:00+00:00,3380.67,3393.86,3380.13,3390.26,10103.037
742,2025-11-06 07:10:00+00:00,3390.26,3390.27,3385.08,3386.13,3765.677
743,2025-11-06 07:15:00+00:00,3386.14,3386.14,3357.94,3368.72,59757.193
744,2025-11-06 07:20:00+00:00,3368.72,3390.7,3367.21,3390.31,21940.212
745,2025-11-06 07:25:00+00:00,3390.31,3391.24,3382.5,3385.04,18199.96
746,2025-11-06 07:30:00+00:00,3385.03,3385.04,3369.0,3369.36,18163.903
747,2025-11-06 07:35:00+00:00,3369.37,3381.81,3365.2,3366.41,13650.999
748,2025-11-06 07:40:00+00:00,3366.42,3372.4,3364.66,3370.6,10930.063
749,2025-11-06 07:45:00+00:00,3370.6,3377.57,3366.56,3373.61,7968.979
750,2025-11-06 07:50:00+00:00,3373.62,3379.64,3371.77,3375.21,8742.348
751,2025-11-06 07:55:00+00:00,3375.21,3383.22,3374.64,3378.9,8707.198
752,2025-11-06 08:00:00+00:00,3378.89,3382.85,3370.89,3373.43,10801.252
753,2025-11-06 08:05:00+00:00,3373.44,3380.64,3373.34,3378.93,5928.729
754,2025-11-06 08:10:00+00:00,3378.93,3381.44,3375.0,3381.42,6254.885
755,2025-11-06 08:15:00+00:00,3381.43,3392.0,3381.42,3389.22,27548.505
756,2025-11-06 08:20:00+00:00,3389.21,3390.93,3384.37,3387.5,9763.633
757,2025-11-06 08:25:00+00:00,3387.51,3393.47,3385.33,3388.67,6455.93
758,2025-11-06 08:30:00+00:00,3388.68,3390.3,3379.8,3382.1,6999.132
759,2025-11-06 08:35:00+00:00,3382.1,3386.78,3381.0,3382.97,4389.326
760,2025-11-06 08:40:00+00:00,3382.97,3384.62,3378.83,3379.4,5518.899
761,2025-11-06 08:45:00+00:00,3379.4,3380.39,3371.89,3373.4,13304.899
762,2025-11-06 08:50:00+00:00,3373.39,3378.84,3372.0,3377.43,8314.368
763,2025-11-06 08:55:00+00:00,3377.42,3385.68,3376.84,3383.61,13964.718
764,2025-11-06 09:00:00+00:00,3383.6,3387.93,3373.42,3374.66,12726.484
765,2025-11-06 09:05:00+00:00,3374.66,3383.08,3374.46,3381.5,6969.935
766,2025-11-06 09:10:00+00:00,3381.5,3392.55,3381.18,3392.03,11433.086
767,2025-11-06 09:15:00+00:00,3392.02,3393.05,3387.06,3389.39,10119.486
768,2025-11-06 09:20:00+00:00,3389.39,3390.36,3385.45,3386.44,4448.2
769,2025-11-06 09:25:00+00:00,3386.44,3391.35,3383.76,3384.86,5104.71
770,2025-11-06 09:30:00+00:00,3384.86,3390.39,3384.08,3387.05,6191.138
771,2025-11-06 09:35:00+00:00,3387.05,3390.15,3385.27,3389.92,3436.633
772,2025-11-06 09:40:00+00:00,3389.93,3392.0,3385.14,3386.67,4821.63
773,2025-11-06 09:45:00+00:00,3386.68,3389.89,3377.0,3378.66,11833.551
774,2025-11-06 09:50:00+00:00,3378.66,3385.56,3377.74,3383.77,7209.207
775,2025-11-06 09:55:00+00:00,3383.78,3387.63,3381.5,3381.5,4483.813
776,2025-11-06 10:00:00+00:00,3381.51,3383.37,3374.55,3375.6,11459.751
777,2025-11-06 10:05:00+00:00,3375.59,3376.03,3368.3,3368.31,18719.867
778,2025-11-06 10:10:00+00:00,3368.3,3381.7,3365.0,3375.52,19374.286
779,2025-11-06 10:15:00+00:00,3375.51,3389.99,3372.57,3386.99,16937.518
780,2025-11-06 10:20:00+00:00,3386.99,3389.39,3383.07,3385.47,8674.264
781,2025-11-06 10:25:00+00:00,3385.47,3389.25,3385.0,3386.19,6120.564
782,2025-11-06 10:30:00+00:00,3386.18,3413.95,3385.26,3411.95,30389.224
783,2025-11-06 10:35:00+00:00,3411.95,3414.3,3397.45,3399.13,36455.705
784,2025-11-06 10:40:00+00:00,3399.14,3404.12,3395.44,3397.39,12793.898
785,2025-11-06 10:45:00+00:00,3397.4,3403.99,3391.1,3394.54,18025.98
786,2025-11-06 10:50:00+00:00,3394.55,3399.0,3390.06,3397.44,9742.055
787,2025-11-06 10:55:00+00:00,3397.43,3400.57,3391.6,3392.32,6577.117
788,2025-11-06 11:00:00+00:00,3392.32,3392.48,3382.89,3384.17,12307.956
789,2025-11-06 11:05:00+00:00,3384.16,3386.65,3378.7,3386.25,12337.704
790,2025-11-06 11:10:00+00:00,3386.25,3387.37,3382.24,3385.5,6247.949
791,2025-11-06 11:15:00+00:00,3385.5,3396.43,3382.44,3395.12,9028.261
792,2025-11-06 11:20:00+00:00,3395.11,3403.04,3395.11,3397.85,15274.265
793,2025-11-06 11:25:00+00:00,3397.86,3404.98,3394.21,3402.84,7641.576
794,2025-11-06 11:30:00+00:00,3402.84,3406.81,3395.83,3397.96,14142.844
795,2025-11-06 11:35:00+00:00,3397.95,3402.72,3393.4,3398.88,8454.503
796,2025-11-06 11:40:00+00:00,3398.89,3405.0,3397.2,3398.89,6884.663
797,2025-11-06 11:45:00+00:00,3398.9,3404.46,3398.89,3400.14,3980.924
798,2025-11-06 11:50:00+00:00,3400.15,3402.0,3396.35,3397.83,5654.477
799,2025-11-06 11:55:00+00:00,3397.84,3399.3,3395.88,3397.85,8569.53
800,2025-11-06 12:00:00+00:00,3397.84,3398.99,3388.0,3389.36,13055.423
801,2025-11-06 12:05:00+00:00,3389.36,3403.94,3386.64,3393.11,15310.51
802,2025-11-06 12:10:00+00:00,3393.12,3395.05,3387.06,3387.41,7298.485
803,2025-11-06 12:15:00+00:00,3387.41,3387.42,3382.67,3386.56,10333.664
804,2025-11-06 12:20:00+00:00,3386.57,3388.29,3378.42,3379.49,12289.226
805,2025-11-06 12:25:00+00:00,3379.5,3379.86,3370.75,3372.64,19621.214
806,2025-11-06 12:30:00+00:00,3372.63,3378.8,3370.36,3377.41,12280.27
807,2025-11-06 12:35:00+00:00,3377.4,3380.99,3372.01,3374.43,9106.005
808,2025-11-06 12:40:00+00:00,3374.43,3374.43,3343.58,3347.8,74571.086
809,2025-11-06 12:45:00+00:00,3347.81,3354.18,3340.53,3349.18,47676.054
810,2025-11-06 12:50:00+00:00,3349.19,3357.59,3346.78,3349.31,17638.792
811,2025-11-06 12:55:00+00:00,3349.31,3354.03,3347.73,3347.88,7989.206
812,2025-11-06 13:00:00+00:00,3347.88,3354.2,3347.88,3350.92,10314.887
813,2025-11-06 13:05:00+00:00,3350.92,3359.6,3350.0,3357.86,10577.224
814,2025-11-06 13:10:00+00:00,3357.86,3366.36,3357.66,3365.59,14490.096
815,2025-11-06 13:15:00+00:00,3365.58,3384.54,3360.37,3380.3,39624.91
816,2025-11-06 13:20:00+00:00,3380.3,3395.56,3373.5,3395.14,21085.604
817,2025-11-06 13:25:00+00:00,3395.13,3396.76,3386.55,3390.99,21531.41
818,2025-11-06 13:30:00+00:00,3391.0,3395.48,3381.32,3384.02,17822.166
819,2025-11-06 13:35:00+00:00,3384.02,3389.24,3381.75,3386.99,6519.555
820,2025-11-06 13:40:00+00:00,3386.99,3392.7,3384.04,3391.69,6284.546
821,2025-11-06 13:45:00+00:00,3391.7,3402.03,3390.61,3392.12,19572.111
822,2025-11-06 13:50:00+00:00,3392.11,3400.0,3390.63,3390.63,8172.108
823,2025-11-06 13:55:00+00:00,3390.62,3393.73,3388.0,3389.65,7874.98
824,2025-11-06 14:00:00+00:00,3389.66,3399.02,3388.31,3390.01,9771.785
825,2025-11-06 14:05:00+00:00,3390.0,3390.06,3362.55,3363.5,56091.114
826,2025-11-06 14:10:00+00:00,3363.51,3367.94,3354.7,3365.03,29882.627
827,2025-11-06 14:15:00+00:00,3365.04,3372.0,3361.3,3369.37,12071.155
828,2025-11-06 14:20:00+00:00,3369.37,3372.0,3355.0,3355.88,12635.692
829,2025-11-06 14:25:00+00:00,3355.89,3360.76,3352.52,3360.55,12164.679
830,2025-11-06 14:30:00+00:00,3360.54,3361.3,3334.26,3336.99,59012.268
831,2025-11-06 14:35:00+00:00,3336.98,3345.64,3322.2,3335.15,78895.312
832,2025-11-06 14:40:00+00:00,3335.15,3344.98,3325.34,3335.82,36971.855
833,2025-11-06 14:45:00+00:00,3335.83,3354.91,3334.36,3340.36,29302.467
834,2025-11-06 14:50:00+00:00,3340.35,3345.61,3326.0,3326.68,31715.318
835,2025-11-06 14:55:00+00:00,3326.67,3332.98,3317.18,3327.99,42874.178
836,2025-11-06 15:00:00+00:00,3327.99,3339.99,3320.08,3330.01,64921.839
837,2025-11-06 15:05:00+00:00,3330.01,3344.0,3329.61,3336.16,32696.765
838,2025-11-06 15:10:00+00:00,3336.15,3347.89,3334.34,3335.51,34090.431
839,2025-11-06 15:15:00+00:00,3335.51,3349.16,3334.0,3343.49,36741.721
840,2025-11-06 15:20:00+00:00,3343.5,3365.0,3343.5,3351.46,41929.693
841,2025-11-06 15:25:00+00:00,3351.45,3356.0,3340.83,3342.03,19834.102
842,2025-11-06 15:30:00+00:00,3342.04,3343.42,3324.2,3333.18,36364.97
843,2025-11-06 15:35:00+00:00,3333.18,3334.23,3312.45,3312.54,44995.983
844,2025-11-06 15:40:00+00:00,3312.55,3320.79,3296.91,3298.77,90104.925
845,2025-11-06 15:45:00+00:00,3298.78,3308.92,3288.88,3294.71,64090.56
846,2025-11-06 15:50:00+00:00,3294.72,3303.09,3275.19,3301.45,116405.727
847,2025-11-06 15:55:00+00:00,3301.45,3302.8,3288.0,3300.01,46515.624
848,2025-11-06 16:00:00+00:00,3300.01,3314.41,3298.55,3312.37,52727.042
849,2025-11-06 16:05:00+00:00,3312.37,3321.97,3302.01,3304.02,33748.347
850,2025-11-06 16:10:00+00:00,3304.0,3305.19,3291.93,3292.56,27687.559
851,2025-11-06 16:15:00+00:00,3292.55,3299.09,3283.02,3283.13,26395.179
852,2025-11-06 16:20:00+00:00,3283.12,3296.91,3283.12,3294.56,20310.678
853,2025-11-06 16:25:00+00:00,3294.56,3303.74,3287.57,3302.17,20838.975
854,2025-11-06 16:30:00+00:00,3302.16,3302.16,3290.22,3293.4,17859.865
855,2025-11-06 16:35:00+00:00,3293.39,3293.4,3267.99,3272.24,40434.819
856,2025-11-06 16:40:00+00:00,3272.25,3276.81,3248.3,3259.71,107653.012
857,2025-11-06 16:45:00+00:00,3259.71,3269.12,3245.61,3250.0,55581.137
858,2025-11-06 16:50:00+00:00,3250.0,3286.71,3245.0,3281.71,60941.645
859,2025-11-06 16:55:00+00:00,3281.71,3281.71,3268.0,3275.64,26855.786
860,2025-11-06 17:00:00+00:00,3275.64,3288.69,3275.64,3285.95,33261.35
861,2025-11-06 17:05:00+00:00,3285.95,3294.0,3274.05,3293.26,26708.812
862,2025-11-06 17:10:00+00:00,3293.25,3305.0,3279.07,3280.4,37013.261
863,2025-11-06 17:15:00+00:00,3280.4,3293.0,3279.0,3285.39,20290.948
864,2025-11-06 17:20:00+00:00,3285.38,3292.45,3269.34,3290.35,33332.657
865,2025-11-06 17:25:00+00:00,3290.35,3312.34,3287.79,3306.91,43367.893
866,2025-11-06 17:30:00+00:00,3306.91,3319.0,3297.83,3304.88,35441.905
867,2025-11-06 17:35:00+00:00,3304.88,3317.44,3303.41,3303.86,19467.256
868,2025-11-06 17:40:00+00:00,3303.85,3311.9,3301.59,3308.96,16335.741
869,2025-11-06 17:45:00+00:00,3308.95,3333.49,3308.54,3329.99,44621.479
870,2025-11-06 17:50:00+00:00,3329.99,3340.0,3324.38,3331.15,30880.097
871,2025-11-06 17:55:00+00:00,3331.15,3336.75,3326.42,3328.32,12741.87
872,2025-11-06 18:00:00+00:00,3328.32,3333.83,3314.81,3314.81,21112.238
873,2025-11-06 18:05:00+00:00,3314.81,3318.0,3308.06,3309.58,29820.264
874,2025-11-06 18:10:00+00:00,3309.58,3315.37,3306.68,3313.41,15981.943
875,2025-11-06 18:15:00+00:00,3313.42,3315.56,3293.39,3302.22,31571.201
876,2025-11-06 18:20:00+00:00,3302.21,3312.19,3301.61,3310.6,27699.337
877,2025-11-06 18:25:00+00:00,3310.6,3316.2,3308.2,3309.33,14825.866
878,2025-11-06 18:30:00+00:00,3309.32,3321.77,3308.0,3318.81,15072.003
879,2025-11-06 18:35:00+00:00,3318.8,3332.87,3318.45,3331.41,17019.09
880,2025-11-06 18:40:00+00:00,3331.41,3339.57,3329.75,3334.66,19898.001
881,2025-11-06 18:45:00+00:00,3334.66,3350.0,3328.48,3348.54,30535.721
882,2025-11-06 18:50:00+00:00,3348.54,3351.81,3330.01,3335.61,32314.866
883,2025-11-06 18:55:00+00:00,3335.62,3337.93,3323.75,3327.31,24312.103
884,2025-11-06 19:00:00+00:00,3327.31,3335.2,3322.22,3332.35,20035.372
885,2025-11-06 19:05:00+00:00,3332.35,3340.0,3329.47,3331.82,14638.855
886,2025-11-06 19:10:00+00:00,3331.83,3340.0,3330.14,3338.98,7744.917
887,2025-11-06 19:15:00+00:00,3338.98,3342.0,3331.02,3336.5,11692.585
888,2025-11-06 19:20:00+00:00,3336.5,3337.54,3330.0,3330.14,4999.633
889,2025-11-06 19:25:00+00:00,3330.14,3340.42,3329.19,3336.3,8406.495
890,2025-11-06 19:30:00+00:00,3336.31,3340.0,3331.4,3333.41,9630.9
891,2025-11-06 19:35:00+00:00,3333.42,3341.19,3329.36,3329.67,12417.258
892,2025-11-06 19:40:00+00:00,3329.68,3329.68,3314.83,3321.19,25890.408
893,2025-11-06 19:45:00+00:00,3321.19,3323.88,3310.5,3314.34,16289.619
894,2025-11-06 19:50:00+00:00,3314.34,3319.32,3308.21,3317.0,10220.824
895,2025-11-06 19:55:00+00:00,3317.0,3330.98,3315.15,3324.54,14343.466
896,2025-11-06 20:00:00+00:00,3324.56,3334.75,3324.56,3330.55,9327.121
897,2025-11-06 20:05:00+00:00,3330.55,3335.43,3320.68,3322.69,10050.042
898,2025-11-06 20:10:00+00:00,3322.7,3331.01,3315.3,3316.31,9150.457
899,2025-11-06 20:15:00+00:00,3316.31,3320.91,3310.04,3312.4,12454.052
900,2025-11-06 20:20:00+00:00,3312.41,3321.61,3310.0,3321.15,8375.672
901,2025-11-06 20:25:00+00:00,3321.15,3324.4,3303.42,3306.52,11955.623
902,2025-11-06 20:30:00+00:00,3306.53,3311.15,3297.48,3311.15,14614.684
903,2025-11-06 20:35:00+00:00,3311.15,3311.34,3299.28,3299.58,7921.957
904,2025-11-06 20:40:00+00:00,3299.59,3300.82,3288.2,3291.3,21773.58
905,2025-11-06 20:45:00+00:00,3291.32,3300.6,3285.97,3296.58,14495.408
906,2025-11-06 20:50:00+00:00,3296.59,3304.22,3293.6,3294.63,12103.965
907,2025-11-06 20:55:00+00:00,3294.62,3305.64,3293.35,3305.6,12615.528
908,2025-11-06 21:00:00+00:00,3305.57,3308.0,3298.22,3299.48,8299.623
909,2025-11-06 21:05:00+00:00,3299.5,3306.69,3290.95,3304.32,14325.287
910,2025-11-06 21:10:00+00:00,3304.31,3307.06,3298.35,3299.45,6247.406
911,2025-11-06 21:15:00+00:00,3299.45,3305.02,3292.56,3302.75,12053.116
912,2025-11-06 21:20:00+00:00,3302.75,3304.46,3298.55,3304.27,7076.26
913,2025-11-06 21:25:00+00:00,3304.27,3315.86,3297.57,3314.4,9469.006
914,2025-11-06 21:30:00+00:00,3314.41,3318.0,3311.77,3316.56,6471.261
915,2025-11-06 21:35:00+00:00,3316.56,3321.42,3313.58,3319.95,5910.045
916,2025-11-06 21:40:00+00:00,3319.94,3330.32,3319.08,3322.4,11302.983
917,2025-11-06 21:45:00+00:00,3322.4,3323.58,3315.36,3316.18,4869.936
918,2025-11-06 21:50:00+00:00,3316.18,3335.0,3312.3,3329.62,14771.457
919,2025-11-06 21:55:00+00:00,3329.62,3331.44,3322.99,3324.6,8172.544
920,2025-11-06 22:00:00+00:00,3324.61,3328.75,3323.0,3327.13,3947.767
921,2025-11-06 22:05:00+00:00,3327.13,3328.83,3317.67,3318.63,7328.169
922,2025-11-06 22:10:00+00:00,3318.63,3318.64,3310.71,3311.12,8310.725
923,2025-11-06 22:15:00+00:00,3311.12,3320.9,3311.11,3320.9,3505.092
924,2025-11-06 22:20:00+00:00,3320.9,3320.92,3315.81,3319.81,4204.467
925,2025-11-06 22:25:00+00:00,3319.8,3319.8,3306.12,3311.37,7561.955
926,2025-11-06 22:30:00+00:00,3311.36,3317.56,3306.0,3311.63,3885.148
927,2025-11-06 22:35:00+00:00,3311.63,3312.62,3304.3,3305.97,10441.651
928,2025-11-06 22:40:00+00:00,3305.97,3305.97,3297.63,3302.79,5980.578
929,2025-11-06 22:45:00+00:00,3302.79,3306.93,3294.0,3306.93,6950.466
930,2025-11-06 22:50:00+00:00,3306.92,3315.59,3305.65,3315.58,6955.833
931,2025-11-06 22:55:00+00:00,3315.59,3322.0,3313.19,3317.77,6094.436
932,2025-11-06 23:00:00+00:00,3317.77,3318.0,3306.21,3308.46,7812.407
933,2025-11-06 23:05:00+00:00,3308.47,3310.07,3299.45,3302.14,10003.065
934,2025-11-06 23:10:00+00:00,3302.13,3316.56,3301.24,3311.26,5239.847
935,2025-11-06 23:15:00+00:00,3311.26,3315.23,3298.28,3298.95,7641.361
936,2025-11-06 23:20:00+00:00,3298.96,3302.0,3288.61,3302.0,29061.737
937,2025-11-06 23:25:00+00:00,3302.0,3307.58,3299.8,3303.0,6922.808
938,2025-11-06 23:30:00+00:00,3303.0,3305.86,3289.43,3295.59,8173.131
939,2025-11-06 23:35:00+00:00,3295.59,3299.14,3290.0,3293.61,5953.249
940,2025-11-06 23:40:00+00:00,3293.6,3302.56,3292.71,3302.4,4735.658
941,2025-11-06 23:45:00+00:00,3302.41,3307.8,3302.41,3305.83,5372.484
942,2025-11-06 23:50:00+00:00,3305.83,3311.14,3303.88,3309.55,4937.803
943,2025-11-06 23:55:00+00:00,3309.55,3313.84,3307.38,3313.7,6415.285
944,2025-11-07 00:00:00+00:00,3313.7,3325.23,3309.77,3320.58,13226.445
945,2025-11-07 00:05:00+00:00,3320.58,3328.19,3320.58,3321.46,12501.912
946,2025-11-07 00:10:00+00:00,3321.45,3324.53,3307.73,3316.0,14101.441
947,2025-11-07 00:15:00+00:00,3316.01,3326.57,3301.44,3301.44,15623.984
948,2025-11-07 00:20:00+00:00,3301.44,3308.64,3298.01,3304.19,11135.235
949,2025-11-07 00:25:00+00:00,3304.2,3304.51,3292.0,3299.9,10970.423
950,2025-11-07 00:30:00+00:00,3299.89,3324.89,3292.25,3323.96,14932.919
951,2025-11-07 00:35:00+00:00,3323.96,3331.25,3318.27,3322.27,20010.489
952,2025-11-07 00:40:00+00:00,3322.28,3325.49,3317.61,3323.75,7761.994
953,2025-11-07 00:45:00+00:00,3323.75,3331.23,3320.08,3327.95,8620.036
954,2025-11-07 00:50:00+00:00,3327.96,3330.4,3322.01,3326.0,10378.321
955,2025-11-07 00:55:00+00:00,3326.0,3327.9,3314.29,3323.84,10952.786
956,2025-11-07 01:00:00+00:00,3323.85,3329.41,3318.23,3328.74,7954.284
957,2025-11-07 01:05:00+00:00,3328.73,3328.74,3295.73,3297.13,20544.883
958,2025-11-07 01:10:00+00:00,3297.13,3313.59,3293.61,3308.52,20082.713
959,2025-11-07 01:15:00+00:00,3308.52,3322.0,3303.55,3318.0,14131.355
960,2025-11-07 01:20:00+00:00,3317.99,3327.0,3305.14,3326.72,17648.635
961,2025-11-07 01:25:00+00:00,3326.72,3326.72,3318.6,3320.62,9061.588
962,2025-11-07 01:30:00+00:00,3320.63,3320.67,3280.14,3282.01,34127.402
963,2025-11-07 01:35:00+00:00,3282.01,3295.73,3273.04,3295.2,39365.848
964,2025-11-07 01:40:00+00:00,3295.21,3296.0,3286.64,3290.66,12562.884
965,2025-11-07 01:45:00+00:00,3290.64,3303.84,3285.01,3292.8,18337.823
966,2025-11-07 01:50:00+00:00,3292.79,3302.84,3291.43,3300.72,6921.34
967,2025-11-07 01:55:00+00:00,3300.72,3324.2,3299.81,3323.55,20693.749
968,2025-11-07 02:00:00+00:00,3323.55,3325.99,3313.07,3318.5,16705.295
969,2025-11-07 02:05:00+00:00,3318.49,3325.7,3313.84,3322.24,7536.73
970,2025-11-07 02:10:00+00:00,3322.25,3325.2,3315.64,3315.77,7482.717
971,2025-11-07 02:15:00+00:00,3315.77,3323.87,3312.26,3316.17,7278.286
972,2025-11-07 02:20:00+00:00,3316.15,3319.44,3302.6,3309.35,11317.138
973,2025-11-07 02:25:00+00:00,3309.34,3311.05,3303.28,3303.92,4722.434
974,2025-11-07 02:30:00+00:00,3303.91,3323.0,3303.8,3321.09,10635.498
975,2025-11-07 02:35:00+00:00,3321.09,3326.0,3318.12,3322.99,7509.281
976,2025-11-07 02:40:00+00:00,3322.99,3330.33,3320.06,3326.93,11019.648
977,2025-11-07 02:45:00+00:00,3326.93,3330.44,3321.81,3328.52,8743.44
978,2025-11-07 02:50:00+00:00,3328.52,3344.16,3326.09,3341.29,19718.403
979,2025-11-07 02:55:00+00:00,3341.29,3351.55,3338.21,3345.68,24707.623
980,2025-11-07 03:00:00+00:00,3345.69,3355.26,3342.0,3353.49,20179.879
981,2025-11-07 03:05:00+00:00,3353.49,3359.0,3351.39,3354.12,18906.294
982,2025-11-07 03:10:00+00:00,3354.11,3358.2,3352.79,3356.8,13384.528
983,2025-11-07 03:15:00+00:00,3356.81,3363.0,3353.1,3361.76,16327.808
984,2025-11-07 03:20:00+00:00,3361.75,3364.0,3352.39,3358.86,10397.656
985,2025-11-07 03:25:00+00:00,3358.86,3363.61,3352.47,3360.38,9137.945
986,2025-11-07 03:30:00+00:00,3360.38,3361.14,3351.08,3354.38,8375.704
987,2025-11-07 03:35:00+00:00,3354.39,3357.03,3349.02,3352.72,6666.246
988,2025-11-07 03:40:00+00:00,3352.73,3353.6,3349.37,3351.17,5780.17
989,2025-11-07 03:45:00+00:00,3351.16,3351.16,3344.89,3347.46,7442.787
990,2025-11-07 03:50:00+00:00,3347.45,3348.0,3341.5,3342.82,7350.312
991,2025-11-07 03:55:00+00:00,3342.82,3348.15,3341.59,3343.67,5941.484
992,2025-11-07 04:00:00+00:00,3343.68,3347.21,3334.66,3340.51,14204.759
993,2025-11-07 04:05:00+00:00,3340.52,3341.41,3331.87,3333.64,12579.144
994,2025-11-07 04:10:00+00:00,3333.64,3335.73,3328.0,3328.39,11332.73
995,2025-11-07 04:15:00+00:00,3328.4,3340.87,3328.17,3337.49,10719.359
996,2025-11-07 04:20:00+00:00,3337.5,3342.0,3335.0,3339.25,8404.843
997,2025-11-07 04:25:00+00:00,3339.25,3339.68,3335.5,3339.62,4867.093
998,2025-11-07 04:30:00+00:00,3339.62,3339.62,3326.01,3326.39,8335.026
999,2025-11-07 04:35:00+00:00,3326.39,3328.7,3318.22,3318.59,16218.995
1000,2025-11-07 04:40:00+00:00,3318.59,3332.51,3318.15,3329.39,10499.606
1001,2025-11-07 04:45:00+00:00,3329.4,3332.21,3327.47,3328.85,8288.792
1002,2025-11-07 04:50:00+00:00,3328.86,3332.23,3327.19,3329.99,5898.952
1003,2025-11-07 04:55:00+00:00,3330.0,3338.71,3329.34,3336.82,9241.077
1004,2025-11-07 05:00:00+00:00,3336.82,3347.52,3336.13,3346.56,12904.931
1005,2025-11-07 05:05:00+00:00,3346.56,3357.34,3343.87,3356.47,13813.925
1006,2025-11-07 05:10:00+00:00,3356.48,3362.76,3355.29,3359.24,12059.721
1007,2025-11-07 05:15:00+00:00,3359.23,3360.61,3353.03,3358.08,12181.613
1008,2025-11-07 05:20:00+00:00,3358.08,3358.44,3350.25,3355.28,8664.188
1009,2025-11-07 05:25:00+00:00,3355.28,3358.7,3350.21,3358.04,5133.969
1010,2025-11-07 05:30:00+00:00,3358.05,3360.68,3354.38,3360.6,12523.366
1011,2025-11-07 05:35:00+00:00,3360.61,3363.86,3356.25,3361.62,21278.138
1012,2025-11-07 05:40:00+00:00,3361.62,3362.45,3356.6,3357.39,8122.165
1013,2025-11-07 05:45:00+00:00,3357.4,3359.37,3354.3,3354.74,10675.959
1014,2025-11-07 05:50:00+00:00,3354.73,3370.0,3354.73,3362.19,15103.807
1015,2025-11-07 05:55:00+00:00,3362.19,3366.19,3360.3,3365.4,4494.346
1016,2025-11-07 06:00:00+00:00,3365.41,3365.86,3360.08,3360.41,7077.919
1017,2025-11-07 06:05:00+00:00,3360.41,3361.95,3357.44,3358.4,5283.384
1018,2025-11-07 06:10:00+00:00,3358.4,3366.0,3357.77,3362.8,4550.718
1019,2025-11-07 06:15:00+00:00,3362.8,3365.5,3361.31,3363.73,4572.948
1020,2025-11-07 06:20:00+00:00,3363.73,3368.66,3363.1,3366.86,3422.946
1021,2025-11-07 06:25:00+00:00,3366.87,3366.87,3358.38,3359.33,4846.576
1022,2025-11-07 06:30:00+00:00,3359.34,3359.34,3350.52,3354.0,14058.054
1023,2025-11-07 06:35:00+00:00,3354.01,3356.44,3351.0,3353.39,4736.302
1024,2025-11-07 06:40:00+00:00,3353.4,3355.88,3351.99,3354.2,3807.609
1025,2025-11-07 06:45:00+00:00,3354.21,3354.66,3348.89,3350.78,4754.177
1026,2025-11-07 06:50:00+00:00,3350.79,3352.9,3346.83,3348.49,4995.781
1027,2025-11-07 06:55:00+00:00,3348.49,3349.15,3345.91,3346.31,5100.332
1028,2025-11-07 07:00:00+00:00,3346.3,3355.62,3346.3,3351.43,7606.791
1029,2025-11-07 07:05:00+00:00,3351.42,3359.36,3349.75,3356.01,6944.41
1030,2025-11-07 07:10:00+00:00,3356.0,3356.01,3351.14,3352.92,3868.354
1031,2025-11-07 07:15:00+00:00,3352.93,3363.0,3352.93,3359.26,7464.6
1032,2025-11-07 07:20:00+00:00,3359.26,3362.92,3347.79,3348.32,7909.716
1033,2025-11-07 07:25:00+00:00,3348.32,3348.32,3338.08,3343.92,17836.76
1034,2025-11-07 07:30:00+00:00,3343.91,3344.9,3334.19,3338.65,10903.316
1035,2025-11-07 07:35:00+00:00,3338.65,3341.55,3333.95,3338.89,8707.453
1036,2025-11-07 07:40:00+00:00,3338.89,3346.48,3338.51,3345.41,7317.664
1037,2025-11-07 07:45:00+00:00,3345.41,3356.09,3345.41,3354.97,10195.6
1038,2025-11-07 07:50:00+00:00,3354.97,3356.3,3350.64,3354.87,9012.477
1039,2025-11-07 07:55:00+00:00,3354.86,3357.49,3352.09,3356.32,5345.793
1040,2025-11-07 08:00:00+00:00,3356.31,3356.47,3351.14,3354.99,6251.683
1041,2025-11-07 08:05:00+00:00,3354.99,3359.29,3354.26,3354.32,7884.135
1042,2025-11-07 08:10:00+00:00,3354.31,3356.97,3351.33,3356.97,3671.744
1043,2025-11-07 08:15:00+00:00,3356.97,3358.34,3346.42,3347.11,6262.115
1044,2025-11-07 08:20:00+00:00,3347.12,3350.94,3341.33,3350.43,8096.451
1045,2025-11-07 08:25:00+00:00,3350.42,3354.5,3347.84,3348.25,3512.661
1046,2025-11-07 08:30:00+00:00,3348.26,3349.32,3341.51,3343.73,6541.045
1047,2025-11-07 08:35:00+00:00,3343.73,3344.86,3332.56,3335.8,11841.532
1048,2025-11-07 08:40:00+00:00,3335.8,3337.74,3332.02,3335.75,6505.935
1049,2025-11-07 08:45:00+00:00,3335.75,3338.5,3333.25,3338.49,4938.782
1050,2025-11-07 08:50:00+00:00,3338.49,3340.0,3334.67,3336.9,6398.885
1051,2025-11-07 08:55:00+00:00,3336.89,3341.6,3334.31,3340.31,4940.159
1052,2025-11-07 09:00:00+00:00,3340.3,3340.72,3328.74,3331.54,8666.633
1053,2025-11-07 09:05:00+00:00,3331.54,3332.58,3320.0,3321.46,18248.913
1054,2025-11-07 09:10:00+00:00,3321.45,3329.75,3321.2,3324.95,10579.273
1055,2025-11-07 09:15:00+00:00,3324.95,3329.15,3323.54,3327.37,4923.502
1056,2025-11-07 09:20:00+00:00,3327.37,3332.6,3311.59,3312.29,21055.403
1057,2025-11-07 09:25:00+00:00,3312.3,3313.31,3303.85,3305.42,24612.169
1058,2025-11-07 09:30:00+00:00,3305.42,3311.42,3292.0,3292.91,30479.987
1059,2025-11-07 09:35:00+00:00,3292.91,3298.65,3291.0,3291.34,22638.756
1060,2025-11-07 09:40:00+00:00,3291.34,3296.75,3288.11,3293.32,23204.862
1061,2025-11-07 09:45:00+00:00,3293.33,3296.95,3292.0,3295.92,14471.827
1062,2025-11-07 09:50:00+00:00,3295.92,3300.25,3289.21,3296.61,17668.672
1063,2025-11-07 09:55:00+00:00,3296.6,3300.9,3296.6,3299.84,8459.907
1064,2025-11-07 10:00:00+00:00,3299.84,3308.7,3293.4,3306.77,18436.099
1065,2025-11-07 10:05:00+00:00,3306.77,3309.0,3296.05,3298.17,15809.384
1066,2025-11-07 10:10:00+00:00,3298.16,3298.95,3292.0,3292.72,9353.447
1067,2025-11-07 10:15:00+00:00,3292.71,3293.12,3276.72,3283.69,46076.537
1068,2025-11-07 10:20:00+00:00,3283.69,3288.0,3275.28,3276.8,18301.111
1069,2025-11-07 10:25:00+00:00,3276.8,3284.52,3270.04,3277.81,20700.514
1070,2025-11-07 10:30:00+00:00,3277.8,3281.9,3277.29,3281.52,10930.181
1071,2025-11-07 10:35:00+00:00,3281.51,3285.66,3281.16,3284.76,6852.514
1072,2025-11-07 10:40:00+00:00,3284.76,3288.0,3282.43,3287.6,5331.67
1073,2025-11-07 10:45:00+00:00,3287.61,3288.0,3280.04,3280.04,7231.14
1074,2025-11-07 10:50:00+00:00,3280.04,3280.05,3270.03,3275.96,18024.143
1075,2025-11-07 10:55:00+00:00,3276.0,3279.36,3275.9,3279.0,4233.136
1076,2025-11-07 11:00:00+00:00,3279.0,3279.0,3263.5,3268.24,18105.246
1077,2025-11-07 11:05:00+00:00,3268.24,3275.08,3268.0,3268.0,15219.621
1078,2025-11-07 11:10:00+00:00,3268.0,3269.98,3252.01,3252.91,40937.834
1079,2025-11-07 11:15:00+00:00,3252.91,3258.93,3243.3,3248.82,50544.422
1080,2025-11-07 11:20:00+00:00,3248.82,3251.24,3231.59,3235.0,63435.585
1081,2025-11-07 11:25:00+00:00,3234.99,3240.0,3224.05,3230.79,44995.926
1082,2025-11-07 11:30:00+00:00,3230.8,3237.15,3227.0,3229.65,22192.089
1083,2025-11-07 11:35:00+00:00,3229.65,3234.94,3224.54,3232.77,20454.792
1084,2025-11-07 11:40:00+00:00,3232.79,3243.46,3232.12,3237.78,30264.392
1085,2025-11-07 11:45:00+00:00,3237.79,3245.34,3236.2,3241.16,16860.887
1086,2025-11-07 11:50:00+00:00,3241.17,3265.0,3240.84,3253.62,51718.263
1087,2025-11-07 11:55:00+00:00,3253.63,3262.73,3253.05,3258.62,25641.342
1088,2025-11-07 12:00:00+00:00,3258.61,3262.04,3254.39,3261.71,14465.815
1089,2025-11-07 12:05:00+00:00,3261.71,3275.0,3257.16,3257.67,35656.212
1090,2025-11-07 12:10:00+00:00,3257.66,3259.6,3245.3,3247.35,30945.831
1091,2025-11-07 12:15:00+00:00,3247.35,3249.48,3235.32,3236.53,21828.35
1092,2025-11-07 12:20:00+00:00,3236.54,3239.19,3228.5,3229.22,26130.911
1093,2025-11-07 12:25:00+00:00,3229.21,3231.05,3208.37,3214.21,61162.5
1094,2025-11-07 12:30:00+00:00,3214.21,3214.22,3199.04,3204.94,61387.218
1095,2025-11-07 12:35:00+00:00,3204.95,3217.06,3203.02,3212.59,38198.869
1096,2025-11-07 12:40:00+00:00,3212.58,3217.53,3208.52,3213.8,13594.227
1097,2025-11-07 12:45:00+00:00,3213.8,3213.8,3195.58,3201.91,34306.157
1098,2025-11-07 12:50:00+00:00,3201.9,3215.0,3201.71,3205.51,24946.681
1099,2025-11-07 12:55:00+00:00,3205.51,3224.1,3203.65,3221.66,30783.244
1100,2025-11-07 13:00:00+00:00,3221.67,3222.63,3213.01,3215.79,18460.9
1101,2025-11-07 13:05:00+00:00,3215.8,3226.02,3213.21,3221.34,22682.671
1102,2025-11-07 13:10:00+00:00,3221.35,3242.6,3220.52,3228.81,43970.179
1103,2025-11-07 13:15:00+00:00,3228.81,3233.98,3222.01,3232.44,18709.494
1104,2025-11-07 13:20:00+00:00,3232.48,3247.83,3232.48,3236.49,31272.214
1105,2025-11-07 13:25:00+00:00,3236.49,3245.47,3230.19,3237.68,20809.192
1106,2025-11-07 13:30:00+00:00,3237.55,3243.68,3230.6,3236.69,16925.775
1107,2025-11-07 13:35:00+00:00,3236.7,3241.8,3232.0,3238.23,10303.662
1108,2025-11-07 13:40:00+00:00,3238.23,3238.23,3225.44,3232.45,12427.308
1109,2025-11-07 13:45:00+00:00,3232.45,3242.78,3230.34,3240.93,11714.422
1110,2025-11-07 13:50:00+00:00,3240.94,3248.72,3239.17,3242.72,12857.767
1111,2025-11-07 13:55:00+00:00,3242.72,3245.46,3236.17,3239.53,11334.108
1112,2025-11-07 14:00:00+00:00,3239.52,3242.6,3233.38,3236.71,10236.577
1113,2025-11-07 14:05:00+00:00,3236.71,3237.65,3225.51,3231.48,21138.089
1114,2025-11-07 14:10:00+00:00,3231.48,3247.35,3231.48,3238.4,16248.717
1115,2025-11-07 14:15:00+00:00,3238.39,3238.67,3227.36,3234.27,11036.626
1116,2025-11-07 14:20:00+00:00,3234.26,3234.26,3223.5,3227.55,17007.368
1117,2025-11-07 14:25:00+00:00,3227.54,3235.24,3226.47,3229.44,7601.242
1118,2025-11-07 14:30:00+00:00,3229.47,3234.06,3221.0,3224.04,29437.832
1119,2025-11-07 14:35:00+00:00,3224.04,3224.04,3192.92,3198.51,75524.346
1120,2025-11-07 14:40:00+00:00,3198.52,3276.25,3197.01,3276.0,96380.064
1121,2025-11-07 14:45:00+00:00,3276.0,3284.97,3254.24,3264.02,89601.755
1122,2025-11-07 14:50:00+00:00,3264.02,3282.79,3259.4,3280.63,40174.501
1123,2025-11-07 14:55:00+00:00,3280.62,3298.28,3275.27,3286.69,54895.048
1124,2025-11-07 15:00:00+00:00,3286.65,3290.0,3268.02,3274.58,43539.914
1125,2025-11-07 15:05:00+00:00,3274.58,3291.37,3260.7,3290.66,42294.856
1126,2025-11-07 15:10:00+00:00,3290.67,3314.28,3290.0,3312.82,79396.545
1127,2025-11-07 15:15:00+00:00,3312.78,3315.0,3295.2,3302.43,51431.981
1128,2025-11-07 15:20:00+00:00,3302.43,3308.76,3291.08,3291.89,29947.474
1129,2025-11-07 15:25:00+00:00,3291.89,3317.1,3290.97,3308.33,27086.865
1130,2025-11-07 15:30:00+00:00,3308.34,3314.0,3291.97,3294.63,25657.413
1131,2025-11-07 15:35:00+00:00,3294.62,3302.53,3280.45,3282.34,30600.742
1132,2025-11-07 15:40:00+00:00,3282.35,3289.0,3280.01,3284.26,17675.578
1133,2025-11-07 15:45:00+00:00,3284.25,3303.59,3280.0,3302.8,28637.764
1134,2025-11-07 15:50:00+00:00,3302.79,3315.0,3301.45,3305.4,26565.578
1135,2025-11-07 15:55:00+00:00,3305.4,3306.42,3295.38,3295.99,13669.333
1136,2025-11-07 16:00:00+00:00,3296.0,3303.09,3289.73,3293.74,17566.778
1137,2025-11-07 16:05:00+00:00,3293.71,3297.0,3283.03,3288.7,17169.603
1138,2025-11-07 16:10:00+00:00,3288.7,3297.81,3271.76,3275.56,25352.134
1139,2025-11-07 16:15:00+00:00,3275.56,3287.99,3273.52,3287.47,14039.628
1140,2025-11-07 16:20:00+00:00,3287.46,3321.14,3285.8,3316.96,48300.883
1141,2025-11-07 16:25:00+00:00,3316.96,3332.0,3314.87,3323.89,46767.92
1142,2025-11-07 16:30:00+00:00,3323.88,3327.1,3313.13,3320.81,25149.267
1143,2025-11-07 16:35:00+00:00,3320.82,3322.0,3307.19,3308.31,18883.199
1144,2025-11-07 16:40:00+00:00,3308.3,3317.65,3302.55,3316.95,21071.075
1145,2025-11-07 16:45:00+00:00,3316.95,3319.55,3305.31,3313.63,12782.353
1146,2025-11-07 16:50:00+00:00,3313.66,3322.74,3308.52,3316.91,19858.347
1147,2025-11-07 16:55:00+00:00,3316.9,3317.93,3293.52,3307.46,22160.053
1148,2025-11-07 17:00:00+00:00,3307.47,3308.37,3296.95,3301.99,10287.697
1149,2025-11-07 17:05:00+00:00,3301.98,3306.87,3295.0,3305.4,11248.527
1150,2025-11-07 17:10:00+00:00,3305.39,3332.96,3299.34,3330.33,24885.797
1151,2025-11-07 17:15:00+00:00,3330.32,3340.0,3328.31,3333.07,34319.187
1152,2025-11-07 17:20:00+00:00,3333.07,3377.72,3330.76,3374.99,81943.989
1153,2025-11-07 17:25:00+00:00,3375.0,3386.0,3370.08,3376.92,63945.1
1154,2025-11-07 17:30:00+00:00,3376.91,3394.89,3375.06,3388.09,46249.215
1155,2025-11-07 17:35:00+00:00,3388.08,3388.08,3375.0,3380.8,20067.492
1156,2025-11-07 17:40:00+00:00,3380.8,3387.54,3375.37,3384.96,15600.236
1157,2025-11-07 17:45:00+00:00,3384.92,3388.89,3369.48,3374.13,20840.209
1158,2025-11-07 17:50:00+00:00,3374.13,3375.4,3363.82,3375.37,24893.172
1159,2025-11-07 17:55:00+00:00,3375.37,3388.52,3375.36,3384.36,18496.05
1160,2025-11-07 18:00:00+00:00,3384.37,3392.27,3380.01,3385.41,18964.165
1161,2025-11-07 18:05:00+00:00,3385.4,3395.98,3376.64,3392.45,23554.486
1162,2025-11-07 18:10:00+00:00,3392.45,3399.0,3390.77,3395.18,19073.144
1163,2025-11-07 18:15:00+00:00,3395.19,3422.0,3386.38,3417.49,48172.163
1164,2025-11-07 18:20:00+00:00,3417.5,3420.96,3393.08,3409.29,31733.794
1165,2025-11-07 18:25:00+00:00,3409.3,3421.68,3406.23,3419.41,24339.129
1166,2025-11-07 18:30:00+00:00,3419.41,3429.16,3415.0,3424.04,32187.663
1167,2025-11-07 18:35:00+00:00,3424.04,3427.36,3419.15,3426.09,12766.991
1168,2025-11-07 18:40:00+00:00,3426.09,3434.13,3422.2,3427.56,19362.285
1169,2025-11-07 18:45:00+00:00,3427.57,3430.53,3416.15,3419.3,18814.251
1170,2025-11-07 18:50:00+00:00,3419.29,3423.47,3409.84,3422.95,20610.284
1171,2025-11-07 18:55:00+00:00,3422.95,3429.52,3418.23,3424.85,12948.462
1172,2025-11-07 19:00:00+00:00,3424.84,3431.66,3418.59,3420.3,13668.2
1173,2025-11-07 19:05:00+00:00,3420.29,3427.22,3415.41,3424.11,8366.255
1174,2025-11-07 19:10:00+00:00,3424.11,3437.0,3421.08,3434.55,18994.483
1175,2025-11-07 19:15:00+00:00,3434.55,3438.5,3424.38,3426.57,24314.703
1176,2025-11-07 19:20:00+00:00,3426.58,3430.84,3423.41,3429.12,8661.469
1177,2025-11-07 19:25:00+00:00,3429.11,3430.4,3423.64,3426.64,5088.801
1178,2025-11-07 19:30:00+00:00,3426.63,3434.7,3425.97,3433.15,14148.52
1179,2025-11-07 19:35:00+00:00,3433.15,3444.07,3429.34,3442.0,14710.617
1180,2025-11-07 19:40:00+00:00,3442.0,3449.0,3441.04,3445.2,19593.954
1181,2025-11-07 19:45:00+00:00,3445.21,3446.57,3431.87,3433.33,18880.423
1182,2025-11-07 19:50:00+00:00,3433.34,3441.0,3431.84,3440.74,10723.733
1183,2025-11-07 19:55:00+00:00,3440.73,3442.63,3435.66,3441.94,5916.333
1184,2025-11-07 20:00:00+00:00,3441.93,3450.0,3438.42,3450.0,17754.251
1185,2025-11-07 20:05:00+00:00,3450.0,3450.0,3428.83,3443.71,24025.566
1186,2025-11-07 20:10:00+00:00,3443.71,3447.99,3437.75,3442.21,12497.927
1187,2025-11-07 20:15:00+00:00,3442.21,3445.95,3433.14,3438.67,11713.841
1188,2025-11-07 20:20:00+00:00,3438.67,3439.83,3430.81,3434.53,9926.919
1189,2025-11-07 20:25:00+00:00,3434.58,3446.88,3428.35,3443.08,14477.565
1190,2025-11-07 20:30:00+00:00,3443.08,3458.0,3442.94,3451.96,18468.448
1191,2025-11-07 20:35:00+00:00,3451.96,3455.0,3450.0,3452.05,14068.449
1192,2025-11-07 20:40:00+00:00,3452.05,3464.44,3452.04,3460.92,22322.699
1193,2025-11-07 20:45:00+00:00,3460.93,3463.44,3453.99,3456.02,9905.217
1194,2025-11-07 20:50:00+00:00,3456.02,3469.98,3455.78,3459.15,14963.158
1195,2025-11-07 20:55:00+00:00,3459.14,3470.0,3457.99,3463.14,21099.286
1196,2025-11-07 21:00:00+00:00,3463.14,3464.56,3451.6,3452.02,18682.668
1197,2025-11-07 21:05:00+00:00,3452.01,3457.8,3447.43,3454.54,9925.849
1198,2025-11-07 21:10:00+00:00,3454.55,3459.58,3454.55,3458.92,5393.351
1199,2025-11-07 21:15:00+00:00,3458.92,3466.49,3457.62,3463.65,5522.482
1200,2025-11-07 21:20:00+00:00,3463.65,3466.76,3460.5,3462.0,4329.287
1201,2025-11-07 21:25:00+00:00,3462.0,3468.02,3459.65,3462.85,5611.91
1202,2025-11-07 21:30:00+00:00,3462.85,3467.0,3460.19,3463.54,5243.603
1203,2025-11-07 21:35:00+00:00,3463.54,3466.44,3460.0,3461.19,4222.613
1204,2025-11-07 21:40:00+00:00,3461.2,3465.33,3460.0,3464.02,4406.419
1205,2025-11-07 21:45:00+00:00,3464.03,3464.03,3460.01,3463.8,7703.921
1206,2025-11-07 21:50:00+00:00,3463.8,3465.54,3462.15,3464.95,3008.262
1207,2025-11-07 21:55:00+00:00,3464.94,3469.58,3464.01,3467.01,6191.1
1208,2025-11-07 22:00:00+00:00,3467.02,3469.39,3463.37,3466.92,6519.805
1209,2025-11-07 22:05:00+00:00,3466.91,3472.23,3463.09,3466.88,7670.803
1210,2025-11-07 22:10:00+00:00,3466.87,3467.0,3445.54,3447.92,15471.766
1211,2025-11-07 22:15:00+00:00,3447.93,3458.16,3447.92,3453.27,8336.696
1212,2025-11-07 22:20:00+00:00,3453.26,3459.6,3453.26,3456.8,4286.092
1213,2025-11-07 22:25:00+00:00,3456.8,3459.37,3455.35,3457.64,2223.504
1214,2025-11-07 22:30:00+00:00,3457.64,3457.87,3444.95,3448.12,8273.435
1215,2025-11-07 22:35:00+00:00,3448.12,3453.0,3445.91,3446.9,6892.341
1216,2025-11-07 22:40:00+00:00,3446.91,3452.95,3445.86,3447.64,7475.742
1217,2025-11-07 22:45:00+00:00,3447.65,3455.0,3447.58,3450.67,4851.034
1218,2025-11-07 22:50:00+00:00,3450.67,3453.64,3445.97,3445.97,6038.608
1219,2025-11-07 22:55:00+00:00,3445.97,3447.92,3441.99,3444.52,9969.631
1220,2025-11-07 23:00:00+00:00,3444.52,3449.0,3439.57,3440.19,12451.419
1221,2025-11-07 23:05:00+00:00,3440.19,3446.5,3440.06,3443.52,7000.417
1222,2025-11-07 23:10:00+00:00,3443.53,3448.35,3440.37,3442.45,7117.707
1223,2025-11-07 23:15:00+00:00,3442.45,3445.34,3437.07,3437.59,5958.99
1224,2025-11-07 23:20:00+00:00,3437.59,3442.42,3436.7,3439.0,8910.234
1225,2025-11-07 23:25:00+00:00,3439.01,3440.95,3433.53,3436.26,8597.871
1226,2025-11-07 23:30:00+00:00,3436.25,3445.77,3435.83,3445.39,6449.67
1227,2025-11-07 23:35:00+00:00,3445.39,3445.43,3440.22,3444.55,4978.073
1228,2025-11-07 23:40:00+00:00,3444.55,3444.89,3433.17,3436.25,7972.868
1229,2025-11-07 23:45:00+00:00,3436.24,3440.0,3434.18,3437.32,8338.422
1230,2025-11-07 23:50:00+00:00,3437.32,3440.7,3431.11,3435.88,13521.124
1231,2025-11-07 23:55:00+00:00,3435.87,3435.87,3432.67,3434.36,4752.966
1232,2025-11-08 00:00:00+00:00,3434.37,3437.42,3425.65,3426.13,16483.137
1233,2025-11-08 00:05:00+00:00,3426.13,3436.0,3425.0,3428.44,12597.882
1234,2025-11-08 00:10:00+00:00,3428.44,3432.95,3421.26,3431.51,14523.028
1235,2025-11-08 00:15:00+00:00,3431.51,3438.76,3430.24,3438.34,9887.074
1236,2025-11-08 00:20:00+00:00,3438.34,3438.34,3428.57,3432.0,9131.541
1237,2025-11-08 00:25:00+00:00,3431.99,3431.99,3422.78,3424.86,7160.045
1238,2025-11-08 00:30:00+00:00,3424.87,3426.35,3417.12,3417.57,14983.413
1239,2025-11-08 00:35:00+00:00,3417.56,3421.59,3404.93,3415.99,23763.744
1240,2025-11-08 00:40:00+00:00,3416.0,3433.0,3416.0,3431.36,16116.775
1241,2025-11-08 00:45:00+00:00,3431.35,3447.61,3430.24,3445.69,17079.254
1242,2025-11-08 00:50:00+00:00,3445.69,3445.7,3425.32,3429.98,13824.977
1243,2025-11-08 00:55:00+00:00,3429.97,3430.72,3422.07,3423.36,8331.535
1244,2025-11-08 01:00:00+00:00,3423.36,3435.0,3420.42,3434.95,11155.688
1245,2025-11-08 01:05:00+00:00,3434.96,3444.41,3434.24,3437.32,11681.177
1246,2025-11-08 01:10:00+00:00,3437.32,3438.87,3432.55,3434.87,4636.528
1247,2025-11-08 01:15:00+00:00,3434.87,3444.71,3433.02,3443.98,6454.387
1248,2025-11-08 01:20:00+00:00,3443.97,3446.18,3439.44,3442.72,6185.115
1249,2025-11-08 01:25:00+00:00,3442.71,3444.54,3436.0,3436.0,3810.084
1250,2025-11-08 01:30:00+00:00,3436.0,3436.01,3427.62,3430.19,7144.101
1251,2025-11-08 01:35:00+00:00,3430.19,3441.99,3429.05,3441.98,5268.516
1252,2025-11-08 01:40:00+00:00,3441.99,3444.99,3435.71,3436.82,5956.609
1253,2025-11-08 01:45:00+00:00,3436.81,3439.33,3433.94,3437.09,2761.348
1254,2025-11-08 01:50:00+00:00,3437.09,3441.74,3436.14,3437.93,3017.416
1255,2025-11-08 01:55:00+00:00,3437.93,3439.18,3430.27,3436.22,6451.534
1256,2025-11-08 02:00:00+00:00,3436.23,3439.44,3433.57,3439.03,2484.129
1257,2025-11-08 02:05:00+00:00,3439.03,3440.39,3431.02,3435.91,4443.056
1258,2025-11-08 02:10:00+00:00,3435.91,3457.0,3435.15,3447.45,21140.474
1259,2025-11-08 02:15:00+00:00,3447.46,3457.0,3444.54,3453.1,9150.502
1260,2025-11-08 02:20:00+00:00,3453.09,3457.99,3451.0,3452.82,10129.871
1261,2025-11-08 02:25:00+00:00,3452.81,3453.73,3448.54,3450.85,6522.071
1262,2025-11-08 02:30:00+00:00,3450.84,3455.42,3448.46,3454.41,6020.251
1263,2025-11-08 02:35:00+00:00,3454.41,3458.14,3452.22,3456.06,7120.274
1264,2025-11-08 02:40:00+00:00,3456.06,3458.89,3452.5,3453.55,6521.964
1265,2025-11-08 02:45:00+00:00,3453.56,3456.9,3451.5,3453.88,4712.692
1266,2025-11-08 02:50:00+00:00,3453.88,3453.97,3438.11,3439.62,10237.35
1267,2025-11-08 02:55:00+00:00,3439.62,3443.0,3439.22,3439.6,7048.154
1268,2025-11-08 03:00:00+00:00,3439.6,3452.0,3438.28,3451.89,5978.865
1269,2025-11-08 03:05:00+00:00,3451.89,3456.5,3449.78,3450.67,7403.015
1270,2025-11-08 03:10:00+00:00,3450.67,3450.91,3443.03,3446.16,6090.661
1271,2025-11-08 03:15:00+00:00,3446.16,3453.99,3443.18,3452.74,5456.412
1272,2025-11-08 03:20:00+00:00,3452.74,3456.0,3450.83,3453.29,4497.5
1273,2025-11-08 03:25:00+00:00,3453.3,3456.15,3452.0,3453.91,2986.162
1274,2025-11-08 03:30:00+00:00,3453.91,3460.91,3448.0,3457.11,7626.824
1275,2025-11-08 03:35:00+00:00,3457.12,3460.0,3451.95,3459.43,14586.258
1276,2025-11-08 03:40:00+00:00,3459.44,3459.44,3444.57,3454.41,14449.986
1277,2025-11-08 03:45:00+00:00,3454.41,3465.77,3454.4,3463.25,19692.588
1278,2025-11-08 03:50:00+00:00,3463.26,3464.0,3455.2,3458.49,7973.897
1279,2025-11-08 03:55:00+00:00,3458.5,3459.88,3452.19,3452.5,8677.196
1280,2025-11-08 04:00:00+00:00,3452.51,3462.7,3452.51,3462.7,5934.584
1281,2025-11-08 04:05:00+00:00,3462.69,3462.69,3454.34,3458.97,5742.575
1282,2025-11-08 04:10:00+00:00,3458.96,3464.63,3458.0,3458.9,5894.221
1283,2025-11-08 04:15:00+00:00,3458.89,3463.84,3457.71,3460.44,5383.175
1284,2025-11-08 04:20:00+00:00,3460.44,3470.96,3457.0,3458.51,18437.003
1285,2025-11-08 04:25:00+00:00,3458.51,3460.0,3448.39,3449.98,13246.502
1286,2025-11-08 04:30:00+00:00,3449.98,3458.5,3447.53,3457.31,12526.189
1287,2025-11-08 04:35:00+00:00,3457.3,3466.45,3456.11,3465.0,10891.052
1288,2025-11-08 04:40:00+00:00,3464.99,3490.0,3463.91,3471.93,38756.382
1289,2025-11-08 04:45:00+00:00,3471.92,3477.82,3467.17,3467.32,12282.078
1290,2025-11-08 04:50:00+00:00,3467.33,3468.05,3459.81,3460.37,8284.619
1291,2025-11-08 04:55:00+00:00,3460.37,3461.6,3455.6,3457.13,8442.161
1292,2025-11-08 05:00:00+00:00,3457.12,3464.36,3456.34,3463.52,7705.187
1293,2025-11-08 05:05:00+00:00,3463.52,3465.49,3458.42,3458.42,4383.712
1294,2025-11-08 05:10:00+00:00,3458.43,3458.43,3439.32,3445.32,26633.035
1295,2025-11-08 05:15:00+00:00,3445.31,3450.64,3437.85,3440.3,15440.762
1296,2025-11-08 05:20:00+00:00,3440.3,3445.51,3435.19,3440.38,12647.471
1297,2025-11-08 05:25:00+00:00,3440.39,3447.44,3438.58,3444.06,8013.248
1298,2025-11-08 05:30:00+00:00,3444.06,3447.38,3441.26,3443.02,5720.591
1299,2025-11-08 05:35:00+00:00,3443.03,3443.98,3434.16,3435.65,8677.021
1300,2025-11-08 05:40:00+00:00,3435.65,3440.0,3431.88,3438.25,9803.655
1301,2025-11-08 05:45:00+00:00,3438.25,3442.89,3435.89,3436.1,5738.31
1302,2025-11-08 05:50:00+00:00,3436.1,3438.0,3433.59,3435.04,5158.457
1303,2025-11-08 05:55:00+00:00,3435.05,3436.95,3422.84,3429.86,24366.392
1304,2025-11-08 06:00:00+00:00,3429.86,3434.52,3423.98,3425.69,14746.188
1305,2025-11-08 06:05:00+00:00,3425.68,3434.21,3422.15,3429.38,16318.64
1306,2025-11-08 06:10:00+00:00,3429.39,3433.48,3414.49,3419.63,24924.556
1307,2025-11-08 06:15:00+00:00,3419.64,3442.99,3419.14,3436.84,37953.271
1308,2025-11-08 06:20:00+00:00,3436.84,3448.36,3435.7,3445.85,14542.775
1309,2025-11-08 06:25:00+00:00,3445.85,3447.06,3437.49,3443.42,7065.953
1310,2025-11-08 06:30:00+00:00,3443.42,3450.84,3442.5,3446.83,7993.918
1311,2025-11-08 06:35:00+00:00,3446.83,3454.29,3444.02,3450.37,12139.89
1312,2025-11-08 06:40:00+00:00,3450.37,3454.43,3448.38,3448.7,6489.247
1313,2025-11-08 06:45:00+00:00,3448.7,3454.07,3447.92,3452.62,4302.783
1314,2025-11-08 06:50:00+00:00,3452.62,3453.31,3443.42,3443.42,6738.81
1315,2025-11-08 06:55:00+00:00,3443.43,3445.0,3440.87,3443.75,7067.331
1316,2025-11-08 07:00:00+00:00,3443.75,3444.94,3438.21,3440.49,8227.291
1317,2025-11-08 07:05:00+00:00,3440.49,3442.86,3435.23,3436.45,7390.366
1318,2025-11-08 07:10:00+00:00,3436.44,3439.75,3435.16,3439.34,4849.258
1319,2025-11-08 07:15:00+00:00,3439.33,3444.36,3433.34,3439.64,7595.499
1320,2025-11-08 07:20:00+00:00,3439.63,3440.07,3426.21,3427.89,16456.517
1321,2025-11-08 07:25:00+00:00,3427.88,3433.34,3423.09,3432.58,10775.906
1322,2025-11-08 07:30:00+00:00,3432.58,3439.86,3428.06,3436.84,7340.072
1323,2025-11-08 07:35:00+00:00,3436.84,3442.02,3436.83,3441.72,6174.63
1324,2025-11-08 07:40:00+00:00,3441.72,3444.98,3440.43,3443.6,5437.114
1325,2025-11-08 07:45:00+00:00,3443.61,3447.75,3443.33,3446.44,6623.561
1326,2025-11-08 07:50:00+00:00,3446.44,3448.94,3444.24,3448.24,5843.682
1327,2025-11-08 07:55:00+00:00,3448.24,3449.99,3446.14,3446.41,6084.31
1328,2025-11-08 08:00:00+00:00,3446.41,3448.6,3441.58,3443.21,6822.473
1329,2025-11-08 08:05:00+00:00,3443.21,3453.45,3442.32,3450.97,7270.545
1330,2025-11-08 08:10:00+00:00,3450.97,3453.0,3448.09,3448.09,3200.896
1331,2025-11-08 08:15:00+00:00,3448.1,3449.68,3434.04,3440.17,10768.59
1332,2025-11-08 08:20:00+00:00,3440.17,3442.35,3437.14,3442.35,5738.202
1333,2025-11-08 08:25:00+00:00,3442.35,3456.68,3441.88,3450.91,9101.166
1334,2025-11-08 08:30:00+00:00,3450.9,3456.61,3450.16,3455.69,6354.742
1335,2025-11-08 08:35:00+00:00,3455.69,3461.16,3454.1,3459.81,9546.961
1336,2025-11-08 08:40:00+00:00,3459.81,3465.99,3459.15,3462.91,11107.535
1337,2025-11-08 08:45:00+00:00,3462.9,3468.43,3459.01,3459.95,10387.346
1338,2025-11-08 08:50:00+00:00,3459.96,3460.5,3455.34,3456.42,5270.792
1339,2025-11-08 08:55:00+00:00,3456.41,3457.95,3453.0,3453.28,4655.221
1340,2025-11-08 09:00:00+00:00,3453.28,3453.78,3449.0,3451.26,7794.281
1341,2025-11-08 09:05:00+00:00,3451.26,3453.18,3447.39,3447.51,5339.16
1342,2025-11-08 09:10:00+00:00,3447.5,3451.2,3447.39,3449.24,3046.798
1343,2025-11-08 09:15:00+00:00,3449.23,3456.3,3447.73,3453.6,3960.369
1344,2025-11-08 09:20:00+00:00,3453.6,3458.82,3453.59,3456.98,3858.703
1345,2025-11-08 09:25:00+00:00,3456.98,3462.84,3456.71,3458.83,4709.398
1346,2025-11-08 09:30:00+00:00,3458.82,3463.59,3457.03,3461.4,6761.467
1347,2025-11-08 09:35:00+00:00,3461.4,3463.07,3459.66,3460.49,3206.418
1348,2025-11-08 09:40:00+00:00,3460.49,3462.38,3455.27,3457.06,3836.832
1349,2025-11-08 09:45:00+00:00,3457.05,3458.88,3449.0,3449.97,7668.221
1350,2025-11-08 09:50:00+00:00,3449.98,3451.83,3437.05,3437.35,20040.193
1351,2025-11-08 09:55:00+00:00,3437.36,3441.61,3437.06,3438.32,9853.846
1352,2025-11-08 10:00:00+00:00,3438.32,3439.15,3435.49,3436.55,5824.118
1353,2025-11-08 10:05:00+00:00,3436.56,3441.06,3434.38,3434.38,6637.188
1354,2025-11-08 10:10:00+00:00,3434.38,3438.09,3434.38,3435.31,3665.603
1355,2025-11-08 10:15:00+00:00,3435.31,3442.5,3431.74,3441.69,19448.351
1356,2025-11-08 10:20:00+00:00,3441.69,3443.56,3439.0,3439.95,5097.562
1357,2025-11-08 10:25:00+00:00,3439.94,3447.7,3438.76,3447.0,10218.366
1358,2025-11-08 10:30:00+00:00,3447.0,3449.0,3445.95,3448.4,3562.567
1359,2025-11-08 10:35:00+00:00,3448.4,3448.41,3443.76,3447.44,3454.109
1360,2025-11-08 10:40:00+00:00,3447.44,3447.72,3442.15,3444.74,3361.752
1361,2025-11-08 10:45:00+00:00,3444.75,3448.53,3444.74,3446.57,2805.506
1362,2025-11-08 10:50:00+00:00,3446.56,3447.0,3442.33,3445.82,2738.141
1363,2025-11-08 10:55:00+00:00,3445.82,3447.46,3442.89,3444.45,3118.949
1364,2025-11-08 11:00:00+00:00,3444.45,3447.21,3441.79,3442.6,4514.762
1365,2025-11-08 11:05:00+00:00,3442.6,3446.66,3441.81,3446.4,4337.755
1366,2025-11-08 11:10:00+00:00,3446.4,3452.99,3446.39,3452.4,5184.553
1367,2025-11-08 11:15:00+00:00,3452.39,3452.4,3447.69,3451.73,2977.277
1368,2025-11-08 11:20:00+00:00,3451.74,3454.9,3448.53,3449.76,3874.392
1369,2025-11-08 11:25:00+00:00,3449.75,3450.58,3447.9,3449.55,2247.923
1370,2025-11-08 11:30:00+00:00,3449.54,3450.0,3440.02,3440.46,6628.232
1371,2025-11-08 11:35:00+00:00,3440.46,3440.46,3428.05,3430.16,19369.231
1372,2025-11-08 11:40:00+00:00,3430.15,3430.16,3417.52,3418.32,34259.673
1373,2025-11-08 11:45:00+00:00,3418.32,3424.65,3413.91,3417.81,25199.101
1374,2025-11-08 11:50:00+00:00,3417.81,3420.0,3405.5,3409.02,25396.998
1375,2025-11-08 11:55:00+00:00,3409.02,3413.88,3405.03,3411.53,24744.13
1376,2025-11-08 12:00:00+00:00,3411.54,3412.43,3405.1,3409.82,14374.709
1377,2025-11-08 12:05:00+00:00,3409.81,3414.28,3408.07,3414.12,10717.759
1378,2025-11-08 12:10:00+00:00,3414.11,3416.74,3396.0,3398.99,35226.67
1379,2025-11-08 12:15:00+00:00,3399.0,3408.71,3398.72,3403.96,15079.122
1380,2025-11-08 12:20:00+00:00,3403.96,3406.84,3398.91,3403.05,12038.143
1381,2025-11-08 12:25:00+00:00,3403.04,3413.52,3403.04,3407.44,20229.866
1382,2025-11-08 12:30:00+00:00,3407.44,3409.6,3405.25,3409.6,4676.113
1383,2025-11-08 12:35:00+00:00,3409.6,3411.4,3407.13,3407.59,9330.004
1384,2025-11-08 12:40:00+00:00,3407.59,3411.02,3403.06,3403.13,6414.426
1385,2025-11-08 12:45:00+00:00,3403.13,3407.29,3402.0,3402.94,4657.012
1386,2025-11-08 12:50:00+00:00,3402.95,3406.08,3402.55,3403.94,3484.124
1387,2025-11-08 12:55:00+00:00,3403.94,3409.33,3403.93,3407.78,5561.434
1388,2025-11-08 13:00:00+00:00,3407.78,3409.57,3405.05,3405.06,3912.43
1389,2025-11-08 13:05:00+00:00,3405.05,3405.06,3388.09,3402.85,35637.175
1390,2025-11-08 13:10:00+00:00,3402.84,3406.78,3400.52,3404.58,8389.175
1391,2025-11-08 13:15:00+00:00,3404.58,3405.88,3389.48,3396.69,20205.031
1392,2025-11-08 13:20:00+00:00,3396.68,3404.13,3395.33,3398.93,10933.609
1393,2025-11-08 13:25:00+00:00,3398.92,3401.4,3396.56,3399.85,4095.954
1394,2025-11-08 13:30:00+00:00,3399.85,3399.86,3388.77,3395.56,16019.21
1395,2025-11-08 13:35:00+00:00,3395.56,3404.27,3394.83,3403.22,12576.134
1396,2025-11-08 13:40:00+00:00,3403.22,3411.6,3401.23,3406.67,14147.041
1397,2025-11-08 13:45:00+00:00,3406.67,3407.64,3398.93,3402.73,8776.086
1398,2025-11-08 13:50:00+00:00,3402.72,3405.48,3398.24,3401.19,5324.477
1399,2025-11-08 13:55:00+00:00,3401.18,3403.33,3395.03,3395.2,8591.499
1400,2025-11-08 14:00:00+00:00,3395.21,3400.0,3391.57,3395.04,11692.889
1401,2025-11-08 14:05:00+00:00,3395.04,3395.04,3380.01,3383.32,39529.314
1402,2025-11-08 14:10:00+00:00,3383.33,3388.14,3376.09,3379.39,26139.687
1403,2025-11-08 14:15:00+00:00,3379.39,3381.31,3371.61,3373.0,17368.251
1404,2025-11-08 14:20:00+00:00,3373.0,3385.52,3372.63,3381.4,26655.964
1405,2025-11-08 14:25:00+00:00,3381.39,3386.42,3380.58,3384.37,7586.712
1406,2025-11-08 14:30:00+00:00,3384.38,3402.92,3383.46,3398.17,17479.478
1407,2025-11-08 14:35:00+00:00,3398.13,3411.46,3392.7,3402.14,28202.092
1408,2025-11-08 14:40:00+00:00,3402.14,3408.11,3400.03,3402.44,20232.275
1409,2025-11-08 14:45:00+00:00,3402.43,3405.0,3398.01,3403.51,9015.994
1410,2025-11-08 14:50:00+00:00,3403.51,3406.5,3398.7,3399.71,6892.955
1411,2025-11-08 14:55:00+00:00,3399.72,3403.0,3397.28,3398.56,5769.663
1412,2025-11-08 15:00:00+00:00,3398.57,3402.8,3394.79,3399.08,7018.59
1413,2025-11-08 15:05:00+00:00,3399.07,3400.65,3396.99,3397.41,3448.385
1414,2025-11-08 15:10:00+00:00,3397.41,3398.75,3391.83,3395.82,7967.768
1415,2025-11-08 15:15:00+00:00,3395.82,3402.8,3385.21,3387.62,11800.463
1416,2025-11-08 15:20:00+00:00,3387.62,3390.51,3376.5,3378.44,18404.219
1417,2025-11-08 15:25:00+00:00,3378.43,3382.84,3378.43,3381.52,12780.046
1418,2025-11-08 15:30:00+00:00,3381.52,3387.53,3377.34,3377.76,13983.409
1419,2025-11-08 15:35:00+00:00,3377.77,3383.38,3373.72,3380.0,10244.829
1420,2025-11-08 15:40:00+00:00,3380.0,3380.41,3367.81,3376.46,16149.205
1421,2025-11-08 15:45:00+00:00,3376.46,3385.35,3373.6,3380.35,12515.194
1422,2025-11-08 15:50:00+00:00,3380.35,3384.74,3379.05,3380.65,4694.626
1423,2025-11-08 15:55:00+00:00,3380.65,3382.07,3370.82,3375.68,9811.841
1424,2025-11-08 16:00:00+00:00,3375.69,3378.38,3362.39,3370.36,26802.343
1425,2025-11-08 16:05:00+00:00,3370.36,3376.85,3360.5,3364.2,21576.298
1426,2025-11-08 16:10:00+00:00,3364.2,3382.36,3364.03,3380.27,15423.327
1427,2025-11-08 16:15:00+00:00,3380.26,3382.94,3370.0,3371.25,13008.561
1428,2025-11-08 16:20:00+00:00,3371.26,3373.84,3363.49,3372.64,12914.794
1429,2025-11-08 16:25:00+00:00,3372.63,3375.95,3370.98,3374.69,8501.099
1430,2025-11-08 16:30:00+00:00,3374.7,3377.74,3370.01,3373.78,14701.949
1431,2025-11-08 16:35:00+00:00,3373.8,3379.86,3372.33,3378.09,6001.116
1432,2025-11-08 16:40:00+00:00,3378.09,3380.44,3368.94,3369.48,10896.231
1433,2025-11-08 16:45:00+00:00,3369.47,3370.95,3364.44,3365.66,13679.905
1434,2025-11-08 16:50:00+00:00,3365.67,3366.85,3353.31,3358.29,27852.943
1435,2025-11-08 16:55:00+00:00,3358.29,3369.0,3353.88,3366.84,14510.716
1436,2025-11-08 17:00:00+00:00,3366.85,3369.04,3361.65,3368.26,11519.711
1437,2025-11-08 17:05:00+00:00,3368.25,3369.62,3363.0,3367.27,6782.043
1438,2025-11-08 17:10:00+00:00,3367.28,3369.96,3364.11,3366.95,4140.054
1439,2025-11-08 17:15:00+00:00,3366.95,3377.04,3366.95,3374.32,7433.569
1440,2025-11-08 17:20:00+00:00,3374.31,3392.13,3373.64,3383.9,33303.816
1441,2025-11-08 17:25:00+00:00,3383.89,3392.17,3383.79,3388.76,16243.271
1442,2025-11-08 17:30:00+00:00,3388.77,3394.56,3385.28,3394.35,9530.019
1443,2025-11-08 17:35:00+00:00,3394.36,3394.92,3387.36,3390.03,9036.416
1444,2025-11-08 17:40:00+00:00,3390.02,3395.0,3390.02,3391.27,6623.589
1445,2025-11-08 17:45:00+00:00,3391.27,3397.0,3389.76,3395.59,11639.159
1446,2025-11-08 17:50:00+00:00,3395.6,3395.79,3391.16,3395.38,4781.095
1447,2025-11-08 17:55:00+00:00,3395.39,3399.0,3393.55,3397.69,8131.964
1448,2025-11-08 18:00:00+00:00,3397.69,3397.69,3391.66,3393.23,5877.364
1449,2025-11-08 18:05:00+00:00,3393.22,3394.65,3390.1,3392.18,5344.756
1450,2025-11-08 18:10:00+00:00,3392.18,3398.23,3392.18,3396.23,5342.992
1451,2025-11-08 18:15:00+00:00,3396.24,3396.44,3391.12,3392.86,5736.576
1452,2025-11-08 18:20:00+00:00,3392.87,3392.87,3385.0,3385.88,9446.71
1453,2025-11-08 18:25:00+00:00,3385.88,3388.55,3384.56,3388.29,3735.515
1454,2025-11-08 18:30:00+00:00,3388.3,3395.91,3388.3,3391.2,6389.943
1455,2025-11-08 18:35:00+00:00,3391.2,3393.8,3387.6,3393.65,2694.475
1456,2025-11-08 18:40:00+00:00,3393.66,3394.64,3392.35,3394.63,1983.265
1457,2025-11-08 18:45:00+00:00,3394.64,3399.4,3394.47,3399.29,3795.186
1458,2025-11-08 18:50:00+00:00,3399.29,3403.8,3398.55,3403.45,11851.766
1459,2025-11-08 18:55:00+00:00,3403.45,3406.46,3401.34,3401.35,12307.986
1460,2025-11-08 19:00:00+00:00,3401.34,3402.68,3398.31,3402.32,5338.036
1461,2025-11-08 19:05:00+00:00,3402.31,3405.03,3399.79,3401.44,4684.45
1462,2025-11-08 19:10:00+00:00,3401.44,3402.75,3398.35,3398.59,4301.074
1463,2025-11-08 19:15:00+00:00,3398.6,3399.57,3385.86,3387.25,13628.99
1464,2025-11-08 19:20:00+00:00,3387.25,3388.13,3362.55,3363.52,32434.234
1465,2025-11-08 19:25:00+00:00,3363.51,3372.46,3361.49,3371.75,12474.44
1466,2025-11-08 19:30:00+00:00,3371.76,3375.48,3369.42,3372.29,8981.929
1467,2025-11-08 19:35:00+00:00,3372.29,3381.86,3370.41,3380.8,7624.758
1468,2025-11-08 19:40:00+00:00,3380.8,3384.8,3380.8,3382.3,4667.117
1469,2025-11-08 19:45:00+00:00,3382.31,3387.65,3380.27,3383.94,4311.789
1470,2025-11-08 19:50:00+00:00,3383.93,3385.77,3383.01,3383.76,2913.564
1471,2025-11-08 19:55:00+00:00,3383.77,3389.29,3383.55,3387.61,3455.483
1472,2025-11-08 20:00:00+00:00,3387.62,3393.0,3386.49,3392.52,8076.64
1473,2025-11-08 20:05:00+00:00,3392.53,3394.64,3384.58,3386.29,4745.712
1474,2025-11-08 20:10:00+00:00,3386.28,3389.68,3378.4,3380.83,6279.89
1475,2025-11-08 20:15:00+00:00,3380.83,3390.5,3380.24,3390.24,3457.352
1476,2025-11-08 20:20:00+00:00,3390.25,3390.48,3384.0,3388.63,2460.674
1477,2025-11-08 20:25:00+00:00,3388.62,3391.36,3388.62,3391.36,3261.821
1478,2025-11-08 20:30:00+00:00,3391.36,3393.49,3389.54,3390.59,2348.888
1479,2025-11-08 20:35:00+00:00,3390.59,3398.0,3390.59,3396.6,4960.324
1480,2025-11-08 20:40:00+00:00,3396.61,3400.39,3394.71,3398.02,4697.199
1481,2025-11-08 20:45:00+00:00,3398.01,3402.49,3395.88,3399.55,6536.532
1482,2025-11-08 20:50:00+00:00,3399.55,3401.0,3397.09,3397.74,1963.929
1483,2025-11-08 20:55:00+00:00,3397.74,3398.34,3395.01,3396.1,5042.216
1484,2025-11-08 21:00:00+00:00,3396.1,3398.44,3394.52,3397.43,2665.434
1485,2025-11-08 21:05:00+00:00,3397.44,3398.43,3395.41,3396.92,2067.379
1486,2025-11-08 21:10:00+00:00,3396.91,3398.61,3393.0,3394.19,2967.704
1487,2025-11-08 21:15:00+00:00,3394.2,3398.0,3393.42,3397.88,2831.84
1488,2025-11-08 21:20:00+00:00,3397.87,3400.47,3395.52,3398.5,2587.974
1489,2025-11-08 21:25:00+00:00,3398.5,3402.0,3397.48,3400.97,2596.128
1490,2025-11-08 21:30:00+00:00,3400.97,3404.82,3399.37,3403.09,4115.065
1491,2025-11-08 21:35:00+00:00,3403.09,3408.0,3402.0,3402.7,8476.327
1492,2025-11-08 21:40:00+00:00,3402.71,3408.21,3402.7,3407.25,3045.082
1493,2025-11-08 21:45:00+00:00,3407.26,3408.44,3404.93,3408.07,3578.683
1494,2025-11-08 21:50:00+00:00,3408.08,3408.75,3401.45,3404.12,3864.185
1495,2025-11-08 21:55:00+00:00,3404.12,3407.0,3403.23,3404.18,1185.017
1496,2025-11-08 22:00:00+00:00,3404.19,3404.19,3398.49,3399.71,3422.323
1497,2025-11-08 22:05:00+00:00,3399.71,3400.8,3396.35,3400.8,1801.049
1498,2025-11-08 22:10:00+00:00,3400.8,3401.46,3397.49,3397.5,2025.461
1499,2025-11-08 22:15:00+00:00,3397.5,3397.65,3392.66,3396.62,2974.741
1500,2025-11-08 22:20:00+00:00,3396.61,3404.1,3396.61,3402.45,3197.404
1501,2025-11-08 22:25:00+00:00,3402.45,3403.8,3401.0,3402.07,1532.52
1502,2025-11-08 22:30:00+00:00,3402.08,3402.08,3399.4,3399.4,1750.834
1503,2025-11-08 22:35:00+00:00,3399.4,3400.36,3397.19,3398.06,1395.669
1504,2025-11-08 22:40:00+00:00,3398.07,3403.52,3397.71,3397.71,3171.95
1505,2025-11-08 22:45:00+00:00,3397.71,3405.44,3397.25,3403.58,3642.595
1506,2025-11-08 22:50:00+00:00,3403.58,3409.89,3402.87,3406.94,4192.587
1507,2025-11-08 22:55:00+00:00,3406.94,3408.72,3406.38,3407.46,3205.308
1508,2025-11-08 23:00:00+00:00,3407.45,3409.09,3404.41,3407.63,4402.484
1509,2025-11-08 23:05:00+00:00,3407.63,3408.5,3402.87,3404.79,4201.865
1510,2025-11-08 23:10:00+00:00,3404.78,3409.4,3404.48,3408.62,1820.241
1511,2025-11-08 23:15:00+00:00,3408.62,3410.79,3406.63,3406.64,3373.291
1512,2025-11-08 23:20:00+00:00,3406.63,3408.48,3406.42,3407.47,2240.119
1513,2025-11-08 23:25:00+00:00,3407.46,3408.22,3405.62,3406.8,1631.801
1514,2025-11-08 23:30:00+00:00,3406.8,3414.33,3406.8,3410.16,5654.254
1515,2025-11-08 23:35:00+00:00,3410.16,3410.17,3404.41,3406.98,2886.678
1516,2025-11-08 23:40:00+00:00,3406.98,3408.48,3405.0,3405.01,1864.091
1517,2025-11-08 23:45:00+00:00,3405.0,3406.08,3402.2,3405.24,2195.227
1518,2025-11-08 23:50:00+00:00,3405.23,3405.27,3399.89,3400.0,3035.027
1519,2025-11-08 23:55:00+00:00,3400.02,3400.28,3398.26,3400.07,2307.863
1520,2025-11-09 00:00:00+00:00,3400.08,3401.0,3397.86,3398.2,3953.457
1521,2025-11-09 00:05:00+00:00,3398.19,3399.0,3394.5,3398.09,6610.307
1522,2025-11-09 00:10:00+00:00,3398.08,3398.09,3385.25,3386.18,14733.914
1523,2025-11-09 00:15:00+00:00,3386.18,3386.18,3373.8,3374.59,11483.982
1524,2025-11-09 00:20:00+00:00,3374.58,3379.39,3372.96,3376.09,9452.258
1525,2025-11-09 00:25:00+00:00,3376.09,3376.65,3371.35,3375.01,10803.52
1526,2025-11-09 00:30:00+00:00,3375.0,3383.53,3375.0,3383.53,7073.082
1527,2025-11-09 00:35:00+00:00,3383.53,3389.99,3383.47,3389.14,6038.371
1528,2025-11-09 00:40:00+00:00,3389.15,3392.38,3388.88,3390.64,5160.03
1529,2025-11-09 00:45:00+00:00,3390.65,3391.26,3385.63,3386.35,5931.293
1530,2025-11-09 00:50:00+00:00,3386.34,3386.35,3381.96,3384.99,3960.583
1531,2025-11-09 00:55:00+00:00,3385.0,3385.23,3379.5,3383.34,3572.585
1532,2025-11-09 01:00:00+00:00,3383.34,3390.19,3380.89,3388.41,3627.093
1533,2025-11-09 01:05:00+00:00,3388.4,3397.66,3386.25,3395.28,7362.639
1534,2025-11-09 01:10:00+00:00,3395.27,3396.0,3388.56,3391.57,4000.47
1535,2025-11-09 01:15:00+00:00,3391.57,3394.2,3389.9,3391.22,2586.629
1536,2025-11-09 01:20:00+00:00,3391.23,3393.81,3389.83,3390.69,1233.409
1537,2025-11-09 01:25:00+00:00,3390.68,3390.68,3384.91,3387.94,3510.568
1538,2025-11-09 01:30:00+00:00,3387.94,3388.4,3377.74,3380.0,5067.517
1539,2025-11-09 01:35:00+00:00,3380.01,3390.15,3380.0,3390.15,3137.6
1540,2025-11-09 01:40:00+00:00,3390.15,3396.1,3388.82,3395.42,4127.532
1541,2025-11-09 01:45:00+00:00,3395.42,3403.0,3395.42,3400.52,6681.293
1542,2025-11-09 01:50:00+00:00,3400.52,3401.63,3396.07,3398.25,2370.938
1543,2025-11-09 01:55:00+00:00,3398.25,3401.0,3396.27,3399.21,4797.692
1544,2025-11-09 02:00:00+00:00,3399.21,3399.21,3395.16,3396.52,3345.413
1545,2025-11-09 02:05:00+00:00,3396.52,3397.1,3388.44,3395.0,5825.706
1546,2025-11-09 02:10:00+00:00,3395.0,3395.17,3389.29,3392.08,2727.831
1547,2025-11-09 02:15:00+00:00,3392.07,3396.61,3390.0,3394.4,2253.306
1548,2025-11-09 02:20:00+00:00,3394.41,3398.16,3393.31,3398.15,1672.599
1549,2025-11-09 02:25:00+00:00,3398.15,3398.32,3391.56,3391.68,2620.069
1550,2025-11-09 02:30:00+00:00,3391.69,3391.69,3378.23,3378.83,10499.329
1551,2025-11-09 02:35:00+00:00,3378.83,3384.66,3375.13,3375.54,9998.096
1552,2025-11-09 02:40:00+00:00,3375.53,3384.19,3374.02,3377.41,10210.201
1553,2025-11-09 02:45:00+00:00,3377.41,3385.78,3375.03,3379.89,11622.006
1554,2025-11-09 02:50:00+00:00,3379.89,3382.46,3370.25,3373.71,9510.298
1555,2025-11-09 02:55:00+00:00,3373.72,3374.37,3362.41,3366.56,18949.401
1556,2025-11-09 03:00:00+00:00,3366.56,3371.74,3365.42,3368.75,6347.951
1557,2025-11-09 03:05:00+00:00,3368.75,3372.36,3367.09,3372.36,4724.197
1558,2025-11-09 03:10:00+00:00,3372.35,3374.16,3370.0,3370.01,6186.987
1559,2025-11-09 03:15:00+00:00,3370.0,3373.36,3367.42,3370.28,3319.725
1560,2025-11-09 03:20:00+00:00,3370.28,3375.55,3360.0,3361.01,7778.916
1561,2025-11-09 03:25:00+00:00,3361.01,3363.67,3357.21,3362.39,14956.742
1562,2025-11-09 03:30:00+00:00,3362.4,3367.13,3360.56,3362.45,6377.143
1563,2025-11-09 03:35:00+00:00,3362.44,3366.34,3356.74,3360.65,8231.637
1564,2025-11-09 03:40:00+00:00,3360.65,3373.39,3360.65,3368.43,6590.61
1565,2025-11-09 03:45:00+00:00,3368.44,3374.17,3363.22,3370.42,7100.839
1566,2025-11-09 03:50:00+00:00,3370.43,3376.68,3369.56,3374.88,5834.915
1567,2025-11-09 03:55:00+00:00,3374.88,3376.9,3373.09,3374.82,3263.175
1568,2025-11-09 04:00:00+00:00,3374.82,3375.73,3371.12,3374.51,6491.93
1569,2025-11-09 04:05:00+00:00,3374.5,3375.9,3370.6,3375.0,4477.296
1570,2025-11-09 04:10:00+00:00,3375.0,3378.84,3374.48,3378.42,5033.834
1571,2025-11-09 04:15:00+00:00,3378.43,3387.92,3377.59,3382.29,12693.909
1572,2025-11-09 04:20:00+00:00,3382.3,3389.0,3382.29,3384.28,6703.821
1573,2025-11-09 04:25:00+00:00,3384.27,3386.5,3382.4,3384.41,3966.413
1574,2025-11-09 04:30:00+00:00,3384.4,3385.69,3377.89,3378.04,5712.795
1575,2025-11-09 04:35:00+00:00,3378.05,3381.84,3376.2,3377.4,8070.309
1576,2025-11-09 04:40:00+00:00,3377.4,3378.39,3372.81,3374.13,5136.93
1577,2025-11-09 04:45:00+00:00,3374.13,3374.6,3368.62,3370.72,6551.167
1578,2025-11-09 04:50:00+00:00,3370.72,3373.25,3370.0,3372.44,2606.709
1579,2025-11-09 04:55:00+00:00,3372.43,3376.26,3371.5,3373.08,2921.892
1580,2025-11-09 05:00:00+00:00,3373.08,3374.99,3371.0,3374.99,1892.747
1581,2025-11-09 05:05:00+00:00,3374.99,3384.33,3374.99,3384.0,7589.278
1582,2025-11-09 05:10:00+00:00,3384.0,3390.44,3382.98,3388.68,13425.941
1583,2025-11-09 05:15:00+00:00,3388.68,3400.76,3388.67,3395.91,20386.477
1584,2025-11-09 05:20:00+00:00,3395.91,3400.32,3393.52,3396.87,8114.224
1585,2025-11-09 05:25:00+00:00,3396.87,3406.93,3396.53,3405.24,16180.164
1586,2025-11-09 05:30:00+00:00,3405.23,3407.2,3393.01,3395.27,13418.237
1587,2025-11-09 05:35:00+00:00,3395.27,3400.08,3390.58,3399.74,5418.12
1588,2025-11-09 05:40:00+00:00,3399.74,3401.19,3396.96,3397.0,3710.617
1589,2025-11-09 05:45:00+00:00,3397.0,3403.4,3397.0,3403.4,4162.344
1590,2025-11-09 05:50:00+00:00,3403.39,3403.83,3401.7,3402.56,3481.629
1591,2025-11-09 05:55:00+00:00,3402.56,3404.02,3402.06,3403.9,3006.719
1592,2025-11-09 06:00:00+00:00,3403.9,3407.0,3400.06,3400.06,5457.488
1593,2025-11-09 06:05:00+00:00,3400.06,3403.0,3398.12,3401.35,4943.498
1594,2025-11-09 06:10:00+00:00,3401.34,3405.97,3400.73,3405.97,5324.023
1595,2025-11-09 06:15:00+00:00,3405.96,3409.69,3404.79,3408.62,9503.823
1596,2025-11-09 06:20:00+00:00,3408.63,3409.48,3407.18,3409.48,4187.777
1597,2025-11-09 06:25:00+00:00,3409.47,3409.47,3406.47,3406.84,3484.2
1598,2025-11-09 06:30:00+00:00,3406.83,3407.41,3401.21,3404.74,4437.931
1599,2025-11-09 06:35:00+00:00,3404.73,3411.93,3402.78,3411.27,4924.796
1600,2025-11-09 06:40:00+00:00,3411.26,3418.72,3411.11,3413.26,14334.654
1601,2025-11-09 06:45:00+00:00,3413.26,3414.76,3405.14,3405.96,7559.429
1602,2025-11-09 06:50:00+00:00,3405.96,3406.44,3400.98,3401.48,6097.739
1603,2025-11-09 06:55:00+00:00,3401.48,3404.34,3400.54,3403.49,3987.164
1604,2025-11-09 07:00:00+00:00,3403.5,3413.28,3401.52,3412.98,6250.66
1605,2025-11-09 07:05:00+00:00,3412.98,3413.98,3406.72,3410.17,8808.968
1606,2025-11-09 07:10:00+00:00,3410.17,3413.5,3410.0,3411.92,3707.03
1607,2025-11-09 07:15:00+00:00,3411.92,3415.2,3407.03,3409.7,5931.822
1608,2025-11-09 07:20:00+00:00,3409.7,3410.78,3406.92,3408.17,2887.94
1609,2025-11-09 07:25:00+00:00,3408.17,3412.99,3407.76,3408.95,2430.978
1610,2025-11-09 07:30:00+00:00,3408.94,3418.95,3408.94,3416.56,7450.521
1611,2025-11-09 07:35:00+00:00,3416.56,3417.01,3412.38,3415.9,3851.518
1612,2025-11-09 07:40:00+00:00,3415.91,3417.0,3414.44,3415.27,4765.112
1613,2025-11-09 07:45:00+00:00,3415.27,3416.0,3413.44,3415.99,3207.093
1614,2025-11-09 07:50:00+00:00,3416.0,3419.54,3415.29,3418.23,10232.983
1615,2025-11-09 07:55:00+00:00,3418.23,3425.68,3416.81,3421.05,12624.558
1616,2025-11-09 08:00:00+00:00,3421.06,3421.51,3416.46,3417.63,8955.688
1617,2025-11-09 08:05:00+00:00,3417.64,3418.43,3415.23,3417.15,3737.632
1618,2025-11-09 08:10:00+00:00,3417.16,3420.79,3416.2,3420.1,3232.487
1619,2025-11-09 08:15:00+00:00,3420.11,3422.94,3417.38,3418.02,7568.508
1620,2025-11-09 08:20:00+00:00,3418.02,3418.02,3408.0,3412.54,7734.337
1621,2025-11-09 08:25:00+00:00,3412.54,3413.17,3409.4,3411.79,5638.146
1622,2025-11-09 08:30:00+00:00,3411.79,3418.19,3411.78,3412.79,3296.975
1623,2025-11-09 08:35:00+00:00,3412.79,3413.7,3410.0,3411.56,3945.023
1624,2025-11-09 08:40:00+00:00,3411.55,3415.82,3411.55,3415.68,2315.012
1625,2025-11-09 08:45:00+00:00,3415.68,3416.84,3411.11,3413.5,2614.86
1626,2025-11-09 08:50:00+00:00,3413.51,3415.74,3412.85,3415.2,1948.568
1627,2025-11-09 08:55:00+00:00,3415.2,3420.19,3414.11,3420.19,2649.666
1628,2025-11-09 09:00:00+00:00,3420.19,3422.5,3418.46,3419.99,5803.54
1629,2025-11-09 09:05:00+00:00,3419.99,3432.69,3419.64,3425.29,16757.635
1630,2025-11-09 09:10:00+00:00,3425.28,3431.82,3424.32,3426.53,15023.056
1631,2025-11-09 09:15:00+00:00,3426.53,3428.88,3422.99,3428.04,7547.871
1632,2025-11-09 09:20:00+00:00,3428.03,3434.0,3427.75,3430.78,15624.194
1633,2025-11-09 09:25:00+00:00,3430.78,3431.79,3421.3,3422.92,7965.219
1634,2025-11-09 09:30:00+00:00,3422.92,3423.82,3415.32,3418.42,10507.009
1635,2025-11-09 09:35:00+00:00,3418.43,3419.71,3412.54,3417.4,6326.253
1636,2025-11-09 09:40:00+00:00,3417.4,3418.05,3412.47,3413.1,3507.163
1637,2025-11-09 09:45:00+00:00,3413.09,3414.62,3405.27,3407.96,15915.569
1638,2025-11-09 09:50:00+00:00,3407.95,3408.75,3401.16,3403.24,16920.521
1639,2025-11-09 09:55:00+00:00,3403.25,3404.48,3397.56,3399.64,14523.001
1640,2025-11-09 10:00:00+00:00,3399.65,3399.65,3390.06,3395.98,20846.879
1641,2025-11-09 10:05:00+00:00,3395.97,3395.97,3386.71,3389.4,13727.11
1642,2025-11-09 10:10:00+00:00,3389.4,3391.78,3387.27,3389.47,7909.868
1643,2025-11-09 10:15:00+00:00,3389.48,3393.94,3381.58,3383.09,15985.611
1644,2025-11-09 10:20:00+00:00,3383.08,3391.19,3380.71,3390.88,12237.879
1645,2025-11-09 10:25:00+00:00,3390.89,3396.72,3385.67,3394.21,14049.044
1646,2025-11-09 10:30:00+00:00,3394.2,3394.64,3384.35,3385.5,7847.905
1647,2025-11-09 10:35:00+00:00,3385.5,3390.0,3383.51,3389.39,4901.829
1648,2025-11-09 10:40:00+00:00,3389.39,3393.9,3389.07,3393.84,3835.702
1649,2025-11-09 10:45:00+00:00,3393.83,3400.85,3393.18,3399.0,10222.82
1650,2025-11-09 10:50:00+00:00,3399.01,3399.65,3396.22,3398.28,5811.423
1651,2025-11-09 10:55:00+00:00,3398.28,3400.45,3395.4,3400.33,3577.683
1652,2025-11-09 11:00:00+00:00,3400.34,3419.05,3400.34,3417.3,21341.786
1653,2025-11-09 11:05:00+00:00,3417.3,3419.96,3411.05,3416.39,17134.759
1654,2025-11-09 11:10:00+00:00,3416.4,3423.0,3416.16,3423.0,13178.024
1655,2025-11-09 11:15:00+00:00,3423.0,3424.16,3417.13,3419.63,9774.579
1656,2025-11-09 11:20:00+00:00,3419.62,3424.11,3419.03,3421.91,6361.793
1657,2025-11-09 11:25:00+00:00,3421.91,3423.91,3418.46,3419.11,3807.157
1658,2025-11-09 11:30:00+00:00,3419.1,3421.36,3413.75,3417.01,7394.037
1659,2025-11-09 11:35:00+00:00,3417.02,3418.18,3414.61,3416.15,4371.207
1660,2025-11-09 11:40:00+00:00,3416.14,3421.38,3415.45,3419.86,2813.2
1661,2025-11-09 11:45:00+00:00,3419.86,3428.0,3418.42,3427.48,8846.788
1662,2025-11-09 11:50:00+00:00,3427.48,3432.15,3424.56,3425.28,11373.548
1663,2025-11-09 11:55:00+00:00,3425.27,3428.0,3422.24,3426.99,5593.02
1664,2025-11-09 12:00:00+00:00,3427.0,3428.0,3423.22,3426.99,5526.474
1665,2025-11-09 12:05:00+00:00,3427.0,3429.0,3423.4,3425.89,4185.0
1666,2025-11-09 12:10:00+00:00,3425.89,3429.65,3424.5,3427.24,6426.645
1667,2025-11-09 12:15:00+00:00,3427.25,3452.45,3427.25,3448.28,57315.066
1668,2025-11-09 12:20:00+00:00,3448.28,3464.54,3443.06,3459.22,46548.533
1669,2025-11-09 12:25:00+00:00,3459.21,3459.21,3443.84,3445.94,21153.599
1670,2025-11-09 12:30:00+00:00,3445.94,3449.55,3441.28,3444.09,12233.804
1671,2025-11-09 12:35:00+00:00,3444.08,3453.42,3443.46,3447.0,7851.996
1672,2025-11-09 12:40:00+00:00,3447.0,3448.68,3443.4,3444.23,4112.994
1673,2025-11-09 12:45:00+00:00,3444.24,3448.28,3441.11,3443.06,8876.984
1674,2025-11-09 12:50:00+00:00,3443.07,3445.72,3440.44,3441.44,6292.528
1675,2025-11-09 12:55:00+00:00,3441.44,3442.68,3438.6,3440.64,10307.81
1676,2025-11-09 13:00:00+00:00,3440.64,3448.29,3440.5,3446.44,10275.576
1677,2025-11-09 13:05:00+00:00,3446.43,3454.92,3446.43,3453.58,13550.49
1678,2025-11-09 13:10:00+00:00,3453.57,3461.9,3451.0,3457.06,13515.83
1679,2025-11-09 13:15:00+00:00,3457.06,3459.71,3452.16,3453.69,5923.538
1680,2025-11-09 13:20:00+00:00,3453.69,3455.0,3446.84,3449.52,7875.608
1681,2025-11-09 13:25:00+00:00,3449.53,3451.18,3448.0,3449.97,7170.139
1682,2025-11-09 13:30:00+00:00,3449.98,3457.17,3445.62,3450.02,10053.876
1683,2025-11-09 13:35:00+00:00,3450.03,3452.68,3446.5,3451.25,6653.931
1684,2025-11-09 13:40:00+00:00,3451.25,3453.0,3447.46,3453.0,5190.127
1685,2025-11-09 13:45:00+00:00,3452.99,3457.63,3450.3,3457.62,8820.037
1686,2025-11-09 13:50:00+00:00,3457.62,3463.0,3456.9,3459.0,14307.915
1687,2025-11-09 13:55:00+00:00,3459.0,3460.47,3453.91,3456.72,9421.054
1688,2025-11-09 14:00:00+00:00,3456.71,3461.6,3451.77,3456.72,9804.271
1689,2025-11-09 14:05:00+00:00,3456.71,3475.0,3454.8,3468.17,29201.803
1690,2025-11-09 14:10:00+00:00,3468.16,3475.35,3465.21,3467.66,24305.238
1691,2025-11-09 14:15:00+00:00,3467.66,3487.98,3465.78,3487.55,46107.142
1692,2025-11-09 14:20:00+00:00,3487.55,3488.0,3480.47,3485.17,16127.235
1693,2025-11-09 14:25:00+00:00,3485.17,3553.75,3484.99,3553.75,195566.293
1694,2025-11-09 14:30:00+00:00,3553.74,3563.19,3536.29,3538.12,107140.945
1695,2025-11-09 14:35:00+00:00,3538.11,3544.06,3523.73,3525.25,70989.525
1696,2025-11-09 14:40:00+00:00,3525.25,3531.71,3516.11,3521.44,36353.346
1697,2025-11-09 14:45:00+00:00,3521.45,3529.94,3506.15,3509.2,30144.052
1698,2025-11-09 14:50:00+00:00,3509.19,3520.65,3509.19,3517.83,21495.641
1699,2025-11-09 14:55:00+00:00,3517.82,3518.64,3498.1,3505.01,40606.867
1700,2025-11-09 15:00:00+00:00,3505.01,3526.34,3501.93,3521.28,40927.137
1701,2025-11-09 15:05:00+00:00,3521.27,3530.6,3518.3,3525.74,24300.561
1702,2025-11-09 15:10:00+00:00,3525.73,3530.53,3522.24,3522.82,16513.496
1703,2025-11-09 15:15:00+00:00,3522.82,3530.6,3519.96,3530.42,10977.448
1704,2025-11-09 15:20:00+00:00,3530.43,3530.43,3520.05,3523.0,9826.54
1705,2025-11-09 15:25:00+00:00,3523.0,3526.49,3519.1,3525.84,11022.547
1706,2025-11-09 15:30:00+00:00,3525.84,3529.14,3522.0,3526.79,7850.62
1707,2025-11-09 15:35:00+00:00,3526.79,3531.22,3526.45,3529.65,9016.846
1708,2025-11-09 15:40:00+00:00,3529.64,3535.51,3529.21,3530.29,15219.914
1709,2025-11-09 15:45:00+00:00,3530.28,3531.48,3525.01,3526.53,10512.556
1710,2025-11-09 15:50:00+00:00,3526.52,3531.02,3515.1,3517.52,18499.851
1711,2025-11-09 15:55:00+00:00,3517.7,3518.11,3510.44,3513.58,15660.454
1712,2025-11-09 16:00:00+00:00,3513.58,3519.5,3511.72,3514.72,12286.201
1713,2025-11-09 16:05:00+00:00,3514.73,3519.89,3508.0,3508.54,13672.471
1714,2025-11-09 16:10:00+00:00,3508.53,3509.81,3502.0,3503.55,27963.695
1715,2025-11-09 16:15:00+00:00,3503.55,3511.81,3500.0,3510.32,24597.195
1716,2025-11-09 16:20:00+00:00,3510.32,3516.87,3510.29,3515.94,9384.185
1717,2025-11-09 16:25:00+00:00,3515.95,3522.0,3514.42,3518.88,20122.685
1718,2025-11-09 16:30:00+00:00,3518.88,3519.15,3510.54,3511.86,13332.969
1719,2025-11-09 16:35:00+00:00,3511.86,3517.0,3509.16,3513.22,10066.767
1720,2025-11-09 16:40:00+00:00,3513.21,3518.78,3513.12,3517.98,8586.726
1721,2025-11-09 16:45:00+00:00,3517.97,3526.31,3517.97,3525.19,9022.036
1722,2025-11-09 16:50:00+00:00,3525.2,3535.96,3524.0,3529.85,16486.744
1723,2025-11-09 16:55:00+00:00,3529.84,3529.85,3524.61,3526.22,6775.305
1724,2025-11-09 17:00:00+00:00,3526.22,3530.0,3520.0,3522.14,7231.0
1725,2025-11-09 17:05:00+00:00,3522.14,3526.55,3521.37,3526.37,4627.714
1726,2025-11-09 17:10:00+00:00,3526.37,3526.37,3521.6,3523.55,3451.861
1727,2025-11-09 17:15:00+00:00,3523.54,3524.0,3516.27,3517.16,7448.686
1728,2025-11-09 17:20:00+00:00,3517.16,3517.16,3505.0,3510.27,19609.048
1729,2025-11-09 17:25:00+00:00,3510.27,3513.94,3507.81,3513.94,4668.847
1730,2025-11-09 17:30:00+00:00,3513.93,3519.0,3513.15,3516.01,8041.498
1731,2025-11-09 17:35:00+00:00,3516.02,3517.16,3507.0,3507.01,4472.475
1732,2025-11-09 17:40:00+00:00,3507.01,3507.3,3501.0,3507.0,12634.465
1733,2025-11-09 17:45:00+00:00,3507.0,3514.3,3506.77,3512.65,4317.315
1734,2025-11-09 17:50:00+00:00,3512.66,3513.48,3508.73,3512.7,3586.057
1735,2025-11-09 17:55:00+00:00,3512.71,3516.86,3511.24,3514.0,4359.577
1736,2025-11-09 18:00:00+00:00,3514.0,3521.22,3513.78,3519.97,5578.514
1737,2025-11-09 18:05:00+00:00,3519.96,3520.63,3511.19,3514.04,4108.195
1738,2025-11-09 18:10:00+00:00,3514.03,3515.41,3510.96,3513.8,2264.252
1739,2025-11-09 18:15:00+00:00,3513.8,3516.95,3508.78,3515.88,5511.262
1740,2025-11-09 18:20:00+00:00,3515.88,3516.77,3510.55,3514.48,3210.495
1741,2025-11-09 18:25:00+00:00,3514.47,3516.45,3513.24,3513.24,1966.923
1742,2025-11-09 18:30:00+00:00,3513.24,3514.51,3510.75,3512.54,5657.087
1743,2025-11-09 18:35:00+00:00,3512.54,3518.96,3511.91,3518.35,3975.068
1744,2025-11-09 18:40:00+00:00,3518.36,3523.76,3518.01,3523.52,6343.155
1745,2025-11-09 18:45:00+00:00,3523.51,3534.88,3522.69,3533.06,11149.432
1746,2025-11-09 18:50:00+00:00,3533.06,3536.12,3530.13,3535.78,13656.527
1747,2025-11-09 18:55:00+00:00,3535.78,3542.85,3532.04,3539.67,22526.592
1748,2025-11-09 19:00:00+00:00,3539.66,3542.8,3536.49,3539.4,10590.824
1749,2025-11-09 19:05:00+00:00,3539.41,3543.41,3532.84,3537.43,11007.643
1750,2025-11-09 19:10:00+00:00,3537.43,3541.72,3533.77,3537.64,7255.937
1751,2025-11-09 19:15:00+00:00,3537.63,3541.06,3534.31,3540.95,5322.176
1752,2025-11-09 19:20:00+00:00,3540.94,3553.87,3539.32,3549.96,26418.351
1753,2025-11-09 19:25:00+00:00,3549.96,3556.92,3547.66,3556.06,19491.877
1754,2025-11-09 19:30:00+00:00,3556.07,3564.73,3554.08,3556.11,26947.492
1755,2025-11-09 19:35:00+00:00,3556.1,3561.25,3552.26,3559.18,9080.731
1756,2025-11-09 19:40:00+00:00,3559.17,3560.84,3553.19,3558.1,9414.625
1757,2025-11-09 19:45:00+00:00,3558.1,3573.94,3558.1,3566.76,23303.522
1758,2025-11-09 19:50:00+00:00,3566.76,3578.35,3566.75,3574.76,16341.435
1759,2025-11-09 19:55:00+00:00,3574.76,3578.7,3570.9,3578.04,8256.284
1760,2025-11-09 20:00:00+00:00,3578.03,3597.43,3577.75,3587.95,45732.014
1761,2025-11-09 20:05:00+00:00,3587.94,3593.64,3568.82,3572.07,29719.477
1762,2025-11-09 20:10:00+00:00,3572.06,3572.06,3561.47,3564.06,22611.54
1763,2025-11-09 20:15:00+00:00,3564.06,3578.9,3560.07,3573.72,14615.825
1764,2025-11-09 20:20:00+00:00,3573.72,3577.9,3572.08,3576.04,4339.641
1765,2025-11-09 20:25:00+00:00,3576.03,3576.19,3569.0,3574.27,4487.471
1766,2025-11-09 20:30:00+00:00,3574.26,3584.9,3573.21,3582.57,6992.264
1767,2025-11-09 20:35:00+00:00,3582.56,3584.28,3575.06,3577.71,5072.86
1768,2025-11-09 20:40:00+00:00,3577.7,3582.0,3575.8,3575.8,4227.838
1769,2025-11-09 20:45:00+00:00,3575.8,3576.77,3571.88,3574.28,3975.569
1770,2025-11-09 20:50:00+00:00,3574.28,3578.83,3573.4,3576.69,3369.944
1771,2025-11-09 20:55:00+00:00,3576.69,3578.91,3574.27,3577.43,3065.551
1772,2025-11-09 21:00:00+00:00,3577.43,3583.62,3576.12,3582.14,4413.509
1773,2025-11-09 21:05:00+00:00,3582.14,3587.36,3578.92,3581.73,8038.598
1774,2025-11-09 21:10:00+00:00,3581.72,3581.84,3572.06,3573.57,10333.476
1775,2025-11-09 21:15:00+00:00,3573.57,3585.5,3572.98,3585.0,7005.535
1776,2025-11-09 21:20:00+00:00,3585.0,3588.17,3583.87,3584.92,4894.303
1777,2025-11-09 21:25:00+00:00,3584.92,3589.89,3584.24,3588.4,3686.21
1778,2025-11-09 21:30:00+00:00,3588.41,3588.41,3581.77,3583.62,4222.718
1779,2025-11-09 21:35:00+00:00,3583.63,3584.44,3577.45,3579.83,5281.452
1780,2025-11-09 21:40:00+00:00,3579.83,3585.61,3577.43,3585.45,6709.791
1781,2025-11-09 21:45:00+00:00,3585.44,3595.38,3585.44,3587.8,14964.649
1782,2025-11-09 21:50:00+00:00,3587.8,3588.8,3577.84,3578.61,7018.609
1783,2025-11-09 21:55:00+00:00,3578.61,3579.47,3571.38,3579.46,18552.7
1784,2025-11-09 22:00:00+00:00,3579.47,3583.02,3573.73,3574.85,8474.109
1785,2025-11-09 22:05:00+00:00,3574.85,3577.49,3566.37,3566.56,12554.179
1786,2025-11-09 22:10:00+00:00,3566.56,3575.61,3566.55,3573.6,7857.912
1787,2025-11-09 22:15:00+00:00,3573.6,3580.1,3573.52,3578.01,4734.208
1788,2025-11-09 22:20:00+00:00,3578.02,3579.05,3570.0,3571.44,3523.942
1789,2025-11-09 22:25:00+00:00,3571.44,3573.66,3566.69,3567.99,3956.273
1790,2025-11-09 22:30:00+00:00,3567.99,3573.63,3566.5,3571.07,4978.19
1791,2025-11-09 22:35:00+00:00,3571.08,3571.08,3563.07,3568.84,7853.087
1792,2025-11-09 22:40:00+00:00,3568.83,3572.97,3567.63,3571.82,4942.829
1793,2025-11-09 22:45:00+00:00,3571.82,3588.79,3571.81,3586.53,8238.658
1794,2025-11-09 22:50:00+00:00,3586.53,3593.0,3583.8,3591.1,6551.748
1795,2025-11-09 22:55:00+00:00,3591.1,3594.0,3582.59,3586.1,7186.753
1796,2025-11-09 23:00:00+00:00,3586.1,3624.4,3584.14,3598.36,66521.63
1797,2025-11-09 23:05:00+00:00,3598.37,3598.84,3586.0,3589.46,23395.477
1798,2025-11-09 23:10:00+00:00,3589.46,3592.9,3578.0,3587.09,32650.129
1799,2025-11-09 23:15:00+00:00,3587.1,3594.0,3584.52,3584.52,16378.296
1800,2025-11-09 23:20:00+00:00,3584.52,3584.52,3573.24,3575.23,14969.403
1801,2025-11-09 23:25:00+00:00,3575.24,3582.76,3573.83,3576.74,10897.003
1802,2025-11-09 23:30:00+00:00,3576.73,3577.94,3566.39,3573.01,14566.304
1803,2025-11-09 23:35:00+00:00,3573.02,3573.02,3564.66,3565.64,17047.696
1804,2025-11-09 23:40:00+00:00,3565.63,3570.66,3563.45,3568.54,7698.412
1805,2025-11-09 23:45:00+00:00,3568.54,3571.93,3565.8,3570.6,7911.035
1806,2025-11-09 23:50:00+00:00,3570.6,3577.55,3569.6,3576.25,13066.144
1807,2025-11-09 23:55:00+00:00,3576.24,3583.83,3575.67,3581.31,7165.44
1808,2025-11-10 00:00:00+00:00,3581.31,3581.31,3548.88,3560.31,49813.553
1809,2025-11-10 00:05:00+00:00,3560.3,3571.99,3555.68,3570.8,22720.814
1810,2025-11-10 00:10:00+00:00,3570.8,3579.01,3569.4,3578.34,13350.518
1811,2025-11-10 00:15:00+00:00,3578.35,3587.98,3575.52,3587.55,15783.769
1812,2025-11-10 00:20:00+00:00,3587.54,3603.76,3586.39,3603.36,27722.678
1813,2025-11-10 00:25:00+00:00,3603.35,3605.02,3591.0,3594.84,11887.655
1814,2025-11-10 00:30:00+00:00,3594.84,3608.57,3589.92,3606.41,18496.424
1815,2025-11-10 00:35:00+00:00,3606.42,3622.57,3604.28,3617.3,34493.469
1816,2025-11-10 00:40:00+00:00,3617.3,3629.99,3615.31,3629.0,27255.566
1817,2025-11-10 00:45:00+00:00,3628.99,3637.0,3621.62,3635.48,30777.732
1818,2025-11-10 00:50:00+00:00,3635.49,3650.0,3634.4,3645.78,61089.612
1819,2025-11-10 00:55:00+00:00,3645.78,3651.92,3632.5,3634.14,28702.65
1820,2025-11-10 01:00:00+00:00,3634.13,3648.0,3632.5,3633.07,21036.796
1821,2025-11-10 01:05:00+00:00,3633.08,3636.77,3615.21,3627.87,33192.348
1822,2025-11-10 01:10:00+00:00,3627.9,3653.66,3626.74,3637.48,44522.969
1823,2025-11-10 01:15:00+00:00,3637.47,3648.6,3632.38,3644.7,18242.391
1824,2025-11-10 01:20:00+00:00,3644.71,3647.81,3628.75,3645.15,21327.725
1825,2025-11-10 01:25:00+00:00,3645.15,3658.0,3636.36,3641.79,23483.277
1826,2025-11-10 01:30:00+00:00,3641.78,3646.0,3628.2,3628.92,17752.772
1827,2025-11-10 01:35:00+00:00,3628.93,3636.56,3627.63,3630.19,9858.932
1828,2025-11-10 01:40:00+00:00,3630.19,3633.56,3626.94,3628.81,7981.885
1829,2025-11-10 01:45:00+00:00,3628.81,3641.52,3628.46,3639.38,8658.848
1830,2025-11-10 01:50:00+00:00,3639.37,3643.56,3630.0,3630.2,12252.595
1831,2025-11-10 01:55:00+00:00,3630.21,3632.56,3627.15,3628.26,8849.146
1832,2025-11-10 02:00:00+00:00,3628.26,3638.17,3622.07,3631.85,18152.455
1833,2025-11-10 02:05:00+00:00,3631.82,3635.41,3625.93,3634.57,10720.021
1834,2025-11-10 02:10:00+00:00,3634.56,3636.43,3626.9,3629.99,8608.946
1835,2025-11-10 02:15:00+00:00,3630.0,3631.81,3624.53,3627.65,9716.244
1836,2025-11-10 02:20:00+00:00,3627.66,3632.98,3626.0,3628.62,6885.167
1837,2025-11-10 02:25:00+00:00,3628.62,3632.36,3623.43,3624.3,5603.961
1838,2025-11-10 02:30:00+00:00,3624.3,3632.32,3623.11,3626.65,5927.41
1839,2025-11-10 02:35:00+00:00,3626.66,3628.39,3618.0,3620.92,10823.108
1840,2025-11-10 02:40:00+00:00,3620.92,3624.67,3611.0,3618.39,14141.867
1841,2025-11-10 02:45:00+00:00,3618.38,3625.77,3616.0,3624.96,6966.635
1842,2025-11-10 02:50:00+00:00,3624.96,3629.56,3615.62,3619.13,11008.072
1843,2025-11-10 02:55:00+00:00,3619.13,3627.96,3617.37,3627.32,6257.373
1844,2025-11-10 03:00:00+00:00,3627.33,3647.0,3627.32,3641.63,19540.919
1845,2025-11-10 03:05:00+00:00,3641.64,3643.06,3628.78,3631.26,13206.088
1846,2025-11-10 03:10:00+00:00,3631.26,3632.0,3622.0,3623.4,8512.026
1847,2025-11-10 03:15:00+00:00,3623.4,3631.41,3621.89,3628.7,6752.01
1848,2025-11-10 03:20:00+00:00,3628.7,3630.31,3622.5,3625.32,4328.643
1849,2025-11-10 03:25:00+00:00,3625.32,3630.33,3625.31,3628.57,5801.841
1850,2025-11-10 03:30:00+00:00,3628.56,3634.92,3624.22,3630.04,8219.391
1851,2025-11-10 03:35:00+00:00,3630.04,3632.47,3625.9,3631.3,6607.264
1852,2025-11-10 03:40:00+00:00,3631.29,3635.86,3629.84,3633.12,6299.303
1853,2025-11-10 03:45:00+00:00,3633.12,3635.25,3627.27,3632.0,3762.717
1854,2025-11-10 03:50:00+00:00,3632.0,3637.65,3622.03,3626.83,9660.425
1855,2025-11-10 03:55:00+00:00,3626.84,3631.91,3625.42,3626.45,6671.525
1856,2025-11-10 04:00:00+00:00,3626.44,3628.8,3622.14,3622.15,5063.211
1857,2025-11-10 04:05:00+00:00,3622.14,3628.8,3622.0,3628.02,4236.476
1858,2025-11-10 04:10:00+00:00,3628.02,3630.71,3623.0,3624.66,4615.949
1859,2025-11-10 04:15:00+00:00,3624.65,3624.66,3618.86,3622.29,5780.705
1860,2025-11-10 04:20:00+00:00,3622.29,3622.3,3608.45,3610.67,15692.67
1861,2025-11-10 04:25:00+00:00,3610.66,3613.4,3602.0,3608.27,28322.673
1862,2025-11-10 04:30:00+00:00,3608.28,3612.12,3604.13,3608.42,12155.364
1863,2025-11-10 04:35:00+00:00,3608.41,3612.79,3606.86,3609.45,5504.81
1864,2025-11-10 04:40:00+00:00,3609.44,3609.99,3605.0,3609.98,7062.56
1865,2025-11-10 04:45:00+00:00,3609.99,3612.69,3605.23,3612.29,6650.508
1866,2025-11-10 04:50:00+00:00,3612.28,3619.3,3612.28,3616.21,9412.571
1867,2025-11-10 04:55:00+00:00,3616.2,3619.62,3615.38,3615.98,4953.674
1868,2025-11-10 05:00:00+00:00,3615.98,3625.0,3615.11,3623.22,9491.074
1869,2025-11-10 05:05:00+00:00,3623.23,3625.0,3618.03,3620.18,6172.703
1870,2025-11-10 05:10:00+00:00,3620.17,3621.01,3616.8,3618.58,3958.158
1871,2025-11-10 05:15:00+00:00,3618.58,3619.24,3608.68,3614.78,10268.304
1872,2025-11-10 05:20:00+00:00,3614.77,3617.65,3605.05,3607.14,6841.011
1873,2025-11-10 05:25:00+00:00,3607.14,3609.86,3604.15,3609.2,7529.87
1874,2025-11-10 05:30:00+00:00,3609.19,3611.88,3593.0,3594.97,22405.212
1875,2025-11-10 05:35:00+00:00,3594.98,3601.0,3587.56,3597.22,21750.299
1876,2025-11-10 05:40:00+00:00,3597.22,3603.16,3596.96,3599.7,9119.338
1877,2025-11-10 05:45:00+00:00,3599.71,3604.73,3594.99,3598.45,8093.469
1878,2025-11-10 05:50:00+00:00,3598.45,3603.06,3596.35,3600.81,5744.294
1879,2025-11-10 05:55:00+00:00,3600.81,3607.56,3600.81,3606.81,6314.543
1880,2025-11-10 06:00:00+00:00,3606.81,3608.51,3600.19,3607.71,6953.084
1881,2025-11-10 06:05:00+00:00,3607.71,3608.68,3602.31,3607.01,4766.15
1882,2025-11-10 06:10:00+00:00,3607.01,3611.23,3602.53,3605.56,8059.632
1883,2025-11-10 06:15:00+00:00,3605.57,3609.58,3600.35,3607.41,6498.166
1884,2025-11-10 06:20:00+00:00,3607.41,3607.41,3598.32,3599.86,5143.537
1885,2025-11-10 06:25:00+00:00,3599.87,3600.86,3593.01,3599.54,9250.24
1886,2025-11-10 06:30:00+00:00,3599.55,3604.32,3597.49,3603.58,5540.129
1887,2025-11-10 06:35:00+00:00,3603.57,3606.64,3601.11,3602.78,5362.614
1888,2025-11-10 06:40:00+00:00,3602.79,3607.56,3602.78,3605.28,2848.221
1889,2025-11-10 06:45:00+00:00,3605.28,3611.62,3604.58,3610.85,4488.983
1890,2025-11-10 06:50:00+00:00,3610.86,3610.86,3603.05,3603.98,4712.378
1891,2025-11-10 06:55:00+00:00,3603.99,3605.43,3601.54,3603.91,2552.209
1892,2025-11-10 07:00:00+00:00,3603.91,3611.91,3602.0,3608.83,8485.69
1893,2025-11-10 07:05:00+00:00,3608.82,3619.96,3608.82,3619.02,15741.403
1894,2025-11-10 07:10:00+00:00,3619.02,3621.66,3616.0,3617.09,15599.628
1895,2025-11-10 07:15:00+00:00,3617.1,3619.69,3611.43,3611.43,7981.814
1896,2025-11-10 07:20:00+00:00,3611.43,3614.99,3610.88,3613.93,3706.227
1897,2025-11-10 07:25:00+00:00,3613.92,3614.77,3610.29,3611.11,4718.552
1898,2025-11-10 07:30:00+00:00,3611.11,3617.84,3611.08,3611.08,4442.45
1899,2025-11-10 07:35:00+00:00,3611.08,3611.08,3605.76,3607.54,6605.369
1900,2025-11-10 07:40:00+00:00,3607.53,3616.87,3607.32,3610.04,6279.41
1901,2025-11-10 07:45:00+00:00,3610.05,3612.93,3609.06,3611.96,4051.006
1902,2025-11-10 07:50:00+00:00,3611.96,3612.4,3605.0,3606.51,5209.66
1903,2025-11-10 07:55:00+00:00,3606.51,3608.91,3606.06,3607.5,3582.646
1904,2025-11-10 08:00:00+00:00,3607.51,3610.59,3606.71,3610.0,4978.495
1905,2025-11-10 08:05:00+00:00,3610.0,3614.53,3606.78,3608.91,10902.838
1906,2025-11-10 08:10:00+00:00,3608.92,3610.33,3593.38,3598.57,18103.429
1907,2025-11-10 08:15:00+00:00,3598.57,3605.94,3596.8,3602.19,24543.0
1908,2025-11-10 08:20:00+00:00,3602.2,3605.53,3601.31,3605.42,17673.125
1909,2025-11-10 08:25:00+00:00,3605.42,3609.86,3603.64,3604.46,7413.916
1910,2025-11-10 08:30:00+00:00,3604.45,3604.45,3592.26,3594.81,17694.664
1911,2025-11-10 08:35:00+00:00,3594.81,3595.56,3585.59,3588.43,16798.585
1912,2025-11-10 08:40:00+00:00,3588.45,3598.38,3586.43,3595.0,9760.301
1913,2025-11-10 08:45:00+00:00,3595.0,3596.19,3592.8,3592.8,6933.524
1914,2025-11-10 08:50:00+00:00,3592.8,3595.33,3590.0,3592.61,8554.799
1915,2025-11-10 08:55:00+00:00,3592.62,3593.82,3590.44,3593.29,6297.834
1916,2025-11-10 09:00:00+00:00,3593.28,3593.65,3585.42,3588.52,12191.325
1917,2025-11-10 09:05:00+00:00,3588.52,3595.73,3588.29,3592.63,10742.052
1918,2025-11-10 09:10:00+00:00,3592.62,3595.51,3590.4,3590.54,5939.936
1919,2025-11-10 09:15:00+00:00,3590.55,3596.42,3586.23,3596.42,8536.392
1920,2025-11-10 09:20:00+00:00,3596.41,3604.77,3594.65,3601.26,16158.442
1921,2025-11-10 09:25:00+00:00,3601.26,3605.95,3601.26,3605.1,8788.131
1922,2025-11-10 09:30:00+00:00,3605.1,3613.38,3605.0,3610.65,14314.964
1923,2025-11-10 09:35:00+00:00,3610.65,3617.49,3610.65,3616.11,11477.817
1924,2025-11-10 09:40:00+00:00,3616.1,3618.8,3612.33,3616.58,8286.711
1925,2025-11-10 09:45:00+00:00,3616.57,3630.3,3616.49,3625.46,22751.296
1926,2025-11-10 09:50:00+00:00,3625.46,3627.51,3621.03,3622.28,11811.689
1927,2025-11-10 09:55:00+00:00,3622.27,3624.49,3620.79,3623.32,7133.694
1928,2025-11-10 10:00:00+00:00,3623.32,3626.81,3620.0,3622.04,8145.711
1929,2025-11-10 10:05:00+00:00,3622.05,3626.64,3619.88,3622.05,7872.194
1930,2025-11-10 10:10:00+00:00,3622.06,3623.36,3616.07,3616.69,6702.513
1931,2025-11-10 10:15:00+00:00,3616.69,3622.0,3616.07,3619.0,3956.691
1932,2025-11-10 10:20:00+00:00,3618.99,3621.91,3617.51,3619.05,3313.857
1933,2025-11-10 10:25:00+00:00,3619.05,3619.06,3610.57,3612.3,7211.714
1934,2025-11-10 10:30:00+00:00,3612.3,3613.92,3607.0,3609.99,7326.961
1935,2025-11-10 10:35:00+00:00,3610.0,3612.0,3602.3,3605.91,9166.936
1936,2025-11-10 10:40:00+00:00,3605.92,3610.37,3605.91,3609.5,6259.02
1937,2025-11-10 10:45:00+00:00,3609.49,3615.2,3607.58,3608.36,4199.502
1938,2025-11-10 10:50:00+00:00,3608.35,3609.21,3603.36,3605.13,6424.164
1939,2025-11-10 10:55:00+00:00,3605.14,3606.06,3602.3,3605.07,4120.68
1940,2025-11-10 11:00:00+00:00,3605.08,3608.41,3602.33,3608.23,7694.558
1941,2025-11-10 11:05:00+00:00,3608.24,3609.0,3602.4,3606.73,4295.481
1942,2025-11-10 11:10:00+00:00,3606.73,3614.08,3606.73,3610.01,6342.025
1943,2025-11-10 11:15:00+00:00,3610.0,3611.62,3604.5,3605.01,6492.67
1944,2025-11-10 11:20:00+00:00,3605.0,3608.47,3604.44,3605.4,3896.27
1945,2025-11-10 11:25:00+00:00,3605.39,3612.61,3605.39,3609.88,5585.672
1946,2025-11-10 11:30:00+00:00,3609.88,3613.48,3608.08,3609.08,4631.596
1947,2025-11-10 11:35:00+00:00,3609.08,3611.18,3607.78,3610.47,2435.951
1948,2025-11-10 11:40:00+00:00,3610.48,3619.95,3610.25,3618.2,9110.454
1949,2025-11-10 11:45:00+00:00,3618.2,3619.99,3615.05,3615.19,5328.407
1950,2025-11-10 11:50:00+00:00,3615.18,3616.46,3609.69,3611.48,5714.481
1951,2025-11-10 11:55:00+00:00,3611.49,3612.08,3607.4,3608.9,7473.701
1952,2025-11-10 12:00:00+00:00,3608.89,3609.4,3590.0,3591.81,19049.947
1953,2025-11-10 12:05:00+00:00,3591.81,3591.81,3581.68,3590.84,30359.963
1954,2025-11-10 12:10:00+00:00,3590.84,3595.97,3587.51,3592.17,15148.162
1955,2025-11-10 12:15:00+00:00,3592.17,3592.8,3587.39,3591.83,6461.218
1956,2025-11-10 12:20:00+00:00,3591.84,3592.8,3586.88,3590.59,4880.112
1957,2025-11-10 12:25:00+00:00,3590.58,3592.44,3588.0,3591.25,4975.758
1958,2025-11-10 12:30:00+00:00,3591.26,3592.53,3587.6,3587.98,5093.701
1959,2025-11-10 12:35:00+00:00,3587.99,3594.28,3587.0,3591.87,6102.021
1960,2025-11-10 12:40:00+00:00,3591.87,3597.7,3591.24,3594.25,5391.303
1961,2025-11-10 12:45:00+00:00,3594.24,3594.59,3588.0,3588.37,6574.886
1962,2025-11-10 12:50:00+00:00,3588.36,3591.46,3586.71,3590.61,4321.128
1963,2025-11-10 12:55:00+00:00,3590.62,3591.89,3588.38,3590.46,2743.279
1964,2025-11-10 13:00:00+00:00,3590.46,3603.22,3588.45,3599.64,11998.322
1965,2025-11-10 13:05:00+00:00,3599.63,3615.68,3598.2,3615.0,27326.589
1966,2025-11-10 13:10:00+00:00,3615.0,3617.0,3600.71,3602.65,18379.731
1967,2025-11-10 13:15:00+00:00,3602.65,3607.32,3600.33,3600.42,6364.096
1968,2025-11-10 13:20:00+00:00,3600.41,3602.62,3591.71,3594.86,12652.934
1969,2025-11-10 13:25:00+00:00,3594.86,3606.51,3594.57,3605.37,10436.351
1970,2025-11-10 13:30:00+00:00,3605.36,3614.56,3605.32,3613.96,13463.64
1971,2025-11-10 13:35:00+00:00,3613.95,3620.71,3613.94,3615.7,19985.641
1972,2025-11-10 13:40:00+00:00,3615.69,3616.95,3611.19,3613.49,9261.066
1973,2025-11-10 13:45:00+00:00,3613.48,3616.91,3610.05,3611.73,6356.012
1974,2025-11-10 13:50:00+00:00,3611.74,3618.0,3611.03,3611.69,9199.501
1975,2025-11-10 13:55:00+00:00,3611.7,3616.59,3611.46,3613.91,4704.549
1976,2025-11-10 14:00:00+00:00,3613.91,3614.23,3598.44,3601.99,13645.799
1977,2025-11-10 14:05:00+00:00,3601.98,3606.9,3599.51,3602.88,6947.73
1978,2025-11-10 14:10:00+00:00,3602.89,3608.71,3595.27,3598.23,8943.451
1979,2025-11-10 14:15:00+00:00,3598.23,3603.69,3593.0,3603.27,9939.202
1980,2025-11-10 14:20:00+00:00,3603.27,3610.67,3600.69,3600.7,6425.819
1981,2025-11-10 14:25:00+00:00,3600.7,3607.61,3600.11,3602.89,6060.999
1982,2025-11-10 14:30:00+00:00,3602.89,3605.84,3586.85,3590.22,32484.863
1983,2025-11-10 14:35:00+00:00,3590.21,3594.69,3574.49,3576.67,58195.703
1984,2025-11-10 14:40:00+00:00,3576.67,3587.54,3575.97,3580.37,20045.484
1985,2025-11-10 14:45:00+00:00,3580.37,3581.76,3555.97,3559.17,95957.236
1986,2025-11-10 14:50:00+00:00,3559.17,3563.0,3528.05,3532.45,111696.501
1987,2025-11-10 14:55:00+00:00,3532.45,3547.5,3528.3,3540.0,58410.189
1988,2025-11-10 15:00:00+00:00,3540.0,3548.7,3528.32,3547.59,38233.841
1989,2025-11-10 15:05:00+00:00,3547.59,3551.12,3539.5,3541.62,27714.91
1990,2025-11-10 15:10:00+00:00,3541.63,3547.06,3527.28,3529.83,27728.974
1991,2025-11-10 15:15:00+00:00,3529.84,3537.24,3517.02,3522.45,45127.64
1992,2025-11-10 15:20:00+00:00,3522.44,3540.87,3521.8,3538.69,26820.806
1993,2025-11-10 15:25:00+00:00,3538.68,3545.99,3533.1,3545.1,20609.102
1994,2025-11-10 15:30:00+00:00,3545.09,3548.0,3533.68,3539.72,26471.671
1995,2025-11-10 15:35:00+00:00,3539.73,3544.42,3528.0,3532.73,14699.002
1996,2025-11-10 15:40:00+00:00,3532.73,3559.3,3530.72,3551.95,67495.996
1997,2025-11-10 15:45:00+00:00,3551.96,3553.23,3535.0,3535.64,19074.144
1998,2025-11-10 15:50:00+00:00,3535.65,3536.26,3507.77,3514.46,55100.077
1999,2025-11-10 15:55:00+00:00,3514.45,3518.97,3506.66,3518.1,27938.526
2000,2025-11-10 16:00:00+00:00,3518.1,3518.65,3507.13,3512.3,24102.68
2001,2025-11-10 16:05:00+00:00,3512.3,3529.76,3506.71,3526.99,31146.643
2002,2025-11-10 16:10:00+00:00,3526.99,3531.96,3524.23,3528.26,22919.565
2003,2025-11-10 16:15:00+00:00,3528.26,3533.0,3523.86,3530.15,21724.604
2004,2025-11-10 16:20:00+00:00,3530.14,3532.87,3513.78,3519.44,16030.12
2005,2025-11-10 16:25:00+00:00,3519.44,3528.55,3518.76,3526.4,11021.46
2006,2025-11-10 16:30:00+00:00,3526.41,3536.84,3525.16,3530.34,15553.273
2007,2025-11-10 16:35:00+00:00,3530.33,3533.26,3524.61,3524.61,10811.864
2008,2025-11-10 16:40:00+00:00,3524.61,3526.32,3511.66,3515.32,15250.157
2009,2025-11-10 16:45:00+00:00,3515.32,3523.32,3505.55,3522.63,22228.139
2010,2025-11-10 16:50:00+00:00,3522.64,3528.92,3518.8,3520.72,18916.417
2011,2025-11-10 16:55:00+00:00,3520.72,3531.98,3520.72,3528.04,15476.606
2012,2025-11-10 17:00:00+00:00,3528.04,3533.0,3523.64,3531.24,15807.969
2013,2025-11-10 17:05:00+00:00,3531.25,3542.73,3529.22,3533.81,29297.89
2014,2025-11-10 17:10:00+00:00,3533.82,3535.0,3524.75,3524.79,9189.689
2015,2025-11-10 17:15:00+00:00,3524.8,3530.0,3522.71,3527.13,13642.716
2016,2025-11-10 17:20:00+00:00,3527.13,3529.0,3520.79,3525.03,14073.242
2017,2025-11-10 17:25:00+00:00,3525.04,3535.22,3525.04,3527.66,15487.282
2018,2025-11-10 17:30:00+00:00,3527.65,3536.0,3525.15,3534.73,13605.562
2019,2025-11-10 17:35:00+00:00,3534.74,3544.0,3534.51,3542.65,21066.472
2020,2025-11-10 17:40:00+00:00,3542.66,3547.0,3541.45,3546.42,21925.658
2021,2025-11-10 17:45:00+00:00,3546.42,3559.0,3546.42,3553.62,29523.136
2022,2025-11-10 17:50:00+00:00,3553.61,3554.05,3543.66,3544.33,14251.414
2023,2025-11-10 17:55:00+00:00,3544.34,3556.0,3541.96,3553.38,10086.469
2024,2025-11-10 18:00:00+00:00,3553.38,3556.0,3542.93,3543.95,15924.134
2025,2025-11-10 18:05:00+00:00,3543.94,3548.7,3537.0,3539.83,13349.585
2026,2025-11-10 18:10:00+00:00,3539.84,3541.62,3534.7,3534.92,8344.381
2027,2025-11-10 18:15:00+00:00,3534.93,3541.95,3534.6,3540.02,5702.838
2028,2025-11-10 18:20:00+00:00,3540.02,3551.24,3536.14,3547.51,7366.455
2029,2025-11-10 18:25:00+00:00,3547.51,3548.64,3543.7,3544.1,4592.034
2030,2025-11-10 18:30:00+00:00,3544.11,3549.0,3541.46,3544.43,4624.26
2031,2025-11-10 18:35:00+00:00,3544.43,3549.21,3542.77,3546.89,4231.341
2032,2025-11-10 18:40:00+00:00,3546.89,3550.33,3544.26,3548.6,4643.079
2033,2025-11-10 18:45:00+00:00,3548.59,3555.0,3545.83,3552.26,7879.337
2034,2025-11-10 18:50:00+00:00,3552.26,3552.64,3540.94,3541.28,4835.375
2035,2025-11-10 18:55:00+00:00,3541.27,3542.68,3530.51,3530.75,11389.161
2036,2025-11-10 19:00:00+00:00,3530.75,3538.01,3527.04,3538.01,9809.662
2037,2025-11-10 19:05:00+00:00,3538.01,3548.65,3535.04,3546.81,12523.12
2038,2025-11-10 19:10:00+00:00,3546.81,3549.23,3542.36,3546.31,6468.755
2039,2025-11-10 19:15:00+00:00,3546.3,3549.89,3542.94,3544.31,3854.773
2040,2025-11-10 19:20:00+00:00,3544.31,3545.69,3538.87,3540.22,3373.177
2041,2025-11-10 19:25:00+00:00,3540.23,3543.25,3539.25,3540.85,2101.236
2042,2025-11-10 19:30:00+00:00,3540.84,3542.98,3536.64,3537.87,7538.466
2043,2025-11-10 19:35:00+00:00,3537.86,3555.0,3534.46,3555.0,7257.794
2044,2025-11-10 19:40:00+00:00,3554.99,3572.64,3554.08,3562.35,34244.188
2045,2025-11-10 19:45:00+00:00,3562.35,3574.39,3562.2,3569.26,17541.799
2046,2025-11-10 19:50:00+00:00,3569.27,3574.73,3564.65,3564.66,15284.225
2047,2025-11-10 19:55:00+00:00,3564.66,3566.69,3554.53,3556.83,13460.114
2048,2025-11-10 20:00:00+00:00,3556.83,3559.47,3553.32,3557.31,8332.94
2049,2025-11-10 20:05:00+00:00,3557.32,3568.25,3554.76,3565.74,6021.926
2050,2025-11-10 20:10:00+00:00,3565.73,3577.49,3565.38,3575.15,21199.551
2051,2025-11-10 20:15:00+00:00,3575.15,3575.48,3567.72,3572.8,8484.308
2052,2025-11-10 20:20:00+00:00,3572.8,3574.23,3562.31,3566.68,6633.602
2053,2025-11-10 20:25:00+00:00,3566.68,3569.95,3563.43,3564.65,5804.634
2054,2025-11-10 20:30:00+00:00,3564.65,3565.0,3556.65,3564.46,8079.84
2055,2025-11-10 20:35:00+00:00,3564.46,3575.91,3564.31,3573.8,7928.226
2056,2025-11-10 20:40:00+00:00,3573.79,3579.99,3572.68,3578.52,10079.774
2057,2025-11-10 20:45:00+00:00,3578.52,3582.69,3576.6,3577.85,11794.698
2058,2025-11-10 20:50:00+00:00,3577.85,3577.99,3569.72,3569.9,7857.864
2059,2025-11-10 20:55:00+00:00,3569.91,3576.44,3562.98,3570.22,13595.645
2060,2025-11-10 21:00:00+00:00,3570.22,3571.04,3558.24,3558.24,14025.196
2061,2025-11-10 21:05:00+00:00,3558.25,3564.63,3542.0,3546.79,23678.37
2062,2025-11-10 21:10:00+00:00,3546.79,3550.82,3540.42,3545.88,11014.425
2063,2025-11-10 21:15:00+00:00,3545.89,3545.99,3538.12,3543.27,11431.635
2064,2025-11-10 21:20:00+00:00,3543.27,3546.47,3539.34,3541.75,4230.933
2065,2025-11-10 21:25:00+00:00,3541.74,3541.74,3535.26,3538.32,9903.136
2066,2025-11-10 21:30:00+00:00,3538.32,3540.69,3535.51,3536.47,4194.982
2067,2025-11-10 21:35:00+00:00,3536.48,3541.61,3530.1,3530.98,7423.494
2068,2025-11-10 21:40:00+00:00,3530.98,3539.0,3529.07,3539.0,10851.508
2069,2025-11-10 21:45:00+00:00,3538.99,3541.43,3530.23,3531.39,8953.52
2070,2025-11-10 21:50:00+00:00,3531.4,3535.14,3528.48,3535.1,7168.91
2071,2025-11-10 21:55:00+00:00,3535.13,3541.7,3533.75,3540.12,10572.947
2072,2025-11-10 22:00:00+00:00,3540.11,3548.56,3538.81,3548.18,7689.257
2073,2025-11-10 22:05:00+00:00,3548.18,3553.87,3543.83,3544.74,6892.64
2074,2025-11-10 22:10:00+00:00,3544.78,3544.79,3527.06,3529.96,10644.41
2075,2025-11-10 22:15:00+00:00,3529.95,3539.72,3529.07,3539.72,6122.784
2076,2025-11-10 22:20:00+00:00,3539.73,3545.93,3538.9,3544.68,6417.122
2077,2025-11-10 22:25:00+00:00,3544.69,3547.81,3544.17,3546.26,2739.333
2078,2025-11-10 22:30:00+00:00,3546.25,3554.1,3543.69,3552.75,5622.858
2079,2025-11-10 22:35:00+00:00,3552.75,3557.47,3548.49,3555.74,4662.842
2080,2025-11-10 22:40:00+00:00,3555.74,3555.76,3550.2,3551.9,3288.334
2081,2025-11-10 22:45:00+00:00,3551.9,3574.89,3551.45,3571.31,16815.773
2082,2025-11-10 22:50:00+00:00,3571.31,3578.45,3569.0,3572.67,9438.47
2083,2025-11-10 22:55:00+00:00,3572.67,3578.8,3572.43,3574.59,6765.357
2084,2025-11-10 23:00:00+00:00,3574.6,3580.0,3566.24,3566.28,8717.064
2085,2025-11-10 23:05:00+00:00,3566.28,3574.78,3565.98,3570.93,6016.618
2086,2025-11-10 23:10:00+00:00,3570.93,3577.69,3570.66,3574.9,6961.249
2087,2025-11-10 23:15:00+00:00,3574.91,3580.0,3571.25,3571.76,5100.001
2088,2025-11-10 23:20:00+00:00,3571.75,3576.96,3570.21,3574.35,4928.315
2089,2025-11-10 23:25:00+00:00,3574.34,3577.75,3573.74,3576.03,3085.744
2090,2025-11-10 23:30:00+00:00,3576.04,3578.92,3570.19,3571.01,4137.084
2091,2025-11-10 23:35:00+00:00,3571.0,3573.26,3563.5,3567.05,7945.672
2092,2025-11-10 23:40:00+00:00,3567.06,3570.76,3565.9,3570.32,3355.093
2093,2025-11-10 23:45:00+00:00,3570.31,3576.51,3566.0,3574.56,4331.169
2094,2025-11-10 23:50:00+00:00,3574.55,3574.55,3561.0,3564.52,6031.26
2095,2025-11-10 23:55:00+00:00,3564.53,3569.0,3563.62,3566.38,4011.958
2096,2025-11-11 00:00:00+00:00,3566.38,3569.99,3561.8,3569.99,5649.128
2097,2025-11-11 00:05:00+00:00,3570.0,3576.8,3567.77,3576.8,9512.84
2098,2025-11-11 00:10:00+00:00,3576.79,3577.24,3557.19,3567.49,12969.878
2099,2025-11-11 00:15:00+00:00,3567.5,3573.96,3565.67,3570.48,6527.779
2100,2025-11-11 00:20:00+00:00,3570.48,3578.5,3569.4,3572.16,6554.034
2101,2025-11-11 00:25:00+00:00,3572.17,3572.94,3557.5,3562.34,7890.175
2102,2025-11-11 00:30:00+00:00,3562.34,3571.07,3557.62,3565.89,6965.299
2103,2025-11-11 00:35:00+00:00,3565.89,3568.18,3551.11,3552.82,12098.956
2104,2025-11-11 00:40:00+00:00,3552.82,3562.07,3551.95,3556.43,9099.215
2105,2025-11-11 00:45:00+00:00,3556.44,3569.9,3552.91,3569.4,7061.161
2106,2025-11-11 00:50:00+00:00,3569.41,3576.84,3568.81,3573.92,8000.194
2107,2025-11-11 00:55:00+00:00,3573.92,3591.47,3573.28,3584.0,25306.097
2108,2025-11-11 01:00:00+00:00,3584.01,3589.0,3576.22,3577.64,12553.107
2109,2025-11-11 01:05:00+00:00,3577.64,3585.42,3577.64,3581.08,6340.671
2110,2025-11-11 01:10:00+00:00,3581.09,3591.31,3580.0,3590.78,7945.58
2111,2025-11-11 01:15:00+00:00,3590.78,3638.0,3590.0,3636.93,67443.578
2112,2025-11-11 01:20:00+00:00,3636.94,3647.54,3623.63,3624.17,64986.162
2113,2025-11-11 01:25:00+00:00,3624.17,3635.78,3615.84,3618.38,32168.729
2114,2025-11-11 01:30:00+00:00,3618.37,3618.64,3605.0,3610.02,26730.353
2115,2025-11-11 01:35:00+00:00,3610.01,3610.46,3593.33,3599.67,22734.404
2116,2025-11-11 01:40:00+00:00,3599.66,3600.0,3588.62,3595.25,20266.659
2117,2025-11-11 01:45:00+00:00,3595.25,3608.88,3594.43,3607.68,18485.01
2118,2025-11-11 01:50:00+00:00,3607.68,3610.82,3595.94,3595.94,12147.705
2119,2025-11-11 01:55:00+00:00,3595.94,3595.95,3573.09,3579.96,33877.295
2120,2025-11-11 02:00:00+00:00,3579.97,3581.56,3561.27,3566.15,30747.327
2121,2025-11-11 02:05:00+00:00,3566.15,3574.32,3557.15,3574.28,20930.343
2122,2025-11-11 02:10:00+00:00,3574.28,3590.29,3574.0,3586.99,20605.968
2123,2025-11-11 02:15:00+00:00,3587.0,3587.68,3576.67,3579.68,11024.17
2124,2025-11-11 02:20:00+00:00,3579.68,3582.79,3573.0,3582.65,7273.863
2125,2025-11-11 02:25:00+00:00,3582.66,3592.78,3581.1,3592.78,11708.094
2126,2025-11-11 02:30:00+00:00,3592.78,3613.74,3590.38,3610.01,35213.387
2127,2025-11-11 02:35:00+00:00,3610.01,3635.41,3609.46,3626.03,59334.565
2128,2025-11-11 02:40:00+00:00,3626.04,3631.0,3621.9,3628.91,27450.05
2129,2025-11-11 02:45:00+00:00,3628.9,3633.0,3605.19,3608.57,29444.478
2130,2025-11-11 02:50:00+00:00,3608.58,3619.89,3606.93,3615.14,12707.507
2131,2025-11-11 02:55:00+00:00,3615.14,3617.74,3608.04,3613.77,6769.822
2132,2025-11-11 03:00:00+00:00,3613.76,3620.0,3611.25,3619.86,17773.646
2133,2025-11-11 03:05:00+00:00,3619.86,3625.85,3619.16,3625.11,18106.323
2134,2025-11-11 03:10:00+00:00,3625.11,3628.52,3620.21,3624.35,8784.29
2135,2025-11-11 03:15:00+00:00,3624.36,3629.0,3620.16,3626.41,8752.838
2136,2025-11-11 03:20:00+00:00,3626.42,3631.0,3623.77,3627.96,11142.34
2137,2025-11-11 03:25:00+00:00,3627.96,3632.0,3616.01,3616.02,14961.327
2138,2025-11-11 03:30:00+00:00,3616.01,3622.89,3614.32,3616.9,9622.936
2139,2025-11-11 03:35:00+00:00,3616.9,3616.92,3602.24,3609.99,21052.122
2140,2025-11-11 03:40:00+00:00,3610.0,3612.41,3600.46,3601.23,9333.302
2141,2025-11-11 03:45:00+00:00,3601.22,3608.0,3596.65,3605.2,10498.709
2142,2025-11-11 03:50:00+00:00,3605.19,3609.58,3602.74,3606.69,8726.431
2143,2025-11-11 03:55:00+00:00,3606.68,3608.57,3603.24,3604.2,4765.373
2144,2025-11-11 04:00:00+00:00,3604.21,3608.44,3603.58,3605.83,5802.134
2145,2025-11-11 04:05:00+00:00,3605.84,3608.0,3601.45,3606.95,4716.485
2146,2025-11-11 04:10:00+00:00,3606.96,3607.88,3585.01,3588.79,31541.853
2147,2025-11-11 04:15:00+00:00,3588.8,3594.23,3584.45,3587.99,10699.294
2148,2025-11-11 04:20:00+00:00,3587.98,3596.56,3582.72,3591.66,11570.743
2149,2025-11-11 04:25:00+00:00,3591.65,3592.67,3582.32,3582.4,6398.209
2150,2025-11-11 04:30:00+00:00,3582.41,3588.23,3582.34,3584.01,6929.323
2151,2025-11-11 04:35:00+00:00,3584.01,3587.45,3576.96,3576.97,12030.086
2152,2025-11-11 04:40:00+00:00,3576.96,3582.98,3571.84,3580.07,14618.821
2153,2025-11-11 04:45:00+00:00,3580.07,3581.84,3575.06,3577.53,7458.798
2154,2025-11-11 04:50:00+00:00,3577.53,3579.2,3573.53,3573.83,6848.373
2155,2025-11-11 04:55:00+00:00,3573.82,3575.72,3570.72,3573.35,7061.778
2156,2025-11-11 05:00:00+00:00,3573.36,3574.2,3562.0,3562.9,15351.572
2157,2025-11-11 05:05:00+00:00,3562.9,3569.67,3560.0,3566.69,15118.149
2158,2025-11-11 05:10:00+00:00,3566.68,3567.58,3556.0,3556.01,16083.625
2159,2025-11-11 05:15:00+00:00,3556.0,3562.83,3552.7,3558.99,15859.311
2160,2025-11-11 05:20:00+00:00,3558.99,3568.16,3552.97,3557.8,12875.268
2161,2025-11-11 05:25:00+00:00,3557.8,3564.95,3555.53,3562.72,10347.456
2162,2025-11-11 05:30:00+00:00,3562.72,3563.22,3545.72,3548.03,18554.503
2163,2025-11-11 05:35:00+00:00,3548.02,3553.0,3545.01,3552.49,12176.631
2164,2025-11-11 05:40:00+00:00,3552.48,3554.74,3545.2,3546.28,6597.422
2165,2025-11-11 05:45:00+00:00,3546.29,3553.95,3541.48,3552.26,17470.846
2166,2025-11-11 05:50:00+00:00,3552.26,3554.99,3548.52,3553.0,7462.368
2167,2025-11-11 05:55:00+00:00,3553.0,3556.21,3546.43,3546.92,8517.974
2168,2025-11-11 06:00:00+00:00,3546.92,3550.0,3546.0,3548.13,13857.844
2169,2025-11-11 06:05:00+00:00,3548.13,3548.18,3528.8,3538.13,57260.131
2170,2025-11-11 06:10:00+00:00,3538.13,3543.87,3533.8,3541.0,24826.801
2171,2025-11-11 06:15:00+00:00,3541.0,3546.1,3540.22,3540.91,27735.106
2172,2025-11-11 06:20:00+00:00,3540.9,3549.6,3540.2,3548.94,18705.592
2173,2025-11-11 06:25:00+00:00,3548.94,3555.62,3546.66,3547.89,18049.498
2174,2025-11-11 06:30:00+00:00,3547.89,3551.0,3547.0,3549.96,7387.733
2175,2025-11-11 06:35:00+00:00,3549.96,3555.0,3549.95,3554.52,11565.91
2176,2025-11-11 06:40:00+00:00,3553.34,3557.66,3550.45,3551.09,9935.892
2177,2025-11-11 06:45:00+00:00,3551.09,3551.09,3537.36,3542.72,19318.261
2178,2025-11-11 06:50:00+00:00,3542.72,3552.7,3540.8,3552.36,9585.896
2179,2025-11-11 06:55:00+00:00,3552.36,3556.0,3551.53,3555.67,9867.432
2180,2025-11-11 07:00:00+00:00,3555.67,3563.0,3554.05,3559.3,19144.276
2181,2025-11-11 07:05:00+00:00,3559.31,3565.0,3555.26,3555.6,10096.836
2182,2025-11-11 07:10:00+00:00,3555.59,3563.76,3552.03,3562.59,7786.18
2183,2025-11-11 07:15:00+00:00,3562.59,3562.59,3546.89,3555.15,9576.259
2184,2025-11-11 07:20:00+00:00,3555.14,3564.99,3551.3,3560.89,14784.479
2185,2025-11-11 07:25:00+00:00,3560.88,3563.4,3555.91,3557.51,5071.102
2186,2025-11-11 07:30:00+00:00,3557.51,3562.84,3556.02,3561.51,3582.357
2187,2025-11-11 07:35:00+00:00,3561.52,3562.82,3541.58,3542.41,12706.09
2188,2025-11-11 07:40:00+00:00,3542.4,3550.67,3540.44,3549.28,8578.917
2189,2025-11-11 07:45:00+00:00,3549.28,3553.0,3541.65,3543.17,8916.155
2190,2025-11-11 07:50:00+00:00,3543.16,3549.97,3540.24,3546.51,8461.38
2191,2025-11-11 07:55:00+00:00,3546.5,3550.7,3542.03,3542.88,7212.468
2192,2025-11-11 08:00:00+00:00,3542.88,3554.0,3541.22,3551.25,7337.552
2193,2025-11-11 08:05:00+00:00,3551.26,3553.01,3542.22,3550.24,5701.972
2194,2025-11-11 08:10:00+00:00,3550.24,3561.02,3549.69,3553.76,8571.576
2195,2025-11-11 08:15:00+00:00,3553.77,3559.88,3550.07,3557.41,7205.18
2196,2025-11-11 08:20:00+00:00,3557.41,3561.0,3555.06,3555.71,3698.082
2197,2025-11-11 08:25:00+00:00,3555.7,3561.0,3550.01,3550.97,4666.491
2198,2025-11-11 08:30:00+00:00,3550.97,3554.0,3547.08,3547.52,5512.418
2199,2025-11-11 08:35:00+00:00,3547.52,3549.78,3543.0,3548.65,7490.879
2200,2025-11-11 08:40:00+00:00,3548.66,3557.9,3548.05,3556.51,10410.675
2201,2025-11-11 08:45:00+00:00,3556.51,3560.0,3555.69,3559.73,5899.576
2202,2025-11-11 08:50:00+00:00,3559.72,3560.0,3557.15,3559.99,4846.954
2203,2025-11-11 08:55:00+00:00,3559.99,3562.0,3558.28,3561.19,8144.082
2204,2025-11-11 09:00:00+00:00,3561.2,3570.82,3559.07,3569.21,16034.353
2205,2025-11-11 09:05:00+00:00,3569.2,3581.46,3568.5,3580.22,22768.909
2206,2025-11-11 09:10:00+00:00,3580.22,3580.22,3570.35,3571.61,10242.686
2207,2025-11-11 09:15:00+00:00,3571.62,3573.03,3564.7,3566.52,9830.76
2208,2025-11-11 09:20:00+00:00,3566.51,3577.0,3566.51,3576.3,12614.834
2209,2025-11-11 09:25:00+00:00,3576.31,3577.81,3575.0,3575.81,5719.027
2210,2025-11-11 09:30:00+00:00,3575.81,3578.88,3575.0,3578.24,7539.594
2211,2025-11-11 09:35:00+00:00,3578.24,3582.8,3576.55,3582.32,11736.177
2212,2025-11-11 09:40:00+00:00,3582.31,3585.29,3562.79,3564.43,17596.941
2213,2025-11-11 09:45:00+00:00,3564.44,3566.09,3556.3,3562.8,17070.513
2214,2025-11-11 09:50:00+00:00,3562.81,3563.58,3549.53,3555.43,19763.745
2215,2025-11-11 09:55:00+00:00,3555.43,3556.12,3550.88,3553.96,7307.474
2216,2025-11-11 10:00:00+00:00,3553.96,3558.63,3549.94,3554.16,11892.718
2217,2025-11-11 10:05:00+00:00,3554.17,3560.71,3553.01,3560.38,6143.443
2218,2025-11-11 10:10:00+00:00,3560.38,3563.74,3553.0,3555.51,8807.256
2219,2025-11-11 10:15:00+00:00,3555.51,3564.82,3553.0,3558.08,5295.671
2220,2025-11-11 10:20:00+00:00,3558.08,3562.75,3553.24,3562.04,7571.373
2221,2025-11-11 10:25:00+00:00,3562.03,3562.03,3557.02,3559.77,2370.767
2222,2025-11-11 10:30:00+00:00,3559.77,3560.79,3549.12,3549.12,5923.131
2223,2025-11-11 10:35:00+00:00,3549.12,3557.97,3546.5,3555.08,8930.315
2224,2025-11-11 10:40:00+00:00,3555.09,3556.62,3553.07,3556.62,5140.975
2225,2025-11-11 10:45:00+00:00,3556.62,3557.65,3550.85,3551.48,3589.887
2226,2025-11-11 10:50:00+00:00,3551.47,3553.0,3550.0,3552.73,3338.861
2227,2025-11-11 10:55:00+00:00,3552.73,3558.9,3552.72,3558.78,5469.34
2228,2025-11-11 11:00:00+00:00,3558.78,3569.53,3558.43,3569.53,7591.262
2229,2025-11-11 11:05:00+00:00,3569.53,3573.88,3567.24,3573.31,7752.144
2230,2025-11-11 11:10:00+00:00,3573.31,3573.31,3565.15,3572.85,8274.551
2231,2025-11-11 11:15:00+00:00,3572.86,3573.8,3567.13,3569.89,6532.264
2232,2025-11-11 11:20:00+00:00,3569.9,3578.97,3569.89,3577.32,19934.121
2233,2025-11-11 11:25:00+00:00,3577.33,3580.0,3575.17,3575.17,9764.393
2234,2025-11-11 11:30:00+00:00,3575.18,3579.0,3575.06,3577.95,4280.755
2235,2025-11-11 11:35:00+00:00,3577.95,3580.06,3574.6,3575.15,8805.959
2236,2025-11-11 11:40:00+00:00,3575.16,3580.23,3575.16,3578.97,6924.162
2237,2025-11-11 11:45:00+00:00,3578.97,3579.78,3573.33,3573.98,7768.74
2238,2025-11-11 11:50:00+00:00,3573.98,3573.99,3565.52,3567.62,13087.22
2239,2025-11-11 11:55:00+00:00,3567.61,3572.78,3564.94,3572.4,9945.294
2240,2025-11-11 12:00:00+00:00,3572.4,3578.01,3569.81,3577.15,7284.52
2241,2025-11-11 12:05:00+00:00,3577.14,3593.0,3577.13,3590.0,23966.384
2242,2025-11-11 12:10:00+00:00,3590.0,3591.55,3576.04,3578.42,14823.215
2243,2025-11-11 12:15:00+00:00,3578.42,3582.45,3569.3,3570.49,10852.816
2244,2025-11-11 12:20:00+00:00,3570.49,3572.41,3565.61,3566.21,7293.086
2245,2025-11-11 12:25:00+00:00,3566.2,3571.19,3563.84,3564.44,9841.1
2246,2025-11-11 12:30:00+00:00,3564.44,3568.56,3564.28,3565.01,6609.555
2247,2025-11-11 12:35:00+00:00,3565.0,3565.0,3554.7,3555.11,16788.941
2248,2025-11-11 12:40:00+00:00,3555.11,3555.92,3548.0,3550.48,23929.244
2249,2025-11-11 12:45:00+00:00,3550.47,3554.3,3543.91,3545.1,20690.91
2250,2025-11-11 12:50:00+00:00,3545.11,3559.15,3544.01,3555.7,16342.338
2251,2025-11-11 12:55:00+00:00,3555.7,3556.66,3538.05,3539.7,34560.267
2252,2025-11-11 13:00:00+00:00,3539.68,3547.62,3539.38,3546.14,13710.986
2253,2025-11-11 13:05:00+00:00,3546.14,3552.56,3544.69,3550.31,10813.022
2254,2025-11-11 13:10:00+00:00,3550.31,3552.52,3547.42,3552.27,9020.76
2255,2025-11-11 13:15:00+00:00,3552.27,3556.32,3543.0,3546.74,8661.371
2256,2025-11-11 13:20:00+00:00,3546.73,3558.0,3545.67,3554.43,15476.558
2257,2025-11-11 13:25:00+00:00,3554.43,3557.51,3545.96,3550.0,17747.896
2258,2025-11-11 13:30:00+00:00,3549.99,3557.95,3549.7,3555.96,13175.273
2259,2025-11-11 13:35:00+00:00,3555.97,3560.76,3552.36,3554.1,9194.121
2260,2025-11-11 13:40:00+00:00,3554.1,3563.42,3552.45,3561.31,9825.22
2261,2025-11-11 13:45:00+00:00,3561.31,3572.94,3561.31,3567.25,16006.731
2262,2025-11-11 13:50:00+00:00,3567.26,3568.0,3539.0,3540.52,50630.87
2263,2025-11-11 13:55:00+00:00,3540.52,3540.52,3524.0,3530.99,64880.542
2264,2025-11-11 14:00:00+00:00,3530.99,3538.53,3520.17,3529.8,44474.233
2265,2025-11-11 14:05:00+00:00,3529.8,3535.51,3524.0,3528.56,25291.767
2266,2025-11-11 14:10:00+00:00,3528.56,3532.16,3526.18,3530.17,12255.284
2267,2025-11-11 14:15:00+00:00,3530.18,3534.16,3526.25,3532.96,12060.25
2268,2025-11-11 14:20:00+00:00,3532.99,3537.75,3529.74,3536.03,11844.793
2269,2025-11-11 14:25:00+00:00,3536.04,3546.26,3528.0,3530.82,21616.766
2270,2025-11-11 14:30:00+00:00,3530.82,3531.5,3510.0,3513.46,67666.857
2271,2025-11-11 14:35:00+00:00,3513.46,3526.99,3512.02,3524.63,31584.696
2272,2025-11-11 14:40:00+00:00,3524.64,3525.31,3506.07,3508.68,33955.004
2273,2025-11-11 14:45:00+00:00,3508.68,3513.45,3483.71,3490.81,86182.819
2274,2025-11-11 14:50:00+00:00,3490.8,3497.14,3485.23,3494.28,41469.952
2275,2025-11-11 14:55:00+00:00,3494.28,3532.24,3492.0,3528.26,94444.407
2276,2025-11-11 15:00:00+00:00,3528.26,3528.26,3508.55,3508.82,27788.355
2277,2025-11-11 15:05:00+00:00,3508.82,3510.69,3490.12,3500.35,47242.106
2278,2025-11-11 15:10:00+00:00,3500.35,3505.73,3493.03,3496.09,21989.048
2279,2025-11-11 15:15:00+00:00,3496.09,3512.8,3493.09,3506.23,27582.486
2280,2025-11-11 15:20:00+00:00,3506.22,3515.33,3502.58,3513.66,12873.798
2281,2025-11-11 15:25:00+00:00,3513.66,3515.83,3484.55,3485.47,38465.425
2282,2025-11-11 15:30:00+00:00,3485.46,3485.74,3466.0,3479.13,86659.732
2283,2025-11-11 15:35:00+00:00,3479.09,3482.99,3471.36,3482.52,30293.093
2284,2025-11-11 15:40:00+00:00,3482.52,3488.59,3475.14,3477.71,20766.297
2285,2025-11-11 15:45:00+00:00,3477.7,3483.72,3466.75,3476.92,24115.057
2286,2025-11-11 15:50:00+00:00,3476.92,3483.5,3474.63,3482.02,14155.112
2287,2025-11-11 15:55:00+00:00,3482.01,3485.01,3478.76,3479.62,14569.908
2288,2025-11-11 16:00:00+00:00,3479.62,3486.8,3477.0,3479.66,16377.477
2289,2025-11-11 16:05:00+00:00,3479.67,3482.2,3463.42,3466.4,29559.052
2290,2025-11-11 16:10:00+00:00,3466.4,3482.68,3465.95,3479.81,22030.05
2291,2025-11-11 16:15:00+00:00,3479.8,3485.24,3476.79,3484.99,24514.995
2292,2025-11-11 16:20:00+00:00,3485.0,3494.0,3481.44,3492.04,19177.147
2293,2025-11-11 16:25:00+00:00,3492.04,3493.22,3469.65,3473.62,19061.811
2294,2025-11-11 16:30:00+00:00,3473.62,3483.85,3466.87,3482.41,15638.699
2295,2025-11-11 16:35:00+00:00,3482.41,3484.99,3474.57,3479.66,8737.505
2296,2025-11-11 16:40:00+00:00,3479.66,3492.0,3473.09,3486.87,10058.571
2297,2025-11-11 16:45:00+00:00,3486.87,3499.1,3483.44,3493.95,23830.583
2298,2025-11-11 16:50:00+00:00,3493.95,3494.59,3484.0,3490.6,9815.735
2299,2025-11-11 16:55:00+00:00,3490.59,3490.59,3480.05,3483.45,7537.786
2300,2025-11-11 17:00:00+00:00,3483.45,3487.95,3476.82,3481.9,15189.839
2301,2025-11-11 17:05:00+00:00,3481.9,3497.07,3481.89,3490.02,13991.206
2302,2025-11-11 17:10:00+00:00,3490.02,3497.18,3488.89,3488.91,7446.488
2303,2025-11-11 17:15:00+00:00,3488.91,3493.63,3482.49,3483.46,6893.099
2304,2025-11-11 17:20:00+00:00,3483.45,3486.67,3473.95,3475.3,10655.062
2305,2025-11-11 17:25:00+00:00,3475.3,3475.7,3470.28,3474.79,11599.524
2306,2025-11-11 17:30:00+00:00,3474.79,3476.88,3466.85,3467.13,16693.107
2307,2025-11-11 17:35:00+00:00,3467.13,3469.68,3455.2,3457.13,47739.011
2308,2025-11-11 17:40:00+00:00,3457.14,3460.39,3443.04,3458.1,60170.785
2309,2025-11-11 17:45:00+00:00,3458.09,3462.28,3451.61,3459.45,15228.961
2310,2025-11-11 17:50:00+00:00,3459.45,3471.52,3457.67,3468.88,20286.197
2311,2025-11-11 17:55:00+00:00,3468.87,3475.0,3468.87,3471.5,10332.791
2312,2025-11-11 18:00:00+00:00,3471.49,3485.3,3469.4,3473.0,23254.126
2313,2025-11-11 18:05:00+00:00,3473.0,3479.32,3458.33,3463.66,28906.761
2314,2025-11-11 18:10:00+00:00,3463.65,3483.09,3463.65,3476.51,20837.424
2315,2025-11-11 18:15:00+00:00,3476.51,3481.14,3474.31,3477.88,6952.06
2316,2025-11-11 18:20:00+00:00,3477.88,3480.95,3469.02,3470.0,6072.009
2317,2025-11-11 18:25:00+00:00,3469.99,3476.73,3465.28,3474.18,13006.87
2318,2025-11-11 18:30:00+00:00,3474.18,3480.75,3473.74,3476.18,5617.82
2319,2025-11-11 18:35:00+00:00,3476.19,3477.43,3462.75,3467.58,10183.576
2320,2025-11-11 18:40:00+00:00,3467.58,3473.05,3462.09,3464.79,6356.328
2321,2025-11-11 18:45:00+00:00,3464.8,3474.66,3463.78,3474.41,6371.144
2322,2025-11-11 18:50:00+00:00,3474.4,3476.0,3468.63,3469.64,8154.761
2323,2025-11-11 18:55:00+00:00,3469.65,3471.42,3466.12,3467.29,4522.173
2324,2025-11-11 19:00:00+00:00,3467.31,3467.31,3457.33,3463.77,13550.532
2325,2025-11-11 19:05:00+00:00,3463.77,3465.44,3449.72,3456.35,17092.202
2326,2025-11-11 19:10:00+00:00,3456.36,3462.87,3456.35,3458.33,6566.337
2327,2025-11-11 19:15:00+00:00,3458.34,3468.72,3458.33,3460.2,8968.483
2328,2025-11-11 19:20:00+00:00,3460.21,3467.0,3459.81,3463.46,6198.091
2329,2025-11-11 19:25:00+00:00,3463.45,3466.78,3460.96,3462.91,5139.216
2330,2025-11-11 19:30:00+00:00,3462.92,3468.0,3462.47,3462.9,5833.858
2331,2025-11-11 19:35:00+00:00,3462.9,3463.5,3451.81,3453.08,6637.273
2332,2025-11-11 19:40:00+00:00,3453.08,3456.46,3447.8,3452.71,12163.183
2333,2025-11-11 19:45:00+00:00,3452.71,3464.06,3450.0,3462.48,11070.55
2334,2025-11-11 19:50:00+00:00,3462.48,3467.68,3458.32,3461.9,6401.695
2335,2025-11-11 19:55:00+00:00,3461.91,3464.25,3453.39,3455.65,6772.799
2336,2025-11-11 20:00:00+00:00,3455.66,3457.28,3449.11,3450.08,10841.193
2337,2025-11-11 20:05:00+00:00,3450.08,3454.37,3441.56,3443.73,22531.768
2338,2025-11-11 20:10:00+00:00,3443.72,3451.25,3434.67,3447.48,25097.466
2339,2025-11-11 20:15:00+00:00,3447.48,3454.06,3442.98,3451.29,8928.375
2340,2025-11-11 20:20:00+00:00,3451.29,3459.12,3451.12,3458.7,9592.011
2341,2025-11-11 20:25:00+00:00,3458.7,3460.66,3445.42,3446.34,7148.405
2342,2025-11-11 20:30:00+00:00,3446.34,3446.34,3433.3,3437.3,21112.667
2343,2025-11-11 20:35:00+00:00,3437.29,3439.36,3431.12,3436.87,20148.875
2344,2025-11-11 20:40:00+00:00,3436.87,3439.48,3432.06,3432.24,9513.444
2345,2025-11-11 20:45:00+00:00,3432.24,3445.0,3427.04,3439.64,27410.396
2346,2025-11-11 20:50:00+00:00,3439.63,3442.5,3436.3,3441.26,7305.629
2347,2025-11-11 20:55:00+00:00,3441.25,3446.76,3429.6,3437.4,24565.228
2348,2025-11-11 21:00:00+00:00,3437.4,3445.45,3428.0,3439.78,29867.618
2349,2025-11-11 21:05:00+00:00,3439.78,3444.1,3431.5,3442.68,10121.106
2350,2025-11-11 21:10:00+00:00,3442.67,3448.67,3441.15,3441.46,11176.348
2351,2025-11-11 21:15:00+00:00,3441.46,3444.63,3436.16,3437.29,5857.057
2352,2025-11-11 21:20:00+00:00,3437.3,3445.39,3437.06,3443.48,5115.304
2353,2025-11-11 21:25:00+00:00,3443.48,3444.32,3437.0,3437.22,3132.07
2354,2025-11-11 21:30:00+00:00,3437.21,3438.23,3425.7,3430.71,15897.255
2355,2025-11-11 21:35:00+00:00,3430.72,3434.19,3411.5,3413.72,42365.826
2356,2025-11-11 21:40:00+00:00,3413.72,3419.01,3411.0,3415.59,23739.811
2357,2025-11-11 21:45:00+00:00,3415.58,3418.95,3408.88,3410.48,15834.396
2358,2025-11-11 21:50:00+00:00,3410.49,3422.96,3406.6,3420.14,22696.425
2359,2025-11-11 21:55:00+00:00,3420.13,3426.15,3416.19,3416.19,8577.897
2360,2025-11-11 22:00:00+00:00,3416.19,3416.29,3403.02,3406.39,18567.984
2361,2025-11-11 22:05:00+00:00,3406.39,3410.58,3405.43,3407.82,7940.558
2362,2025-11-11 22:10:00+00:00,3407.82,3423.86,3407.36,3422.85,11015.843
2363,2025-11-11 22:15:00+00:00,3422.84,3422.85,3411.0,3421.57,6345.542
2364,2025-11-11 22:20:00+00:00,3421.56,3434.8,3420.76,3432.2,34059.534
2365,2025-11-11 22:25:00+00:00,3432.2,3434.56,3424.29,3430.87,13531.971
2366,2025-11-11 22:30:00+00:00,3430.87,3434.58,3428.38,3433.71,8647.502
2367,2025-11-11 22:35:00+00:00,3433.72,3435.33,3430.2,3431.37,6814.308
2368,2025-11-11 22:40:00+00:00,3431.36,3431.36,3424.12,3428.88,6269.382
2369,2025-11-11 22:45:00+00:00,3428.88,3432.32,3422.01,3422.46,5052.05
2370,2025-11-11 22:50:00+00:00,3422.47,3432.0,3422.3,3431.09,5176.185
2371,2025-11-11 22:55:00+00:00,3431.1,3434.55,3425.4,3428.46,6234.597
2372,2025-11-11 23:00:00+00:00,3428.47,3429.76,3415.3,3416.36,13960.054
2373,2025-11-11 23:05:00+00:00,3416.35,3425.23,3415.1,3417.59,5764.645
2374,2025-11-11 23:10:00+00:00,3417.58,3424.74,3417.37,3422.92,4583.4
2375,2025-11-11 23:15:00+00:00,3422.92,3431.39,3422.91,3430.07,7976.089
2376,2025-11-11 23:20:00+00:00,3430.07,3437.05,3428.68,3429.08,13672.701
2377,2025-11-11 23:25:00+00:00,3429.07,3432.17,3423.47,3428.39,6791.961
2378,2025-11-11 23:30:00+00:00,3428.4,3428.4,3415.76,3418.64,7847.43
2379,2025-11-11 23:35:00+00:00,3418.64,3422.91,3411.72,3420.23,10246.521
2380,2025-11-11 23:40:00+00:00,3420.23,3424.67,3417.54,3417.54,4563.402
2381,2025-11-11 23:45:00+00:00,3417.55,3421.42,3407.51,3420.08,15973.592
2382,2025-11-11 23:50:00+00:00,3420.07,3422.67,3407.45,3410.89,13962.118
2383,2025-11-11 23:55:00+00:00,3410.88,3421.21,3410.64,3416.32,7210.393
2384,2025-11-12 00:00:00+00:00,3416.33,3431.76,3414.73,3430.74,20180.943
2385,2025-11-12 00:05:00+00:00,3430.74,3433.64,3427.51,3427.51,10412.116
2386,2025-11-12 00:10:00+00:00,3427.51,3427.51,3408.14,3416.12,22179.387
2387,2025-11-12 00:15:00+00:00,3416.12,3429.28,3413.48,3425.9,9263.805
2388,2025-11-12 00:20:00+00:00,3425.91,3429.96,3417.91,3426.47,6583.411
2389,2025-11-12 00:25:00+00:00,3426.47,3430.0,3422.1,3427.02,4522.794
2390,2025-11-12 00:30:00+00:00,3427.02,3428.8,3417.24,3421.34,6726.807
2391,2025-11-12 00:35:00+00:00,3421.33,3429.26,3417.25,3418.33,6482.03
2392,2025-11-12 00:40:00+00:00,3418.36,3425.0,3416.3,3424.27,4682.771
2393,2025-11-12 00:45:00+00:00,3424.27,3427.96,3420.06,3425.87,4720.682
2394,2025-11-12 00:50:00+00:00,3425.88,3427.58,3417.01,3418.2,5334.761
2395,2025-11-12 00:55:00+00:00,3418.21,3426.24,3415.0,3416.64,6817.726
2396,2025-11-12 01:00:00+00:00,3416.65,3424.23,3410.69,3415.39,8781.638
2397,2025-11-12 01:05:00+00:00,3415.39,3432.79,3414.55,3430.78,17678.186
2398,2025-11-12 01:10:00+00:00,3430.78,3438.34,3426.39,3436.48,18629.056
2399,2025-11-12 01:15:00+00:00,3436.49,3450.0,3435.0,3443.6,45925.659
2400,2025-11-12 01:20:00+00:00,3443.59,3446.84,3431.41,3432.57,14365.15
2401,2025-11-12 01:25:00+00:00,3432.58,3435.88,3427.48,3434.68,9516.437
2402,2025-11-12 01:30:00+00:00,3434.68,3440.0,3431.17,3438.34,7855.007
2403,2025-11-12 01:35:00+00:00,3438.34,3444.75,3437.0,3442.38,10643.372
2404,2025-11-12 01:40:00+00:00,3442.38,3447.44,3441.27,3442.98,8774.261
2405,2025-11-12 01:45:00+00:00,3443.0,3447.77,3440.71,3444.43,4364.635
2406,2025-11-12 01:50:00+00:00,3444.43,3448.48,3442.0,3448.34,5573.618
2407,2025-11-12 01:55:00+00:00,3448.33,3448.91,3444.0,3445.82,5439.619
2408,2025-11-12 02:00:00+00:00,3445.82,3448.36,3443.22,3444.15,6242.981
2409,2025-11-12 02:05:00+00:00,3444.15,3454.33,3444.15,3452.39,13624.799
2410,2025-11-12 02:10:00+00:00,3452.4,3454.49,3448.82,3450.05,10103.733
2411,2025-11-12 02:15:00+00:00,3450.04,3454.68,3441.47,3441.81,13121.288
2412,2025-11-12 02:20:00+00:00,3441.8,3443.31,3433.48,3441.48,21724.428
2413,2025-11-12 02:25:00+00:00,3441.47,3441.82,3435.0,3437.23,5955.081
2414,2025-11-12 02:30:00+00:00,3437.23,3437.24,3416.77,3422.02,23429.973
2415,2025-11-12 02:35:00+00:00,3422.03,3428.27,3417.2,3423.35,14632.005
2416,2025-11-12 02:40:00+00:00,3423.35,3425.21,3419.4,3423.07,5271.8
2417,2025-11-12 02:45:00+00:00,3423.07,3425.16,3415.58,3419.57,9344.493
2418,2025-11-12 02:50:00+00:00,3419.57,3428.53,3416.36,3427.21,7688.441
2419,2025-11-12 02:55:00+00:00,3427.21,3429.44,3422.33,3425.94,5411.644
2420,2025-11-12 03:00:00+00:00,3425.95,3429.47,3419.85,3429.46,7204.657
2421,2025-11-12 03:05:00+00:00,3429.46,3435.0,3427.88,3430.75,13208.717
2422,2025-11-12 03:10:00+00:00,3430.75,3436.8,3429.66,3435.99,6873.113
2423,2025-11-12 03:15:00+00:00,3436.0,3439.0,3431.79,3437.35,6551.571
2424,2025-11-12 03:20:00+00:00,3437.36,3440.97,3436.0,3439.79,5921.237
2425,2025-11-12 03:25:00+00:00,3439.8,3440.33,3436.0,3439.74,3852.719
2426,2025-11-12 03:30:00+00:00,3439.74,3441.5,3436.06,3439.78,4389.968
2427,2025-11-12 03:35:00+00:00,3439.78,3441.86,3437.74,3440.22,3111.189
2428,2025-11-12 03:40:00+00:00,3440.22,3442.0,3439.82,3441.01,3822.602
2429,2025-11-12 03:45:00+00:00,3441.01,3442.99,3439.06,3442.86,2975.02
2430,2025-11-12 03:50:00+00:00,3442.86,3443.76,3440.62,3443.54,4517.591
2431,2025-11-12 03:55:00+00:00,3443.54,3444.63,3436.48,3437.52,6070.739
2432,2025-11-12 04:00:00+00:00,3437.52,3440.76,3432.0,3435.83,6406.487
2433,2025-11-12 04:05:00+00:00,3435.83,3444.0,3432.48,3440.48,5535.086
2434,2025-11-12 04:10:00+00:00,3440.48,3441.4,3436.09,3441.16,2473.735
2435,2025-11-12 04:15:00+00:00,3441.16,3442.4,3434.77,3435.45,2593.024
2436,2025-11-12 04:20:00+00:00,3435.45,3437.03,3433.28,3435.3,2626.094
2437,2025-11-12 04:25:00+00:00,3435.3,3436.29,3430.55,3432.35,3100.318
2438,2025-11-12 04:30:00+00:00,3432.35,3435.7,3430.6,3432.99,3634.142
2439,2025-11-12 04:35:00+00:00,3432.99,3439.8,3430.6,3435.59,5033.546
2440,2025-11-12 04:40:00+00:00,3435.6,3436.36,3431.31,3432.98,3081.451
2441,2025-11-12 04:45:00+00:00,3432.99,3438.43,3430.3,3437.81,4982.79
2442,2025-11-12 04:50:00+00:00,3437.82,3439.45,3433.56,3435.01,6482.138
2443,2025-11-12 04:55:00+00:00,3435.0,3443.8,3433.39,3442.65,9220.56
2444,2025-11-12 05:00:00+00:00,3442.65,3450.0,3442.65,3448.73,13463.873
2445,2025-11-12 05:05:00+00:00,3448.72,3450.0,3444.07,3444.24,13542.277
2446,2025-11-12 05:10:00+00:00,3444.24,3449.99,3444.13,3444.97,6121.365
2447,2025-11-12 05:15:00+00:00,3444.97,3450.0,3444.96,3449.48,6302.004
2448,2025-11-12 05:20:00+00:00,3449.47,3454.05,3448.56,3452.18,25532.317
2449,2025-11-12 05:25:00+00:00,3452.19,3455.0,3442.57,3446.81,15836.896
2450,2025-11-12 05:30:00+00:00,3446.8,3448.56,3443.54,3445.39,3775.298
2451,2025-11-12 05:35:00+00:00,3445.38,3445.44,3442.5,3445.29,3405.918
2452,2025-11-12 05:40:00+00:00,3445.29,3449.73,3441.48,3448.55,4194.689
2453,2025-11-12 05:45:00+00:00,3448.55,3449.0,3444.6,3446.05,3343.17
2454,2025-11-12 05:50:00+00:00,3446.05,3449.45,3445.26,3448.74,2888.397
2455,2025-11-12 05:55:00+00:00,3448.74,3449.63,3446.0,3447.46,5956.671
2456,2025-11-12 06:00:00+00:00,3447.45,3447.71,3444.53,3447.48,4280.117
2457,2025-11-12 06:05:00+00:00,3447.49,3452.76,3446.07,3450.89,4247.492
2458,2025-11-12 06:10:00+00:00,3450.9,3452.64,3448.0,3448.94,4048.685
2459,2025-11-12 06:15:00+00:00,3448.94,3455.79,3448.0,3451.54,9617.839
2460,2025-11-12 06:20:00+00:00,3451.54,3453.01,3448.22,3451.63,3735.747
2461,2025-11-12 06:25:00+00:00,3451.64,3453.61,3449.88,3450.91,3111.82
2462,2025-11-12 06:30:00+00:00,3450.9,3452.05,3448.59,3449.36,3596.64
2463,2025-11-12 06:35:00+00:00,3449.37,3451.03,3447.55,3447.55,3880.952
2464,2025-11-12 06:40:00+00:00,3447.55,3447.56,3443.01,3443.33,5026.834
2465,2025-11-12 06:45:00+00:00,3443.34,3446.4,3440.74,3444.48,3825.728
2466,2025-11-12 06:50:00+00:00,3444.47,3444.79,3441.56,3443.73,1930.301
2467,2025-11-12 06:55:00+00:00,3443.74,3443.74,3436.66,3436.66,7681.914
2468,2025-11-12 07:00:00+00:00,3436.67,3440.5,3436.21,3437.59,6590.494
2469,2025-11-12 07:05:00+00:00,3437.58,3447.82,3437.57,3445.93,5866.797
2470,2025-11-12 07:10:00+00:00,3445.92,3447.35,3444.72,3446.17,3119.017
2471,2025-11-12 07:15:00+00:00,3446.17,3449.13,3439.32,3442.85,4596.391
2472,2025-11-12 07:20:00+00:00,3442.85,3444.43,3440.55,3441.2,3036.3
2473,2025-11-12 07:25:00+00:00,3441.2,3443.9,3440.33,3443.05,1884.278
2474,2025-11-12 07:30:00+00:00,3443.05,3447.43,3440.09,3445.57,3604.204
2475,2025-11-12 07:35:00+00:00,3445.57,3450.99,3445.55,3450.0,4730.953
2476,2025-11-12 07:40:00+00:00,3450.0,3450.17,3445.47,3446.01,3229.99
2477,2025-11-12 07:45:00+00:00,3446.0,3446.78,3440.85,3441.8,4269.004
2478,2025-11-12 07:50:00+00:00,3441.79,3442.0,3432.22,3437.72,12460.099
2479,2025-11-12 07:55:00+00:00,3437.72,3438.0,3422.17,3426.52,30426.488
2480,2025-11-12 08:00:00+00:00,3426.51,3431.98,3426.33,3431.47,10113.164
2481,2025-11-12 08:05:00+00:00,3431.48,3435.81,3430.0,3435.5,8898.176
2482,2025-11-12 08:10:00+00:00,3435.49,3437.26,3435.31,3435.89,5404.857
2483,2025-11-12 08:15:00+00:00,3435.9,3445.87,3435.89,3445.61,12372.681
2484,2025-11-12 08:20:00+00:00,3445.6,3453.2,3445.6,3450.48,15292.95
2485,2025-11-12 08:25:00+00:00,3450.49,3458.0,3446.63,3457.99,20387.475
2486,2025-11-12 08:30:00+00:00,3458.0,3466.1,3453.55,3465.35,29276.451
2487,2025-11-12 08:35:00+00:00,3465.36,3479.0,3462.75,3474.42,41837.395
2488,2025-11-12 08:40:00+00:00,3474.42,3474.42,3467.59,3470.55,19143.489
2489,2025-11-12 08:45:00+00:00,3470.54,3475.54,3466.36,3475.09,11868.202
2490,2025-11-12 08:50:00+00:00,3475.1,3475.39,3466.82,3466.82,9795.771
2491,2025-11-12 08:55:00+00:00,3466.83,3468.94,3464.41,3466.95,9173.621
2492,2025-11-12 09:00:00+00:00,3466.94,3474.56,3464.06,3470.11,13091.58
2493,2025-11-12 09:05:00+00:00,3470.12,3477.43,3469.55,3477.43,11654.801
2494,2025-11-12 09:10:00+00:00,3477.45,3491.13,3477.45,3485.57,43204.213
2495,2025-11-12 09:15:00+00:00,3485.55,3491.0,3483.38,3488.28,18425.137
2496,2025-11-12 09:20:00+00:00,3488.28,3492.97,3485.43,3489.2,15430.373
2497,2025-11-12 09:25:00+00:00,3489.2,3489.56,3479.32,3480.48,13344.446
2498,2025-11-12 09:30:00+00:00,3480.49,3481.35,3470.6,3472.47,20043.673
2499,2025-11-12 09:35:00+00:00,3472.47,3487.4,3470.02,3483.69,21054.238
2500,2025-11-12 09:40:00+00:00,3483.69,3486.28,3479.52,3485.24,6592.474
2501,2025-11-12 09:45:00+00:00,3485.24,3485.24,3480.8,3483.03,7876.204
2502,2025-11-12 09:50:00+00:00,3483.02,3483.03,3477.22,3478.75,5925.532
2503,2025-11-12 09:55:00+00:00,3478.76,3484.0,3478.31,3482.07,5023.833
2504,2025-11-12 10:00:00+00:00,3482.07,3492.54,3481.31,3492.31,15826.822
2505,2025-11-12 10:05:00+00:00,3492.31,3496.23,3488.33,3494.49,13582.065
2506,2025-11-12 10:10:00+00:00,3494.5,3498.86,3491.48,3498.73,9803.492
2507,2025-11-12 10:15:00+00:00,3498.73,3498.73,3493.04,3494.76,7796.509
2508,2025-11-12 10:20:00+00:00,3494.77,3509.57,3494.45,3504.01,23584.853
2509,2025-11-12 10:25:00+00:00,3504.0,3513.91,3503.9,3508.18,22092.773
2510,2025-11-12 10:30:00+00:00,3508.18,3542.84,3508.03,3533.16,71934.323
2511,2025-11-12 10:35:00+00:00,3533.17,3547.95,3521.49,3523.39,43072.697
2512,2025-11-12 10:40:00+00:00,3523.39,3531.59,3520.62,3528.75,15095.588
2513,2025-11-12 10:45:00+00:00,3528.75,3533.66,3528.37,3530.96,20894.512
2514,2025-11-12 10:50:00+00:00,3530.97,3535.81,3525.48,3532.0,14119.34
2515,2025-11-12 10:55:00+00:00,3532.01,3533.59,3528.54,3532.5,6956.202
2516,2025-11-12 11:00:00+00:00,3532.49,3545.81,3532.19,3542.85,33681.322
2517,2025-11-12 11:05:00+00:00,3542.86,3557.08,3542.59,3555.28,44501.837
2518,2025-11-12 11:10:00+00:00,3555.28,3569.0,3553.26,3557.71,45149.848
2519,2025-11-12 11:15:00+00:00,3557.72,3567.12,3553.28,3556.06,15128.152
2520,2025-11-12 11:20:00+00:00,3556.06,3557.81,3542.96,3547.53,25952.527
2521,2025-11-12 11:25:00+00:00,3547.53,3550.0,3541.65,3541.9,17015.127
2522,2025-11-12 11:30:00+00:00,3541.9,3548.0,3540.46,3543.03,15581.384
2523,2025-11-12 11:35:00+00:00,3543.03,3545.91,3538.0,3540.01,12811.316
2524,2025-11-12 11:40:00+00:00,3540.01,3545.89,3539.64,3543.62,10532.178
2525,2025-11-12 11:45:00+00:00,3543.62,3545.85,3541.2,3543.12,5262.776
2526,2025-11-12 11:50:00+00:00,3543.12,3547.13,3542.45,3546.11,8629.649
2527,2025-11-12 11:55:00+00:00,3546.1,3548.35,3543.54,3548.25,5968.888
2528,2025-11-12 12:00:00+00:00,3548.24,3550.0,3539.21,3540.4,12551.235
2529,2025-11-12 12:05:00+00:00,3540.41,3546.37,3538.07,3543.4,11329.254
2530,2025-11-12 12:10:00+00:00,3543.39,3550.53,3543.39,3545.44,11529.176
2531,2025-11-12 12:15:00+00:00,3545.43,3553.0,3541.2,3552.42,11713.85
2532,2025-11-12 12:20:00+00:00,3552.42,3564.97,3551.95,3555.16,34974.053
2533,2025-11-12 12:25:00+00:00,3555.16,3556.28,3546.65,3547.38,7985.573
2534,2025-11-12 12:30:00+00:00,3547.38,3548.62,3542.78,3547.6,8542.901
2535,2025-11-12 12:35:00+00:00,3547.6,3552.8,3547.59,3549.28,7605.697
2536,2025-11-12 12:40:00+00:00,3549.28,3549.28,3538.04,3540.52,18333.011
2537,2025-11-12 12:45:00+00:00,3540.53,3549.74,3539.77,3549.74,6870.5
2538,2025-11-12 12:50:00+00:00,3549.74,3552.18,3549.24,3550.6,5189.905
2539,2025-11-12 12:55:00+00:00,3550.6,3553.26,3550.0,3550.74,4552.462
2540,2025-11-12 13:00:00+00:00,3550.73,3552.66,3543.64,3547.89,10724.487
2541,2025-11-12 13:05:00+00:00,3547.89,3549.94,3544.75,3544.76,6851.78
2542,2025-11-12 13:10:00+00:00,3544.75,3555.0,3544.75,3553.92,14981.809
2543,2025-11-12 13:15:00+00:00,3553.92,3555.92,3547.48,3548.46,9396.766
2544,2025-11-12 13:20:00+00:00,3548.46,3554.78,3546.82,3552.5,11383.271
2545,2025-11-12 13:25:00+00:00,3552.49,3562.98,3549.29,3561.46,16347.115
2546,2025-11-12 13:30:00+00:00,3561.46,3563.46,3557.01,3559.12,12927.453
2547,2025-11-12 13:35:00+00:00,3559.12,3574.03,3558.59,3570.36,25719.712
2548,2025-11-12 13:40:00+00:00,3570.36,3586.0,3570.35,3582.25,39267.236
2549,2025-11-12 13:45:00+00:00,3582.25,3585.97,3577.01,3584.96,16106.932
2550,2025-11-12 13:50:00+00:00,3584.95,3587.24,3576.64,3577.96,14866.414
2551,2025-11-12 13:55:00+00:00,3577.96,3578.8,3574.0,3575.41,12160.112
2552,2025-11-12 14:00:00+00:00,3575.42,3575.42,3565.25,3566.62,20814.413
2553,2025-11-12 14:05:00+00:00,3566.61,3572.11,3563.16,3571.5,12464.755
2554,2025-11-12 14:10:00+00:00,3571.49,3580.18,3570.47,3577.12,11693.526
2555,2025-11-12 14:15:00+00:00,3577.11,3578.63,3569.13,3570.93,9118.114
2556,2025-11-12 14:20:00+00:00,3570.93,3572.45,3567.0,3570.0,8649.094
2557,2025-11-12 14:25:00+00:00,3569.99,3570.0,3564.0,3566.76,10372.269
2558,2025-11-12 14:30:00+00:00,3566.77,3570.34,3554.0,3555.43,31798.161
2559,2025-11-12 14:35:00+00:00,3555.43,3559.0,3543.08,3547.63,71494.084
2560,2025-11-12 14:40:00+00:00,3547.64,3551.0,3539.97,3546.38,36843.155
2561,2025-11-12 14:45:00+00:00,3546.38,3550.0,3478.07,3497.0,166402.928
2562,2025-11-12 14:50:00+00:00,3497.0,3509.0,3483.96,3506.55,86528.571
2563,2025-11-12 14:55:00+00:00,3506.55,3507.14,3490.25,3500.94,40343.698
2564,2025-11-12 15:00:00+00:00,3500.94,3519.96,3491.8,3512.67,51782.454
2565,2025-11-12 15:05:00+00:00,3512.68,3512.68,3498.28,3509.0,26201.023
2566,2025-11-12 15:10:00+00:00,3509.0,3515.25,3485.19,3486.11,38511.142
2567,2025-11-12 15:15:00+00:00,3486.11,3496.44,3464.0,3465.87,70319.968
2568,2025-11-12 15:20:00+00:00,3465.87,3484.53,3461.27,3480.56,57471.55
2569,2025-11-12 15:25:00+00:00,3480.55,3484.09,3465.62,3480.0,24107.662
2570,2025-11-12 15:30:00+00:00,3480.01,3496.56,3479.08,3479.91,44761.728
2571,2025-11-12 15:35:00+00:00,3479.92,3482.41,3444.53,3454.83,82264.289
2572,2025-11-12 15:40:00+00:00,3454.83,3458.99,3448.0,3456.96,41027.099
2573,2025-11-12 15:45:00+00:00,3456.95,3463.53,3448.71,3450.51,41869.63
2574,2025-11-12 15:50:00+00:00,3450.51,3459.78,3423.05,3430.27,83100.52
2575,2025-11-12 15:55:00+00:00,3430.27,3433.7,3416.27,3426.34,51636.652
2576,2025-11-12 16:00:00+00:00,3426.33,3431.81,3414.85,3423.06,52608.278
2577,2025-11-12 16:05:00+00:00,3423.09,3431.0,3407.51,3417.47,50285.099
2578,2025-11-12 16:10:00+00:00,3417.47,3418.0,3370.0,3386.47,150642.76
2579,2025-11-12 16:15:00+00:00,3386.47,3404.89,3382.71,3398.66,68195.017
2580,2025-11-12 16:20:00+00:00,3398.67,3402.82,3383.49,3390.55,33385.749
2581,2025-11-12 16:25:00+00:00,3390.55,3396.96,3385.25,3394.38,23572.851
2582,2025-11-12 16:30:00+00:00,3394.38,3419.85,3380.09,3417.42,77026.47
2583,2025-11-12 16:35:00+00:00,3417.42,3419.01,3408.24,3411.73,56928.743
2584,2025-11-12 16:40:00+00:00,3411.73,3415.0,3404.07,3407.67,33894.291
2585,2025-11-12 16:45:00+00:00,3407.66,3416.9,3390.76,3396.4,50450.543
2586,2025-11-12 16:50:00+00:00,3396.4,3400.26,3390.41,3396.44,25456.001
2587,2025-11-12 16:55:00+00:00,3396.43,3409.45,3393.25,3398.09,35621.453
2588,2025-11-12 17:00:00+00:00,3398.1,3405.29,3392.61,3401.73,21734.854
2589,2025-11-12 17:05:00+00:00,3401.73,3412.3,3397.39,3408.49,29902.543
2590,2025-11-12 17:10:00+00:00,3408.49,3409.12,3399.6,3400.98,25719.968
2591,2025-11-12 17:15:00+00:00,3400.98,3404.58,3390.12,3397.77,39014.106
2592,2025-11-12 17:20:00+00:00,3397.78,3401.9,3395.0,3398.03,18215.619
2593,2025-11-12 17:25:00+00:00,3398.04,3403.91,3396.0,3400.16,14903.187
2594,2025-11-12 17:30:00+00:00,3400.16,3407.47,3396.33,3404.01,14920.735
2595,2025-11-12 17:35:00+00:00,3404.01,3447.73,3403.37,3447.61,65422.193
2596,2025-11-12 17:40:00+00:00,3447.61,3454.22,3428.17,3430.69,52217.597
2597,2025-11-12 17:45:00+00:00,3430.69,3434.01,3421.82,3425.92,20747.905
2598,2025-11-12 17:50:00+00:00,3425.91,3437.44,3421.88,3437.16,17408.221
2599,2025-11-12 17:55:00+00:00,3437.16,3438.86,3426.51,3428.01,13775.102
2600,2025-11-12 18:00:00+00:00,3428.0,3450.0,3428.0,3445.71,39538.083
2601,2025-11-12 18:05:00+00:00,3445.71,3455.0,3435.32,3439.47,36025.377
2602,2025-11-12 18:10:00+00:00,3439.46,3441.94,3432.67,3435.02,10424.51
2603,2025-11-12 18:15:00+00:00,3435.01,3441.51,3434.42,3438.95,10557.583
2604,2025-11-12 18:20:00+00:00,3438.96,3448.52,3433.88,3444.22,12996.693
2605,2025-11-12 18:25:00+00:00,3444.23,3447.6,3430.33,3431.79,14710.658
2606,2025-11-12 18:30:00+00:00,3431.78,3440.72,3430.63,3438.65,8704.652
2607,2025-11-12 18:35:00+00:00,3438.64,3443.97,3438.4,3443.49,7490.088
2608,2025-11-12 18:40:00+00:00,3443.49,3444.39,3428.48,3431.03,10423.268
2609,2025-11-12 18:45:00+00:00,3431.03,3431.94,3418.61,3418.78,23310.255
2610,2025-11-12 18:50:00+00:00,3418.79,3422.46,3416.04,3421.66,21459.284
2611,2025-11-12 18:55:00+00:00,3421.66,3426.66,3421.56,3422.85,6716.414
2612,2025-11-12 19:00:00+00:00,3422.85,3423.84,3408.59,3409.77,17845.841
2613,2025-11-12 19:05:00+00:00,3409.78,3409.78,3392.04,3402.31,42679.622
2614,2025-11-12 19:10:00+00:00,3402.32,3402.73,3390.0,3392.25,13725.209
2615,2025-11-12 19:15:00+00:00,3392.25,3402.72,3390.78,3394.08,21737.382
2616,2025-11-12 19:20:00+00:00,3394.07,3399.48,3391.9,3395.63,9648.778
2617,2025-11-12 19:25:00+00:00,3395.63,3398.5,3373.76,3384.84,32016.223
2618,2025-11-12 19:30:00+00:00,3384.83,3390.23,3370.8,3379.3,27064.359
2619,2025-11-12 19:35:00+00:00,3379.31,3389.3,3374.43,3388.35,16637.795
2620,2025-11-12 19:40:00+00:00,3388.35,3425.25,3384.74,3408.23,59198.128
2621,2025-11-12 19:45:00+00:00,3408.22,3411.46,3401.25,3402.23,11279.541
2622,2025-11-12 19:50:00+00:00,3402.22,3412.02,3400.8,3410.12,10850.109
2623,2025-11-12 19:55:00+00:00,3410.11,3412.23,3406.49,3406.58,6406.809
2624,2025-11-12 20:00:00+00:00,3406.58,3415.81,3398.78,3415.32,13821.919
2625,2025-11-12 20:05:00+00:00,3415.32,3419.67,3409.27,3419.01,10165.537
2626,2025-11-12 20:10:00+00:00,3419.01,3423.34,3407.77,3411.19,9813.548
2627,2025-11-12 20:15:00+00:00,3411.19,3419.91,3410.0,3419.72,7702.832
2628,2025-11-12 20:20:00+00:00,3419.71,3424.77,3412.54,3416.83,8883.462
2629,2025-11-12 20:25:00+00:00,3416.84,3429.99,3416.08,3424.36,8135.381
2630,2025-11-12 20:30:00+00:00,3424.35,3438.82,3423.01,3430.32,15350.905
2631,2025-11-12 20:35:00+00:00,3430.33,3430.65,3422.01,3425.33,7126.078
2632,2025-11-12 20:40:00+00:00,3425.32,3429.47,3422.93,3424.31,5113.53
2633,2025-11-12 20:45:00+00:00,3424.3,3425.08,3415.2,3415.2,7726.449
2634,2025-11-12 20:50:00+00:00,3415.2,3421.63,3415.2,3418.98,6777.093
2635,2025-11-12 20:55:00+00:00,3418.99,3419.46,3408.69,3415.23,10326.143
2636,2025-11-12 21:00:00+00:00,3415.24,3419.13,3410.62,3411.54,6186.837
2637,2025-11-12 21:05:00+00:00,3411.55,3419.17,3410.0,3417.78,7240.779
2638,2025-11-12 21:10:00+00:00,3417.79,3428.43,3416.4,3427.71,10954.072
2639,2025-11-12 21:15:00+00:00,3427.7,3428.18,3421.8,3426.67,5432.957
2640,2025-11-12 21:20:00+00:00,3426.67,3426.74,3419.27,3419.7,3599.254
2641,2025-11-12 21:25:00+00:00,3419.69,3419.77,3415.01,3415.46,4983.737
2642,2025-11-12 21:30:00+00:00,3415.46,3422.99,3414.95,3422.98,4718.922
2643,2025-11-12 21:35:00+00:00,3422.97,3423.0,3417.42,3418.05,2329.194
2644,2025-11-12 21:40:00+00:00,3418.04,3419.7,3413.81,3415.1,3053.244
2645,2025-11-12 21:45:00+00:00,3415.09,3415.09,3410.24,3414.01,4608.701
2646,2025-11-12 21:50:00+00:00,3414.01,3415.42,3411.0,3411.98,2506.088
2647,2025-11-12 21:55:00+00:00,3411.98,3422.71,3406.66,3421.84,10644.475
2648,2025-11-12 22:00:00+00:00,3421.84,3421.85,3415.0,3417.58,4019.365
2649,2025-11-12 22:05:00+00:00,3417.57,3417.57,3406.11,3406.2,5585.159
2650,2025-11-12 22:10:00+00:00,3406.21,3406.21,3390.01,3394.99,13186.174
2651,2025-11-12 22:15:00+00:00,3394.99,3398.63,3392.0,3395.65,8471.343
2652,2025-11-12 22:20:00+00:00,3395.66,3409.14,3394.29,3409.13,7371.058
2653,2025-11-12 22:25:00+00:00,3409.13,3409.14,3402.19,3403.41,4356.772
2654,2025-11-12 22:30:00+00:00,3403.4,3405.33,3400.5,3403.66,3770.789
2655,2025-11-12 22:35:00+00:00,3403.66,3416.25,3403.63,3415.76,4600.723
2656,2025-11-12 22:40:00+00:00,3415.75,3415.76,3410.0,3413.0,2621.828
2657,2025-11-12 22:45:00+00:00,3413.01,3418.31,3412.94,3415.99,4112.994
2658,2025-11-12 22:50:00+00:00,3416.0,3419.12,3414.81,3417.82,2364.291
2659,2025-11-12 22:55:00+00:00,3417.82,3421.33,3415.68,3420.44,7069.689
2660,2025-11-12 23:00:00+00:00,3420.45,3422.06,3406.01,3407.26,9284.602
2661,2025-11-12 23:05:00+00:00,3407.25,3409.99,3405.0,3406.47,6477.129
2662,2025-11-12 23:10:00+00:00,3406.47,3412.66,3406.47,3409.36,2950.465
2663,2025-11-12 23:15:00+00:00,3409.35,3417.83,3407.43,3415.34,6457.999
2664,2025-11-12 23:20:00+00:00,3415.35,3421.49,3413.04,3418.07,8207.718
2665,2025-11-12 23:25:00+00:00,3418.07,3418.88,3408.65,3408.86,5176.418
2666,2025-11-12 23:30:00+00:00,3408.87,3413.82,3408.0,3410.1,3637.613
2667,2025-11-12 23:35:00+00:00,3410.1,3411.38,3403.26,3408.12,6445.803
2668,2025-11-12 23:40:00+00:00,3408.11,3408.46,3402.01,3403.38,5946.299
2669,2025-11-12 23:45:00+00:00,3403.38,3410.16,3402.0,3409.57,8170.577
2670,2025-11-12 23:50:00+00:00,3409.56,3410.54,3405.43,3410.13,4948.149
2671,2025-11-12 23:55:00+00:00,3410.13,3413.98,3404.65,3413.46,8597.304
2672,2025-11-13 00:00:00+00:00,3413.45,3420.76,3411.3,3419.45,12059.207
2673,2025-11-13 00:05:00+00:00,3419.45,3420.27,3415.01,3416.38,6945.187
2674,2025-11-13 00:10:00+00:00,3416.38,3416.67,3409.08,3414.57,5577.708
2675,2025-11-13 00:15:00+00:00,3414.56,3422.7,3412.91,3417.61,6696.392
2676,2025-11-13 00:20:00+00:00,3417.61,3417.69,3403.0,3405.7,11119.919
2677,2025-11-13 00:25:00+00:00,3405.7,3409.46,3403.12,3403.13,7485.23
2678,2025-11-13 00:30:00+00:00,3403.13,3414.15,3403.12,3413.53,4606.492
2679,2025-11-13 00:35:00+00:00,3413.52,3432.38,3413.0,3425.51,23233.57
2680,2025-11-13 00:40:00+00:00,3425.5,3426.0,3408.36,3414.12,11254.566
2681,2025-11-13 00:45:00+00:00,3414.12,3419.29,3410.11,3410.5,9188.045
2682,2025-11-13 00:50:00+00:00,3410.51,3418.35,3409.46,3416.07,4505.987
2683,2025-11-13 00:55:00+00:00,3416.06,3418.53,3408.47,3410.9,4234.587
2684,2025-11-13 01:00:00+00:00,3410.9,3420.82,3409.03,3415.8,4981.974
2685,2025-11-13 01:05:00+00:00,3415.8,3429.96,3415.54,3429.7,10879.363
2686,2025-11-13 01:10:00+00:00,3429.7,3454.0,3426.97,3443.29,44551.453
2687,2025-11-13 01:15:00+00:00,3443.28,3449.34,3430.23,3439.87,27258.681
2688,2025-11-13 01:20:00+00:00,3439.86,3440.47,3421.39,3421.74,26064.426
2689,2025-11-13 01:25:00+00:00,3421.74,3432.23,3421.0,3432.23,10075.877
2690,2025-11-13 01:30:00+00:00,3432.22,3447.54,3428.79,3438.78,14116.29
2691,2025-11-13 01:35:00+00:00,3438.77,3450.01,3438.14,3448.93,15622.909
2692,2025-11-13 01:40:00+00:00,3448.94,3456.5,3446.31,3453.61,16449.843
2693,2025-11-13 01:45:00+00:00,3453.62,3454.35,3431.27,3432.88,16575.019
2694,2025-11-13 01:50:00+00:00,3432.88,3432.89,3421.11,3426.95,13850.166
2695,2025-11-13 01:55:00+00:00,3426.95,3427.24,3421.0,3422.76,7632.44
2696,2025-11-13 02:00:00+00:00,3422.77,3430.5,3421.29,3429.57,7248.413
2697,2025-11-13 02:05:00+00:00,3429.57,3434.28,3428.18,3430.33,6861.881
2698,2025-11-13 02:10:00+00:00,3430.34,3434.75,3427.0,3432.13,5778.991
2699,2025-11-13 02:15:00+00:00,3432.12,3437.9,3431.0,3437.31,6014.987
2700,2025-11-13 02:20:00+00:00,3437.31,3439.05,3429.07,3429.14,6026.201
2701,2025-11-13 02:25:00+00:00,3429.14,3431.95,3425.0,3426.25,5772.329
2702,2025-11-13 02:30:00+00:00,3426.24,3439.42,3425.31,3438.42,5114.046
2703,2025-11-13 02:35:00+00:00,3438.41,3445.75,3435.74,3439.31,10141.77
2704,2025-11-13 02:40:00+00:00,3439.3,3444.12,3437.48,3438.01,3727.289
2705,2025-11-13 02:45:00+00:00,3438.02,3439.81,3431.0,3438.87,7018.484
2706,2025-11-13 02:50:00+00:00,3438.88,3440.0,3430.01,3433.16,5751.842
2707,2025-11-13 02:55:00+00:00,3433.16,3435.0,3431.0,3432.89,3191.126
2708,2025-11-13 03:00:00+00:00,3432.89,3433.94,3428.2,3431.13,4502.972
2709,2025-11-13 03:05:00+00:00,3431.15,3434.76,3421.08,3421.52,7321.312
2710,2025-11-13 03:10:00+00:00,3421.52,3422.82,3393.03,3400.34,43861.131
2711,2025-11-13 03:15:00+00:00,3400.33,3422.52,3375.09,3419.85,83338.148
2712,2025-11-13 03:20:00+00:00,3419.85,3431.51,3416.17,3429.99,23596.28
2713,2025-11-13 03:25:00+00:00,3430.0,3450.0,3429.58,3449.23,35078.977
2714,2025-11-13 03:30:00+00:00,3449.23,3470.0,3445.84,3447.45,58499.102
2715,2025-11-13 03:35:00+00:00,3447.46,3464.39,3445.4,3459.0,16198.088
2716,2025-11-13 03:40:00+00:00,3459.0,3465.99,3452.14,3453.54,14080.18
2717,2025-11-13 03:45:00+00:00,3453.54,3465.4,3451.36,3464.3,14830.171
2718,2025-11-13 03:50:00+00:00,3464.29,3473.0,3458.59,3460.82,23390.563
2719,2025-11-13 03:55:00+00:00,3460.82,3461.4,3450.0,3451.33,11119.372
2720,2025-11-13 04:00:00+00:00,3451.32,3453.99,3436.66,3444.71,20542.323
2721,2025-11-13 04:05:00+00:00,3444.7,3444.98,3432.02,3439.87,15626.96
2722,2025-11-13 04:10:00+00:00,3439.88,3468.43,3435.94,3465.8,62095.474
2723,2025-11-13 04:15:00+00:00,3465.8,3489.0,3449.61,3475.21,82354.983
2724,2025-11-13 04:20:00+00:00,3475.2,3482.37,3470.34,3475.01,18135.718
2725,2025-11-13 04:25:00+00:00,3475.0,3477.73,3467.34,3468.0,8836.924
2726,2025-11-13 04:30:00+00:00,3468.0,3474.72,3461.37,3465.36,13874.989
2727,2025-11-13 04:35:00+00:00,3465.36,3466.54,3460.2,3466.29,7900.15
2728,2025-11-13 04:40:00+00:00,3466.3,3470.4,3463.72,3468.06,4275.441
2729,2025-11-13 04:45:00+00:00,3468.05,3470.0,3461.0,3464.26,11852.055
2730,2025-11-13 04:50:00+00:00,3464.27,3475.51,3458.42,3471.0,19601.96
2731,2025-11-13 04:55:00+00:00,3471.0,3491.79,3468.75,3481.09,36969.397
2732,2025-11-13 05:00:00+00:00,3481.09,3482.54,3476.74,3477.39,9214.045
2733,2025-11-13 05:05:00+00:00,3477.39,3479.0,3471.42,3472.12,6712.268
2734,2025-11-13 05:10:00+00:00,3472.12,3472.13,3464.73,3464.85,7771.951
2735,2025-11-13 05:15:00+00:00,3464.85,3479.97,3464.84,3473.85,13796.71
2736,2025-11-13 05:20:00+00:00,3473.86,3478.49,3473.0,3474.32,5869.419
2737,2025-11-13 05:25:00+00:00,3474.33,3484.44,3474.0,3484.0,8456.575
2738,2025-11-13 05:30:00+00:00,3484.01,3495.34,3481.72,3494.0,16598.209
2739,2025-11-13 05:35:00+00:00,3494.0,3508.39,3492.38,3502.04,35238.011
2740,2025-11-13 05:40:00+00:00,3502.04,3509.91,3500.06,3509.67,15421.277
2741,2025-11-13 05:45:00+00:00,3509.66,3529.0,3507.0,3522.06,41559.102
2742,2025-11-13 05:50:00+00:00,3522.06,3535.75,3521.6,3533.64,33132.407
2743,2025-11-13 05:55:00+00:00,3533.65,3539.79,3525.6,3527.67,30604.733
2744,2025-11-13 06:00:00+00:00,3527.67,3534.06,3519.27,3521.82,28794.917
2745,2025-11-13 06:05:00+00:00,3521.81,3536.5,3521.47,3531.38,19734.064
2746,2025-11-13 06:10:00+00:00,3531.37,3537.44,3529.0,3530.71,13495.262
2747,2025-11-13 06:15:00+00:00,3530.71,3534.1,3526.56,3529.67,14350.465
2748,2025-11-13 06:20:00+00:00,3529.67,3547.75,3528.26,3539.04,30884.043
2749,2025-11-13 06:25:00+00:00,3539.05,3539.52,3527.05,3536.32,32508.154
2750,2025-11-13 06:30:00+00:00,3536.32,3541.0,3534.85,3540.06,18606.345
2751,2025-11-13 06:35:00+00:00,3540.06,3547.17,3538.71,3538.8,21939.188
2752,2025-11-13 06:40:00+00:00,3538.8,3543.69,3538.01,3539.88,10497.815
2753,2025-11-13 06:45:00+00:00,3539.89,3549.99,3539.18,3546.28,16528.942
2754,2025-11-13 06:50:00+00:00,3546.28,3549.96,3542.09,3546.0,11214.503
2755,2025-11-13 06:55:00+00:00,3545.99,3552.88,3538.8,3539.68,19908.943
2756,2025-11-13 07:00:00+00:00,3539.68,3548.2,3537.28,3538.19,17149.184
2757,2025-11-13 07:05:00+00:00,3538.19,3542.62,3531.83,3541.35,28062.963
2758,2025-11-13 07:10:00+00:00,3541.35,3548.24,3540.58,3545.85,12545.314
2759,2025-11-13 07:15:00+00:00,3545.85,3551.97,3540.13,3544.08,13789.863
2760,2025-11-13 07:20:00+00:00,3544.08,3548.7,3542.06,3547.37,8871.356
2761,2025-11-13 07:25:00+00:00,3547.36,3555.27,3547.03,3548.82,14013.858
2762,2025-11-13 07:30:00+00:00,3548.82,3565.0,3544.16,3544.51,35900.492
2763,2025-11-13 07:35:00+00:00,3544.5,3545.39,3533.79,3537.53,27980.148
2764,2025-11-13 07:40:00+00:00,3537.52,3543.12,3537.0,3541.47,15858.499
2765,2025-11-13 07:45:00+00:00,3541.46,3541.72,3530.67,3534.67,23666.926
2766,2025-11-13 07:50:00+00:00,3534.72,3539.3,3530.42,3532.56,25152.288
2767,2025-11-13 07:55:00+00:00,3532.56,3539.5,3530.38,3537.15,14442.546
2768,2025-11-13 08:00:00+00:00,3537.16,3544.46,3531.53,3544.46,15484.538
2769,2025-11-13 08:05:00+00:00,3544.46,3549.0,3542.38,3544.34,16334.44
2770,2025-11-13 08:10:00+00:00,3544.34,3544.87,3536.08,3536.59,8627.194
2771,2025-11-13 08:15:00+00:00,3536.59,3543.18,3536.36,3541.43,9731.258
2772,2025-11-13 08:20:00+00:00,3541.43,3547.0,3538.65,3546.52,9586.54
2773,2025-11-13 08:25:00+00:00,3546.53,3547.83,3541.22,3541.53,11534.891
2774,2025-11-13 08:30:00+00:00,3541.52,3543.68,3539.11,3542.0,7500.044
2775,2025-11-13 08:35:00+00:00,3542.0,3544.0,3539.32,3543.02,3937.005
2776,2025-11-13 08:40:00+00:00,3543.03,3545.09,3541.03,3544.99,4097.048
2777,2025-11-13 08:45:00+00:00,3545.0,3545.3,3535.0,3535.47,9309.516
2778,2025-11-13 08:50:00+00:00,3535.47,3535.88,3523.4,3526.19,27507.405
2779,2025-11-13 08:55:00+00:00,3526.2,3530.59,3518.5,3522.85,36365.087
2780,2025-11-13 09:00:00+00:00,3522.85,3528.16,3522.85,3527.3,9918.181
2781,2025-11-13 09:05:00+00:00,3527.3,3527.5,3502.06,3502.7,60933.176
2782,2025-11-13 09:10:00+00:00,3502.7,3507.39,3488.82,3502.31,59515.74
2783,2025-11-13 09:15:00+00:00,3502.31,3507.99,3494.79,3506.37,23138.208
2784,2025-11-13 09:20:00+00:00,3506.38,3516.64,3503.52,3513.16,18998.978
2785,2025-11-13 09:25:00+00:00,3513.17,3515.0,3502.9,3502.91,14418.215
2786,2025-11-13 09:30:00+00:00,3502.91,3514.01,3501.65,3508.49,8469.94
2787,2025-11-13 09:35:00+00:00,3508.49,3512.36,3494.88,3501.44,18466.498
2788,2025-11-13 09:40:00+00:00,3501.43,3501.71,3491.4,3496.56,24723.22
2789,2025-11-13 09:45:00+00:00,3496.56,3497.8,3487.44,3492.0,29384.675
2790,2025-11-13 09:50:00+00:00,3491.99,3492.69,3475.0,3477.16,26717.643
2791,2025-11-13 09:55:00+00:00,3477.17,3486.6,3477.17,3485.2,18218.459
2792,2025-11-13 10:00:00+00:00,3485.21,3492.1,3485.21,3491.34,12593.242
2793,2025-11-13 10:05:00+00:00,3491.34,3498.18,3490.77,3497.13,11090.998
2794,2025-11-13 10:10:00+00:00,3497.13,3502.55,3493.36,3494.91,12154.515
2795,2025-11-13 10:15:00+00:00,3494.91,3508.88,3492.37,3507.99,21615.143
2796,2025-11-13 10:20:00+00:00,3507.98,3516.0,3504.21,3505.81,31232.067
2797,2025-11-13 10:25:00+00:00,3505.81,3508.0,3504.84,3506.28,6597.04
2798,2025-11-13 10:30:00+00:00,3506.29,3506.29,3500.41,3503.13,11135.137
2799,2025-11-13 10:35:00+00:00,3503.13,3508.77,3493.31,3499.33,18037.333
2800,2025-11-13 10:40:00+00:00,3499.33,3507.1,3497.86,3503.83,5930.16
2801,2025-11-13 10:45:00+00:00,3503.84,3504.89,3500.0,3500.36,5591.579
2802,2025-11-13 10:50:00+00:00,3500.36,3505.2,3498.3,3500.52,6101.725
2803,2025-11-13 10:55:00+00:00,3500.52,3504.97,3497.87,3504.13,4110.43
2804,2025-11-13 11:00:00+00:00,3504.12,3511.45,3502.98,3510.59,13703.777
2805,2025-11-13 11:05:00+00:00,3510.6,3517.03,3509.62,3512.02,13682.715
2806,2025-11-13 11:10:00+00:00,3512.03,3512.36,3509.34,3509.4,5820.811
2807,2025-11-13 11:15:00+00:00,3509.4,3512.84,3503.47,3506.81,7366.234
2808,2025-11-13 11:20:00+00:00,3506.8,3507.09,3498.52,3503.79,10307.079
2809,2025-11-13 11:25:00+00:00,3503.8,3504.81,3497.28,3501.13,7164.783
2810,2025-11-13 11:30:00+00:00,3501.12,3502.45,3493.16,3495.17,12454.58
2811,2025-11-13 11:35:00+00:00,3495.18,3502.54,3492.86,3500.24,7149.021
2812,2025-11-13 11:40:00+00:00,3500.24,3508.33,3498.66,3506.69,6429.598
2813,2025-11-13 11:45:00+00:00,3506.69,3507.28,3502.58,3507.02,3850.513
2814,2025-11-13 11:50:00+00:00,3507.01,3509.6,3502.13,3502.96,7108.591
2815,2025-11-13 11:55:00+00:00,3502.95,3506.99,3499.48,3499.98,6240.209
2816,2025-11-13 12:00:00+00:00,3499.97,3504.91,3493.95,3497.66,16215.922
2817,2025-11-13 12:05:00+00:00,3497.65,3497.94,3479.99,3487.16,33924.579
2818,2025-11-13 12:10:00+00:00,3487.16,3492.36,3481.74,3482.7,12144.42
2819,2025-11-13 12:15:00+00:00,3482.71,3492.32,3482.71,3491.79,9048.059
2820,2025-11-13 12:20:00+00:00,3491.8,3492.58,3483.85,3484.99,7112.835
2821,2025-11-13 12:25:00+00:00,3485.0,3486.08,3482.07,3486.07,6311.715
2822,2025-11-13 12:30:00+00:00,3486.08,3494.91,3486.07,3494.21,10119.321
2823,2025-11-13 12:35:00+00:00,3494.21,3505.29,3492.11,3501.46,22635.38
2824,2025-11-13 12:40:00+00:00,3501.45,3503.66,3494.51,3501.79,13083.437
2825,2025-11-13 12:45:00+00:00,3501.8,3509.83,3500.82,3504.29,12631.077
2826,2025-11-13 12:50:00+00:00,3504.29,3505.0,3498.47,3499.79,7813.321
2827,2025-11-13 12:55:00+00:00,3499.79,3501.76,3497.55,3499.65,4079.387
2828,2025-11-13 13:00:00+00:00,3499.66,3500.36,3495.63,3495.63,12925.09
2829,2025-11-13 13:05:00+00:00,3495.63,3497.49,3490.82,3494.96,12762.796
2830,2025-11-13 13:10:00+00:00,3494.95,3495.46,3489.33,3489.53,15616.271
2831,2025-11-13 13:15:00+00:00,3489.53,3492.55,3483.77,3484.72,23715.856
2832,2025-11-13 13:20:00+00:00,3484.72,3485.07,3471.92,3474.62,41806.33
2833,2025-11-13 13:25:00+00:00,3474.62,3478.87,3455.41,3466.79,79162.713
2834,2025-11-13 13:30:00+00:00,3466.78,3471.15,3440.43,3448.53,58982.155
2835,2025-11-13 13:35:00+00:00,3448.52,3449.33,3425.75,3437.93,74268.051
2836,2025-11-13 13:40:00+00:00,3437.92,3447.1,3435.0,3437.38,33196.698
2837,2025-11-13 13:45:00+00:00,3437.38,3447.77,3432.56,3443.18,26354.625
2838,2025-11-13 13:50:00+00:00,3443.18,3446.32,3437.01,3439.21,16532.857
2839,2025-11-13 13:55:00+00:00,3439.21,3439.67,3425.0,3436.47,46777.545
2840,2025-11-13 14:00:00+00:00,3436.48,3442.63,3425.63,3430.0,35354.23
2841,2025-11-13 14:05:00+00:00,3430.0,3440.73,3429.34,3431.86,20600.086
2842,2025-11-13 14:10:00+00:00,3431.88,3435.18,3419.37,3424.58,22424.388
2843,2025-11-13 14:15:00+00:00,3424.57,3426.92,3415.51,3423.57,31929.897
2844,2025-11-13 14:20:00+00:00,3423.58,3435.74,3422.9,3434.06,23805.172
2845,2025-11-13 14:25:00+00:00,3434.06,3434.62,3424.0,3428.83,14398.288
2846,2025-11-13 14:30:00+00:00,3428.83,3434.08,3421.0,3426.18,27654.978
2847,2025-11-13 14:35:00+00:00,3426.17,3428.36,3391.26,3421.69,122613.192
2848,2025-11-13 14:40:00+00:00,3421.68,3433.99,3403.65,3406.01,52946.839
2849,2025-11-13 14:45:00+00:00,3406.0,3432.99,3401.19,3422.77,47197.572
2850,2025-11-13 14:50:00+00:00,3422.77,3481.26,3419.62,3450.4,133106.621
2851,2025-11-13 14:55:00+00:00,3450.39,3461.75,3441.66,3441.72,50313.707
2852,2025-11-13 15:00:00+00:00,3441.72,3442.02,3403.36,3411.29,81451.987
2853,2025-11-13 15:05:00+00:00,3411.29,3436.5,3410.15,3431.1,46913.606
2854,2025-11-13 15:10:00+00:00,3431.11,3442.11,3415.01,3441.24,35575.269
2855,2025-11-13 15:15:00+00:00,3441.24,3446.5,3418.67,3421.65,35030.276
2856,2025-11-13 15:20:00+00:00,3421.64,3422.46,3409.88,3416.55,33057.773
2857,2025-11-13 15:25:00+00:00,3416.55,3416.97,3397.59,3408.67,44897.808
2858,2025-11-13 15:30:00+00:00,3408.67,3410.33,3383.1,3389.77,55216.748
2859,2025-11-13 15:35:00+00:00,3389.76,3404.72,3382.35,3404.25,46181.225
2860,2025-11-13 15:40:00+00:00,3404.26,3404.61,3388.72,3390.24,19166.181
2861,2025-11-13 15:45:00+00:00,3390.24,3391.9,3370.25,3372.66,70418.43
2862,2025-11-13 15:50:00+00:00,3372.69,3381.9,3365.0,3371.36,60124.209
2863,2025-11-13 15:55:00+00:00,3371.36,3387.45,3366.25,3385.52,39585.019
2864,2025-11-13 16:00:00+00:00,3385.52,3385.86,3372.87,3375.06,26147.661
2865,2025-11-13 16:05:00+00:00,3375.05,3397.96,3373.11,3395.33,32487.75
2866,2025-11-13 16:10:00+00:00,3395.33,3395.33,3377.34,3388.73,22416.249
2867,2025-11-13 16:15:00+00:00,3388.72,3392.42,3367.0,3368.91,36700.577
2868,2025-11-13 16:20:00+00:00,3368.91,3380.56,3362.66,3365.99,39078.729
2869,2025-11-13 16:25:00+00:00,3366.0,3367.8,3353.08,3366.67,64778.289
2870,2025-11-13 16:30:00+00:00,3366.66,3381.29,3362.0,3380.26,45478.478
2871,2025-11-13 16:35:00+00:00,3380.26,3388.19,3344.0,3348.56,85347.632
2872,2025-11-13 16:40:00+00:00,3348.55,3352.23,3336.66,3351.54,60633.222
2873,2025-11-13 16:45:00+00:00,3351.54,3355.39,3343.01,3353.52,24641.503
2874,2025-11-13 16:50:00+00:00,3353.53,3353.8,3326.05,3328.91,63322.597
2875,2025-11-13 16:55:00+00:00,3328.91,3331.99,3322.0,3326.74,54022.933
2876,2025-11-13 17:00:00+00:00,3326.74,3328.0,3306.28,3313.54,91498.707
2877,2025-11-13 17:05:00+00:00,3313.53,3318.64,3292.16,3295.99,77938.069
2878,2025-11-13 17:10:00+00:00,3296.0,3304.46,3292.16,3293.9,39368.003
2879,2025-11-13 17:15:00+00:00,3293.88,3311.54,3286.0,3291.59,60060.225
2880,2025-11-13 17:20:00+00:00,3291.6,3303.38,3288.1,3300.12,37564.439
2881,2025-11-13 17:25:00+00:00,3300.12,3313.79,3297.58,3307.54,49006.839
2882,2025-11-13 17:30:00+00:00,3307.53,3319.95,3301.68,3312.9,51505.254
2883,2025-11-13 17:35:00+00:00,3312.91,3313.17,3282.69,3291.69,52908.675
2884,2025-11-13 17:40:00+00:00,3291.68,3292.42,3266.56,3277.27,67083.993
2885,2025-11-13 17:45:00+00:00,3277.27,3287.27,3268.32,3269.79,33003.588
2886,2025-11-13 17:50:00+00:00,3269.79,3271.54,3260.2,3267.75,38694.713
2887,2025-11-13 17:55:00+00:00,3267.74,3268.35,3252.0,3254.4,40301.278
2888,2025-11-13 18:00:00+00:00,3254.4,3264.15,3236.94,3241.56,66680.398
2889,2025-11-13 18:05:00+00:00,3241.55,3250.77,3232.0,3233.9,49244.73
2890,2025-11-13 18:10:00+00:00,3233.9,3238.8,3228.31,3234.59,37889.553
2891,2025-11-13 18:15:00+00:00,3234.59,3247.1,3222.71,3237.84,57607.928
2892,2025-11-13 18:20:00+00:00,3237.83,3251.77,3227.46,3242.94,44657.621
2893,2025-11-13 18:25:00+00:00,3242.93,3244.05,3225.69,3238.55,34723.452
2894,2025-11-13 18:30:00+00:00,3238.55,3240.56,3210.0,3210.95,62621.057
2895,2025-11-13 18:35:00+00:00,3210.93,3214.91,3200.26,3209.87,66262.455
2896,2025-11-13 18:40:00+00:00,3209.87,3227.83,3203.52,3224.26,45085.973
2897,2025-11-13 18:45:00+00:00,3224.28,3226.99,3197.77,3197.97,54741.35
2898,2025-11-13 18:50:00+00:00,3197.98,3204.0,3182.22,3199.44,71160.337
2899,2025-11-13 18:55:00+00:00,3199.45,3223.97,3196.84,3212.47,60895.495
2900,2025-11-13 19:00:00+00:00,3212.46,3222.48,3197.52,3221.34,41130.247
2901,2025-11-13 19:05:00+00:00,3221.35,3225.91,3201.44,3207.69,51558.81
2902,2025-11-13 19:10:00+00:00,3207.68,3217.89,3207.03,3208.65,23017.068
2903,2025-11-13 19:15:00+00:00,3208.66,3210.0,3195.01,3204.32,23406.599
2904,2025-11-13 19:20:00+00:00,3204.32,3222.0,3189.68,3218.61,54468.309
2905,2025-11-13 19:25:00+00:00,3218.6,3237.95,3218.04,3230.49,62227.072
2906,2025-11-13 19:30:00+00:00,3230.48,3232.87,3205.0,3207.84,37855.432
2907,2025-11-13 19:35:00+00:00,3207.81,3211.06,3191.32,3199.54,33265.127
2908,2025-11-13 19:40:00+00:00,3199.54,3211.11,3191.68,3210.75,30807.469
2909,2025-11-13 19:45:00+00:00,3210.75,3212.66,3193.77,3196.73,32016.23
2910,2025-11-13 19:50:00+00:00,3196.74,3206.47,3195.26,3195.5,20417.774
2911,2025-11-13 19:55:00+00:00,3195.5,3199.18,3173.38,3196.23,69221.902
2912,2025-11-13 20:00:00+00:00,3196.22,3196.32,3177.14,3179.63,28958.006
2913,2025-11-13 20:05:00+00:00,3179.64,3186.04,3160.01,3182.02,79582.178
2914,2025-11-13 20:10:00+00:00,3182.02,3186.74,3169.33,3177.11,28920.689
2915,2025-11-13 20:15:00+00:00,3177.1,3177.99,3156.31,3157.73,51039.54
2916,2025-11-13 20:20:00+00:00,3157.74,3176.48,3152.49,3166.43,48375.263
2917,2025-11-13 20:25:00+00:00,3166.44,3182.51,3155.0,3174.07,41312.175
2918,2025-11-13 20:30:00+00:00,3174.07,3187.92,3167.53,3171.19,35457.505
2919,2025-11-13 20:35:00+00:00,3171.19,3201.56,3170.4,3194.01,56709.484
2920,2025-11-13 20:40:00+00:00,3194.01,3204.98,3181.67,3181.96,47755.349
2921,2025-11-13 20:45:00+00:00,3181.96,3184.72,3170.64,3170.86,32764.282
2922,2025-11-13 20:50:00+00:00,3170.86,3172.95,3160.75,3162.24,43615.499
2923,2025-11-13 20:55:00+00:00,3162.26,3174.74,3162.26,3170.38,26506.13
2924,2025-11-13 21:00:00+00:00,3170.38,3184.76,3167.51,3178.24,27122.919
2925,2025-11-13 21:05:00+00:00,3178.24,3192.27,3177.58,3188.38,18871.282
2926,2025-11-13 21:10:00+00:00,3188.37,3190.97,3181.2,3189.63,11497.958
2927,2025-11-13 21:15:00+00:00,3189.63,3189.63,3171.0,3174.63,20469.853
2928,2025-11-13 21:20:00+00:00,3174.64,3181.09,3162.98,3165.0,28470.522
2929,2025-11-13 21:25:00+00:00,3165.0,3167.48,3159.0,3167.07,24089.174
2930,2025-11-13 21:30:00+00:00,3167.07,3175.02,3165.47,3173.59,13801.624
2931,2025-11-13 21:35:00+00:00,3173.58,3174.3,3164.46,3168.58,10952.887
2932,2025-11-13 21:40:00+00:00,3168.58,3184.35,3164.73,3183.92,16030.908
2933,2025-11-13 21:45:00+00:00,3183.93,3183.93,3171.0,3178.16,11807.648
2934,2025-11-13 21:50:00+00:00,3178.16,3183.84,3175.0,3182.23,12012.334
2935,2025-11-13 21:55:00+00:00,3182.23,3184.22,3175.68,3177.87,10408.433
2936,2025-11-13 22:00:00+00:00,3177.87,3184.33,3172.91,3184.33,9187.453
2937,2025-11-13 22:05:00+00:00,3184.33,3197.15,3182.18,3196.97,24338.35
2938,2025-11-13 22:10:00+00:00,3196.97,3211.26,3195.67,3204.43,45326.63
2939,2025-11-13 22:15:00+00:00,3204.42,3208.75,3192.32,3198.84,22487.519
2940,2025-11-13 22:20:00+00:00,3198.84,3215.57,3193.63,3213.06,19799.634
2941,2025-11-13 22:25:00+00:00,3213.05,3218.02,3207.92,3214.77,18809.231
2942,2025-11-13 22:30:00+00:00,3214.77,3214.78,3202.79,3209.5,15127.448
2943,2025-11-13 22:35:00+00:00,3209.49,3227.0,3208.5,3227.0,18136.407
2944,2025-11-13 22:40:00+00:00,3226.99,3233.32,3222.35,3225.0,23596.8
2945,2025-11-13 22:45:00+00:00,3224.99,3229.02,3217.82,3222.34,14643.436
2946,2025-11-13 22:50:00+00:00,3222.34,3235.0,3222.18,3234.92,11659.029
2947,2025-11-13 22:55:00+00:00,3234.93,3234.93,3223.86,3227.74,11113.783
2948,2025-11-13 23:00:00+00:00,3227.75,3229.47,3214.7,3223.41,15566.107
2949,2025-11-13 23:05:00+00:00,3223.42,3238.0,3223.24,3235.78,19786.092
2950,2025-11-13 23:10:00+00:00,3235.78,3239.46,3226.8,3237.26,17830.216
2951,2025-11-13 23:15:00+00:00,3237.25,3254.7,3236.32,3254.48,30184.54
2952,2025-11-13 23:20:00+00:00,3254.49,3254.76,3240.18,3245.91,25902.775
2953,2025-11-13 23:25:00+00:00,3245.9,3256.18,3244.52,3252.36,14950.408
2954,2025-11-13 23:30:00+00:00,3252.37,3265.65,3249.24,3262.55,28525.569
2955,2025-11-13 23:35:00+00:00,3262.56,3270.58,3259.87,3269.98,24063.384
2956,2025-11-13 23:40:00+00:00,3269.97,3270.0,3261.25,3265.01,16446.332
2957,2025-11-13 23:45:00+00:00,3265.0,3265.01,3245.0,3250.55,23016.042
2958,2025-11-13 23:50:00+00:00,3250.54,3254.64,3226.0,3238.76,39513.533
2959,2025-11-13 23:55:00+00:00,3238.76,3239.18,3227.84,3230.12,18422.374
2960,2025-11-14 00:00:00+00:00,3230.13,3232.45,3217.1,3224.07,44386.531
2961,2025-11-14 00:05:00+00:00,3224.07,3227.85,3210.99,3213.12,30268.469
2962,2025-11-14 00:10:00+00:00,3213.12,3224.85,3210.6,3221.24,17556.794
2963,2025-11-14 00:15:00+00:00,3221.24,3221.88,3192.0,3208.98,56679.434
2964,2025-11-14 00:20:00+00:00,3208.98,3214.69,3206.14,3213.72,18382.724
2965,2025-11-14 00:25:00+00:00,3213.72,3227.69,3213.62,3221.01,24913.329
2966,2025-11-14 00:30:00+00:00,3221.01,3239.67,3216.18,3234.9,37323.602
2967,2025-11-14 00:35:00+00:00,3234.91,3238.0,3208.21,3209.81,25091.16
2968,2025-11-14 00:40:00+00:00,3209.82,3220.26,3201.1,3219.25,26503.177
2969,2025-11-14 00:45:00+00:00,3219.25,3224.04,3202.31,3207.43,19481.676
2970,2025-11-14 00:50:00+00:00,3207.43,3215.58,3194.24,3200.3,33722.145
2971,2025-11-14 00:55:00+00:00,3200.3,3207.68,3185.81,3199.2,31690.797
2972,2025-11-14 01:00:00+00:00,3199.22,3207.41,3183.17,3188.8,43588.405
2973,2025-11-14 01:05:00+00:00,3188.81,3202.61,3187.25,3190.05,20637.292
2974,2025-11-14 01:10:00+00:00,3190.05,3201.34,3186.25,3198.96,20171.918
2975,2025-11-14 01:15:00+00:00,3198.95,3213.81,3189.53,3212.44,32616.252
2976,2025-11-14 01:20:00+00:00,3212.44,3217.0,3204.0,3212.68,21678.043
2977,2025-11-14 01:25:00+00:00,3212.68,3220.0,3186.5,3197.52,34674.078
2978,2025-11-14 01:30:00+00:00,3197.53,3208.35,3197.25,3207.43,11700.846
2979,2025-11-14 01:35:00+00:00,3207.44,3212.69,3194.08,3195.95,17397.141
2980,2025-11-14 01:40:00+00:00,3195.96,3197.25,3187.0,3197.25,19384.102
2981,2025-11-14 01:45:00+00:00,3197.26,3202.23,3189.34,3201.93,16912.088
2982,2025-11-14 01:50:00+00:00,3201.93,3209.06,3200.0,3204.0,11897.228
2983,2025-11-14 01:55:00+00:00,3204.01,3212.77,3201.61,3205.39,8879.916
2984,2025-11-14 02:00:00+00:00,3205.39,3225.16,3203.05,3221.91,37366.867
2985,2025-11-14 02:05:00+00:00,3221.92,3238.09,3220.02,3225.24,34674.649
2986,2025-11-14 02:10:00+00:00,3225.24,3238.58,3220.54,3230.3,16883.308
2987,2025-11-14 02:15:00+00:00,3230.29,3245.58,3230.07,3236.89,20095.155
2988,2025-11-14 02:20:00+00:00,3236.9,3240.15,3233.15,3234.37,9372.748
2989,2025-11-14 02:25:00+00:00,3234.37,3240.85,3233.24,3235.28,5213.971
2990,2025-11-14 02:30:00+00:00,3235.29,3244.89,3234.75,3235.12,10477.851
2991,2025-11-14 02:35:00+00:00,3235.12,3247.0,3233.8,3246.28,12690.447
2992,2025-11-14 02:40:00+00:00,3246.29,3250.0,3243.19,3244.48,8643.385
2993,2025-11-14 02:45:00+00:00,3244.47,3247.0,3228.0,3231.32,19431.327
2994,2025-11-14 02:50:00+00:00,3231.33,3240.87,3230.74,3234.68,8938.164
2995,2025-11-14 02:55:00+00:00,3234.68,3238.44,3230.88,3236.25,5651.287
2996,2025-11-14 03:00:00+00:00,3236.25,3238.1,3226.11,3229.69,9960.363
2997,2025-11-14 03:05:00+00:00,3229.7,3230.36,3219.2,3230.36,13111.684
2998,2025-11-14 03:10:00+00:00,3230.35,3233.4,3226.0,3231.34,7919.295
2999,2025-11-14 03:15:00+00:00,3231.35,3231.51,3217.61,3222.0,11815.669
3000,2025-11-14 03:20:00+00:00,3222.01,3230.91,3218.87,3230.9,9182.811
3001,2025-11-14 03:25:00+00:00,3230.9,3232.97,3224.56,3232.04,6487.527
3002,2025-11-14 03:30:00+00:00,3232.04,3232.16,3220.81,3224.33,7311.052
3003,2025-11-14 03:35:00+00:00,3224.34,3226.9,3218.0,3223.23,11825.036
3004,2025-11-14 03:40:00+00:00,3223.24,3223.24,3210.23,3212.41,18607.938
3005,2025-11-14 03:45:00+00:00,3212.41,3223.13,3206.07,3215.5,27349.45
3006,2025-11-14 03:50:00+00:00,3215.5,3220.65,3214.93,3218.5,7453.084
3007,2025-11-14 03:55:00+00:00,3218.49,3226.95,3218.49,3226.5,8225.451
3008,2025-11-14 04:00:00+00:00,3226.49,3227.0,3218.01,3218.01,7026.242
3009,2025-11-14 04:05:00+00:00,3218.0,3218.0,3208.02,3211.56,10763.221
3010,2025-11-14 04:10:00+00:00,3211.57,3217.99,3211.27,3211.99,5091.43
3011,2025-11-14 04:15:00+00:00,3212.0,3221.13,3210.0,3219.33,8172.526
3012,2025-11-14 04:20:00+00:00,3219.33,3219.86,3206.6,3208.89,9924.59
3013,2025-11-14 04:25:00+00:00,3208.89,3215.04,3206.35,3213.76,6999.323
3014,2025-11-14 04:30:00+00:00,3213.75,3213.75,3170.75,3172.69,52007.56
3015,2025-11-14 04:35:00+00:00,3172.69,3191.3,3104.0,3112.25,196481.783
3016,2025-11-14 04:40:00+00:00,3112.26,3159.99,3112.25,3150.53,111777.586
3017,2025-11-14 04:45:00+00:00,3150.53,3171.37,3139.3,3140.4,66116.896
3018,2025-11-14 04:50:00+00:00,3140.4,3165.65,3139.5,3156.45,43421.851
3019,2025-11-14 04:55:00+00:00,3156.46,3165.76,3153.79,3161.51,29154.318
3020,2025-11-14 05:00:00+00:00,3161.5,3189.83,3158.0,3181.01,61139.876
3021,2025-11-14 05:05:00+00:00,3181.02,3181.73,3160.88,3163.19,28103.92
3022,2025-11-14 05:10:00+00:00,3163.19,3167.6,3155.72,3159.63,23562.742
3023,2025-11-14 05:15:00+00:00,3159.64,3182.0,3158.62,3175.48,23974.833
3024,2025-11-14 05:20:00+00:00,3175.48,3181.61,3171.36,3178.6,18082.072
3025,2025-11-14 05:25:00+00:00,3178.61,3183.87,3170.02,3170.19,12061.997
3026,2025-11-14 05:30:00+00:00,3170.18,3180.5,3166.0,3166.07,19049.104
3027,2025-11-14 05:35:00+00:00,3166.08,3187.77,3155.01,3174.7,54545.275
3028,2025-11-14 05:40:00+00:00,3174.69,3187.4,3173.5,3180.86,16841.695
3029,2025-11-14 05:45:00+00:00,3180.86,3205.66,3173.91,3196.53,55811.633
3030,2025-11-14 05:50:00+00:00,3196.56,3203.86,3190.16,3193.0,25540.485
3031,2025-11-14 05:55:00+00:00,3192.99,3194.74,3185.29,3191.01,11703.001
3032,2025-11-14 06:00:00+00:00,3191.01,3193.0,3177.83,3179.48,13811.107
3033,2025-11-14 06:05:00+00:00,3179.48,3182.96,3172.92,3175.1,13559.546
3034,2025-11-14 06:10:00+00:00,3175.1,3180.0,3164.57,3173.23,33330.243
3035,2025-11-14 06:15:00+00:00,3173.23,3175.0,3166.73,3175.0,13008.992
3036,2025-11-14 06:20:00+00:00,3175.0,3175.31,3161.51,3162.11,18570.161
3037,2025-11-14 06:25:00+00:00,3162.11,3172.51,3156.0,3166.99,32426.456
3038,2025-11-14 06:30:00+00:00,3166.99,3174.2,3157.86,3158.24,21241.184
3039,2025-11-14 06:35:00+00:00,3158.25,3166.49,3147.12,3151.32,26506.379
3040,2025-11-14 06:40:00+00:00,3151.32,3158.0,3145.59,3153.64,18268.773
3041,2025-11-14 06:45:00+00:00,3153.64,3178.14,3133.0,3175.92,69699.607
3042,2025-11-14 06:50:00+00:00,3175.83,3186.0,3158.55,3177.99,67556.963
3043,2025-11-14 06:55:00+00:00,3177.99,3225.0,3175.06,3221.05,92254.058
3044,2025-11-14 07:00:00+00:00,3221.05,3230.0,3199.13,3204.31,78689.412
3045,2025-11-14 07:05:00+00:00,3204.32,3209.86,3191.93,3197.98,34758.661
3046,2025-11-14 07:10:00+00:00,3197.96,3219.76,3193.45,3212.78,39665.781
3047,2025-11-14 07:15:00+00:00,3212.77,3220.7,3200.01,3201.66,28369.243
3048,2025-11-14 07:20:00+00:00,3201.65,3214.0,3200.48,3206.89,15848.711
3049,2025-11-14 07:25:00+00:00,3206.88,3219.99,3206.88,3219.04,18891.228
3050,2025-11-14 07:30:00+00:00,3219.04,3219.8,3204.82,3208.0,21024.745
3051,2025-11-14 07:35:00+00:00,3207.99,3209.13,3195.5,3206.06,30579.179
3052,2025-11-14 07:40:00+00:00,3206.06,3211.52,3197.24,3211.51,22610.194
3053,2025-11-14 07:45:00+00:00,3211.52,3238.77,3210.99,3227.77,56459.685
3054,2025-11-14 07:50:00+00:00,3227.76,3239.67,3217.35,3219.42,29395.028
3055,2025-11-14 07:55:00+00:00,3219.42,3223.81,3207.78,3213.82,22361.717
3056,2025-11-14 08:00:00+00:00,3213.82,3215.0,3207.23,3209.11,17181.651
3057,2025-11-14 08:05:00+00:00,3209.12,3210.24,3200.3,3201.0,15467.738
3058,2025-11-14 08:10:00+00:00,3200.99,3207.49,3196.44,3197.86,23316.429
3059,2025-11-14 08:15:00+00:00,3197.85,3217.8,3195.67,3215.95,24305.152
3060,2025-11-14 08:20:00+00:00,3215.96,3217.09,3202.03,3203.43,14122.445
3061,2025-11-14 08:25:00+00:00,3203.44,3207.0,3185.65,3192.11,37683.516
3062,2025-11-14 08:30:00+00:00,3192.12,3194.37,3181.1,3193.92,35463.919
3063,2025-11-14 08:35:00+00:00,3193.91,3208.94,3193.23,3205.01,17485.329
3064,2025-11-14 08:40:00+00:00,3205.01,3205.01,3190.44,3203.5,12147.292
3065,2025-11-14 08:45:00+00:00,3203.5,3203.5,3190.51,3193.7,11644.461
3066,2025-11-14 08:50:00+00:00,3193.71,3203.13,3193.71,3201.83,9354.059
3067,2025-11-14 08:55:00+00:00,3201.83,3209.3,3201.82,3203.72,10333.489
3068,2025-11-14 09:00:00+00:00,3203.72,3214.6,3200.13,3206.63,12140.69
3069,2025-11-14 09:05:00+00:00,3206.64,3212.0,3198.5,3204.56,9386.28
3070,2025-11-14 09:10:00+00:00,3204.55,3207.0,3194.9,3198.61,10046.701
3071,2025-11-14 09:15:00+00:00,3198.61,3199.31,3175.79,3180.99,28775.358
3072,2025-11-14 09:20:00+00:00,3180.99,3201.72,3180.99,3200.51,17963.026
3073,2025-11-14 09:25:00+00:00,3200.5,3200.92,3185.86,3186.65,9942.507
3074,2025-11-14 09:30:00+00:00,3186.65,3189.02,3147.68,3158.35,98762.01
3075,2025-11-14 09:35:00+00:00,3158.35,3165.6,3153.57,3160.37,47315.781
3076,2025-11-14 09:40:00+00:00,3160.38,3173.45,3160.38,3171.92,19820.897
3077,2025-11-14 09:45:00+00:00,3171.91,3172.14,3148.43,3157.77,31190.036
3078,2025-11-14 09:50:00+00:00,3157.77,3160.1,3150.3,3152.28,14981.906
3079,2025-11-14 09:55:00+00:00,3152.27,3159.57,3152.27,3154.7,12619.357
3080,2025-11-14 10:00:00+00:00,3154.7,3163.71,3153.0,3157.99,15091.462
3081,2025-11-14 10:05:00+00:00,3158.0,3170.47,3158.0,3170.47,12149.436
3082,2025-11-14 10:10:00+00:00,3170.47,3172.35,3166.93,3168.16,8202.249
3083,2025-11-14 10:15:00+00:00,3168.16,3174.23,3164.44,3174.22,11595.683
3084,2025-11-14 10:20:00+00:00,3174.22,3187.17,3172.56,3179.35,26372.704
3085,2025-11-14 10:25:00+00:00,3179.35,3185.0,3179.17,3183.01,12171.336
3086,2025-11-14 10:30:00+00:00,3183.02,3187.68,3177.89,3187.36,10639.384
3087,2025-11-14 10:35:00+00:00,3187.37,3194.7,3180.67,3189.53,17309.332
3088,2025-11-14 10:40:00+00:00,3189.54,3191.0,3184.0,3187.57,7527.424
3089,2025-11-14 10:45:00+00:00,3187.57,3191.52,3185.69,3186.96,8988.875
3090,2025-11-14 10:50:00+00:00,3186.96,3190.1,3181.41,3181.59,8556.886
3091,2025-11-14 10:55:00+00:00,3181.58,3181.99,3171.17,3174.71,21391.246
3092,2025-11-14 11:00:00+00:00,3174.71,3177.26,3169.54,3176.79,15492.581
3093,2025-11-14 11:05:00+00:00,3176.79,3181.69,3163.81,3167.4,18759.777
3094,2025-11-14 11:10:00+00:00,3167.39,3167.39,3156.95,3163.48,15583.349
3095,2025-11-14 11:15:00+00:00,3163.47,3165.48,3156.11,3159.67,16056.374
3096,2025-11-14 11:20:00+00:00,3159.67,3175.75,3157.4,3170.79,24860.891
3097,2025-11-14 11:25:00+00:00,3170.79,3174.26,3145.54,3154.48,41313.528
3098,2025-11-14 11:30:00+00:00,3154.49,3156.25,3135.78,3145.49,45554.555
3099,2025-11-14 11:35:00+00:00,3145.48,3146.25,3125.0,3132.89,49850.87
3100,2025-11-14 11:40:00+00:00,3132.89,3138.74,3115.0,3136.3,53211.422
3101,2025-11-14 11:45:00+00:00,3136.31,3143.11,3125.0,3138.21,46028.937
3102,2025-11-14 11:50:00+00:00,3138.21,3140.46,3118.8,3124.81,33259.188
3103,2025-11-14 11:55:00+00:00,3124.82,3145.12,3123.47,3142.93,34155.938
3104,2025-11-14 12:00:00+00:00,3142.93,3142.93,3126.72,3127.57,24596.27
3105,2025-11-14 12:05:00+00:00,3127.58,3133.66,3122.97,3128.8,21456.773
3106,2025-11-14 12:10:00+00:00,3128.81,3138.34,3111.58,3120.21,47840.013
3107,2025-11-14 12:15:00+00:00,3120.22,3128.76,3112.86,3116.48,30767.81
3108,2025-11-14 12:20:00+00:00,3116.48,3118.97,3110.45,3112.19,23415.577
3109,2025-11-14 12:25:00+00:00,3112.2,3130.0,3111.92,3120.01,29330.835
3110,2025-11-14 12:30:00+00:00,3120.0,3127.78,3088.0,3090.48,114101.053
3111,2025-11-14 12:35:00+00:00,3090.48,3103.98,3080.0,3084.34,85527.515
3112,2025-11-14 12:40:00+00:00,3084.35,3092.0,3068.0,3081.78,111357.48
3113,2025-11-14 12:45:00+00:00,3081.77,3114.53,3076.73,3108.48,86838.904
3114,2025-11-14 12:50:00+00:00,3108.49,3132.43,3104.15,3118.27,88304.638
3115,2025-11-14 12:55:00+00:00,3118.26,3133.0,3114.62,3125.71,41459.638
3116,2025-11-14 13:00:00+00:00,3125.71,3149.99,3116.0,3138.06,64114.952
3117,2025-11-14 13:05:00+00:00,3138.07,3138.07,3119.29,3124.97,29766.739
3118,2025-11-14 13:10:00+00:00,3124.98,3129.88,3115.09,3118.75,24514.012
3119,2025-11-14 13:15:00+00:00,3118.75,3125.6,3105.68,3105.85,31359.98
3120,2025-11-14 13:20:00+00:00,3105.86,3111.45,3086.58,3095.62,51281.445
3121,2025-11-14 13:25:00+00:00,3095.63,3105.48,3090.72,3103.09,33531.095
3122,2025-11-14 13:30:00+00:00,3103.1,3107.93,3078.0,3083.29,47150.562
3123,2025-11-14 13:35:00+00:00,3083.3,3089.72,3071.41,3078.94,43346.531
3124,2025-11-14 13:40:00+00:00,3078.94,3091.56,3077.74,3087.0,29820.549
3125,2025-11-14 13:45:00+00:00,3087.0,3094.17,3082.11,3089.32,23344.177
3126,2025-11-14 13:50:00+00:00,3089.33,3132.99,3085.0,3120.83,83930.85
3127,2025-11-14 13:55:00+00:00,3120.83,3133.43,3114.94,3120.64,39783.537
3128,2025-11-14 14:00:00+00:00,3120.64,3135.84,3115.0,3132.74,33680.479
3129,2025-11-14 14:05:00+00:00,3132.73,3146.33,3130.54,3140.18,56274.14
3130,2025-11-14 14:10:00+00:00,3140.18,3141.14,3127.65,3134.07,24251.371
3131,2025-11-14 14:15:00+00:00,3134.08,3147.5,3132.85,3141.86,30001.975
3132,2025-11-14 14:20:00+00:00,3141.87,3163.7,3137.48,3160.25,43747.789
3133,2025-11-14 14:25:00+00:00,3160.25,3160.25,3132.05,3133.01,50175.016
3134,2025-11-14 14:30:00+00:00,3133.01,3155.38,3105.67,3147.84,111664.106
3135,2025-11-14 14:35:00+00:00,3147.83,3193.34,3147.26,3184.99,161980.75
3136,2025-11-14 14:40:00+00:00,3184.99,3209.0,3170.28,3199.88,93716.922
3137,2025-11-14 14:45:00+00:00,3199.87,3219.0,3192.99,3199.33,98716.357
3138,2025-11-14 14:50:00+00:00,3199.33,3219.77,3187.15,3200.8,85729.226
3139,2025-11-14 14:55:00+00:00,3200.8,3205.98,3193.79,3197.85,34854.515
3140,2025-11-14 15:00:00+00:00,3197.85,3197.89,3174.0,3179.58,53822.034
3141,2025-11-14 15:05:00+00:00,3179.59,3195.0,3174.57,3190.53,36571.381
3142,2025-11-14 15:10:00+00:00,3190.5,3192.16,3158.56,3168.42,53500.424
3143,2025-11-14 15:15:00+00:00,3168.42,3190.97,3163.65,3174.56,41750.959
3144,2025-11-14 15:20:00+00:00,3174.55,3193.17,3172.76,3178.5,34124.086
3145,2025-11-14 15:25:00+00:00,3178.49,3214.65,3168.13,3199.97,55910.807
3146,2025-11-14 15:30:00+00:00,3200.0,3213.28,3191.69,3195.35,30977.629
3147,2025-11-14 15:35:00+00:00,3195.35,3207.4,3189.0,3202.97,22680.623
3148,2025-11-14 15:40:00+00:00,3202.95,3207.0,3193.41,3204.94,18381.324
3149,2025-11-14 15:45:00+00:00,3204.93,3233.66,3199.0,3220.19,66237.56
3150,2025-11-14 15:50:00+00:00,3220.19,3230.23,3204.32,3208.84,32793.773
3151,2025-11-14 15:55:00+00:00,3208.83,3208.83,3186.0,3195.73,37985.185
3152,2025-11-14 16:00:00+00:00,3195.73,3198.29,3183.63,3186.43,25166.967
3153,2025-11-14 16:05:00+00:00,3186.42,3199.99,3181.37,3199.75,24904.838
3154,2025-11-14 16:10:00+00:00,3199.75,3204.4,3195.39,3199.24,17888.322
3155,2025-11-14 16:15:00+00:00,3199.24,3207.12,3191.11,3197.21,21236.971
3156,2025-11-14 16:20:00+00:00,3197.22,3215.0,3192.0,3213.72,18914.918
3157,2025-11-14 16:25:00+00:00,3213.73,3250.0,3210.01,3236.01,74837.365
3158,2025-11-14 16:30:00+00:00,3236.01,3247.87,3228.64,3241.39,31934.858
3159,2025-11-14 16:35:00+00:00,3241.39,3255.95,3238.0,3243.58,38932.266
3160,2025-11-14 16:40:00+00:00,3243.59,3248.96,3232.55,3235.47,21912.238
3161,2025-11-14 16:45:00+00:00,3235.47,3239.0,3226.11,3237.6,18867.641
3162,2025-11-14 16:50:00+00:00,3237.61,3242.82,3232.49,3233.97,16393.716
3163,2025-11-14 16:55:00+00:00,3233.96,3238.52,3228.8,3229.92,11294.515
3164,2025-11-14 17:00:00+00:00,3229.92,3235.33,3225.13,3234.61,12267.073
3165,2025-11-14 17:05:00+00:00,3234.6,3234.6,3225.71,3231.58,9113.373
3166,2025-11-14 17:10:00+00:00,3231.58,3244.48,3231.0,3236.16,10400.566
3167,2025-11-14 17:15:00+00:00,3236.16,3236.76,3221.21,3223.66,19571.184
3168,2025-11-14 17:20:00+00:00,3223.65,3228.73,3216.42,3222.29,14547.145
3169,2025-11-14 17:25:00+00:00,3222.29,3223.28,3207.14,3215.25,22679.567
3170,2025-11-14 17:30:00+00:00,3215.25,3215.6,3204.13,3211.29,13531.659
3171,2025-11-14 17:35:00+00:00,3211.31,3215.78,3204.03,3212.46,16059.768
3172,2025-11-14 17:40:00+00:00,3212.47,3212.47,3202.64,3207.09,14844.472
3173,2025-11-14 17:45:00+00:00,3207.09,3209.57,3180.13,3184.47,43955.376
3174,2025-11-14 17:50:00+00:00,3184.46,3185.22,3158.0,3182.67,75224.427
3175,2025-11-14 17:55:00+00:00,3182.66,3188.72,3171.0,3178.55,25570.695
3176,2025-11-14 18:00:00+00:00,3178.55,3180.62,3166.64,3179.35,22724.74
3177,2025-11-14 18:05:00+00:00,3179.34,3187.0,3174.01,3186.34,16773.311
3178,2025-11-14 18:10:00+00:00,3186.33,3207.85,3180.35,3202.13,34568.075
3179,2025-11-14 18:15:00+00:00,3202.14,3203.3,3186.24,3192.99,16343.771
3180,2025-11-14 18:20:00+00:00,3192.99,3193.49,3178.55,3183.49,14919.16
3181,2025-11-14 18:25:00+00:00,3183.49,3195.48,3177.63,3194.0,11718.599
3182,2025-11-14 18:30:00+00:00,3193.99,3200.93,3189.43,3192.39,14511.751
3183,2025-11-14 18:35:00+00:00,3192.38,3193.94,3171.25,3172.62,21311.467
3184,2025-11-14 18:40:00+00:00,3172.61,3173.57,3157.53,3163.68,29458.208
3185,2025-11-14 18:45:00+00:00,3163.69,3166.0,3153.17,3158.94,26311.089
3186,2025-11-14 18:50:00+00:00,3158.96,3176.35,3158.96,3169.3,28891.571
3187,2025-11-14 18:55:00+00:00,3169.3,3170.69,3158.74,3167.74,17253.638
3188,2025-11-14 19:00:00+00:00,3167.74,3171.05,3158.6,3158.6,19292.096
3189,2025-11-14 19:05:00+00:00,3158.93,3179.67,3158.52,3179.67,21159.808
3190,2025-11-14 19:10:00+00:00,3179.68,3191.65,3177.1,3191.01,27258.113
3191,2025-11-14 19:15:00+00:00,3191.0,3203.99,3189.56,3199.58,27949.856
3192,2025-11-14 19:20:00+00:00,3199.58,3219.6,3199.34,3213.76,27163.166
3193,2025-11-14 19:25:00+00:00,3213.77,3214.55,3205.25,3208.89,14807.796
3194,2025-11-14 19:30:00+00:00,3208.89,3209.53,3193.71,3198.14,22639.487
3195,2025-11-14 19:35:00+00:00,3198.14,3198.45,3190.06,3195.13,10159.472
3196,2025-11-14 19:40:00+00:00,3195.13,3195.47,3187.77,3188.63,9003.268
3197,2025-11-14 19:45:00+00:00,3188.64,3204.31,3184.37,3200.26,15757.565
3198,2025-11-14 19:50:00+00:00,3200.25,3215.0,3199.05,3205.28,11609.297
3199,2025-11-14 19:55:00+00:00,3205.29,3207.84,3199.45,3206.37,6162.103
3200,2025-11-14 20:00:00+00:00,3206.37,3212.04,3202.53,3209.08,7873.078
3201,2025-11-14 20:05:00+00:00,3209.07,3211.6,3193.39,3196.79,9229.133
3202,2025-11-14 20:10:00+00:00,3196.78,3200.87,3184.81,3188.4,11006.556
3203,2025-11-14 20:15:00+00:00,3188.39,3195.0,3183.55,3190.48,10045.084
3204,2025-11-14 20:20:00+00:00,3190.49,3191.9,3171.76,3178.92,16617.632
3205,2025-11-14 20:25:00+00:00,3178.92,3178.92,3167.38,3169.06,9937.355
3206,2025-11-14 20:30:00+00:00,3169.06,3182.25,3166.01,3176.31,17118.67
3207,2025-11-14 20:35:00+00:00,3176.32,3178.53,3151.04,3154.44,30551.88
3208,2025-11-14 20:40:00+00:00,3154.44,3155.0,3120.22,3128.95,55195.906
3209,2025-11-14 20:45:00+00:00,3128.95,3134.81,3121.37,3127.53,29531.113
3210,2025-11-14 20:50:00+00:00,3127.53,3138.8,3122.81,3132.06,25587.764
3211,2025-11-14 20:55:00+00:00,3132.06,3136.73,3125.2,3136.22,23343.353
3212,2025-11-14 21:00:00+00:00,3136.22,3148.92,3123.0,3146.46,26105.669
3213,2025-11-14 21:05:00+00:00,3146.46,3167.16,3143.47,3153.61,27514.184
3214,2025-11-14 21:10:00+00:00,3153.62,3161.77,3151.52,3158.27,11790.547
3215,2025-11-14 21:15:00+00:00,3158.26,3158.63,3148.83,3157.8,10776.975
3216,2025-11-14 21:20:00+00:00,3157.81,3174.12,3155.17,3164.27,20049.217
3217,2025-11-14 21:25:00+00:00,3164.28,3171.24,3154.09,3158.4,12944.572
3218,2025-11-14 21:30:00+00:00,3158.4,3165.39,3156.29,3158.82,7537.792
3219,2025-11-14 21:35:00+00:00,3158.82,3162.67,3153.43,3159.41,6420.52
3220,2025-11-14 21:40:00+00:00,3159.4,3171.2,3158.64,3167.78,9439.913
3221,2025-11-14 21:45:00+00:00,3167.79,3174.39,3163.96,3169.28,9666.105
3222,2025-11-14 21:50:00+00:00,3169.29,3171.21,3162.98,3163.39,4741.744
3223,2025-11-14 21:55:00+00:00,3163.4,3171.11,3163.3,3165.97,6083.763
3224,2025-11-14 22:00:00+00:00,3165.97,3179.62,3165.55,3178.7,9622.024
3225,2025-11-14 22:05:00+00:00,3178.69,3180.73,3170.5,3171.06,8472.07
3226,2025-11-14 22:10:00+00:00,3171.07,3171.5,3142.01,3144.72,22410.588
3227,2025-11-14 22:15:00+00:00,3144.72,3152.78,3141.52,3151.31,13933.29
3228,2025-11-14 22:20:00+00:00,3151.32,3151.32,3141.05,3141.29,7812.755
3229,2025-11-14 22:25:00+00:00,3141.29,3169.58,3140.61,3167.28,17120.544
3230,2025-11-14 22:30:00+00:00,3167.28,3186.0,3163.94,3170.94,18530.902
3231,2025-11-14 22:35:00+00:00,3170.95,3176.0,3168.57,3172.32,5997.479
3232,2025-11-14 22:40:00+00:00,3172.31,3173.95,3163.8,3172.75,4364.34
3233,2025-11-14 22:45:00+00:00,3172.75,3179.52,3165.0,3165.0,3292.219
3234,2025-11-14 22:50:00+00:00,3165.0,3168.5,3151.0,3153.93,9883.546
3235,2025-11-14 22:55:00+00:00,3153.92,3158.33,3146.45,3157.71,9162.181
3236,2025-11-14 23:00:00+00:00,3157.72,3157.72,3110.0,3115.98,28382.985
3237,2025-11-14 23:05:00+00:00,3115.98,3118.68,3088.0,3101.95,53319.431
3238,2025-11-14 23:10:00+00:00,3101.95,3120.72,3099.6,3119.83,22051.6
3239,2025-11-14 23:15:00+00:00,3119.83,3123.22,3108.0,3122.69,11788.124
3240,2025-11-14 23:20:00+00:00,3122.68,3126.26,3095.0,3100.87,15677.836
3241,2025-11-14 23:25:00+00:00,3100.87,3111.01,3098.0,3105.13,8535.37
3242,2025-11-14 23:30:00+00:00,3105.13,3111.17,3096.71,3110.65,13651.477
3243,2025-11-14 23:35:00+00:00,3110.64,3120.67,3102.32,3118.25,12396.757
3244,2025-11-14 23:40:00+00:00,3118.25,3121.76,3114.41,3119.09,7220.691
3245,2025-11-14 23:45:00+00:00,3119.09,3131.85,3118.79,3126.64,15160.359
3246,2025-11-14 23:50:00+00:00,3126.64,3130.0,3103.84,3106.15,20370.593
3247,2025-11-14 23:55:00+00:00,3106.15,3112.0,3100.12,3111.2,19082.97
3248,2025-11-15 00:00:00+00:00,3111.2,3133.0,3109.16,3129.4,25979.411
3249,2025-11-15 00:05:00+00:00,3129.41,3143.11,3123.82,3133.5,22764.602
3250,2025-11-15 00:10:00+00:00,3133.49,3145.8,3133.49,3142.18,13108.038
3251,2025-11-15 00:15:00+00:00,3142.18,3142.82,3132.93,3132.94,9514.724
3252,2025-11-15 00:20:00+00:00,3132.93,3149.5,3132.75,3149.5,9129.441
3253,2025-11-15 00:25:00+00:00,3149.5,3149.8,3138.2,3143.48,9063.446
3254,2025-11-15 00:30:00+00:00,3143.48,3144.31,3128.5,3131.98,12699.116
3255,2025-11-15 00:35:00+00:00,3132.0,3132.73,3116.98,3125.68,14255.909
3256,2025-11-15 00:40:00+00:00,3125.68,3134.71,3124.58,3133.43,6901.712
3257,2025-11-15 00:45:00+00:00,3133.41,3133.99,3121.43,3124.2,10059.52
3258,2025-11-15 00:50:00+00:00,3124.21,3127.27,3116.37,3127.26,11283.855
3259,2025-11-15 00:55:00+00:00,3127.27,3141.6,3126.15,3139.8,14173.213
3260,2025-11-15 01:00:00+00:00,3139.8,3141.21,3128.66,3129.12,7423.311
3261,2025-11-15 01:05:00+00:00,3129.12,3136.09,3123.02,3134.82,7145.406
3262,2025-11-15 01:10:00+00:00,3134.82,3148.65,3129.01,3145.15,11034.241
3263,2025-11-15 01:15:00+00:00,3145.15,3153.78,3143.77,3151.1,11600.57
3264,2025-11-15 01:20:00+00:00,3151.09,3153.0,3144.16,3145.29,7047.601
3265,2025-11-15 01:25:00+00:00,3145.29,3147.63,3141.05,3146.28,5085.423
3266,2025-11-15 01:30:00+00:00,3146.27,3156.66,3145.9,3152.81,9319.728
3267,2025-11-15 01:35:00+00:00,3152.81,3157.6,3150.24,3155.48,7207.417
3268,2025-11-15 01:40:00+00:00,3155.48,3161.69,3154.01,3159.72,7270.673
3269,2025-11-15 01:45:00+00:00,3159.72,3165.93,3157.11,3162.2,10877.207
3270,2025-11-15 01:50:00+00:00,3162.21,3172.0,3160.0,3167.57,16037.751
3271,2025-11-15 01:55:00+00:00,3167.57,3177.95,3166.75,3172.11,14704.815
3272,2025-11-15 02:00:00+00:00,3172.12,3172.45,3163.68,3167.46,8486.423
3273,2025-11-15 02:05:00+00:00,3167.47,3168.73,3164.05,3166.04,4272.04
3274,2025-11-15 02:10:00+00:00,3166.05,3169.46,3165.23,3165.41,3105.08
3275,2025-11-15 02:15:00+00:00,3165.4,3176.1,3161.4,3169.39,7946.536
3276,2025-11-15 02:20:00+00:00,3169.4,3175.54,3167.14,3169.58,6502.837
3277,2025-11-15 02:25:00+00:00,3169.59,3175.57,3167.64,3174.98,6259.586
3278,2025-11-15 02:30:00+00:00,3174.99,3175.18,3167.91,3169.91,6698.156
3279,2025-11-15 02:35:00+00:00,3169.92,3173.15,3168.0,3172.79,4122.844
3280,2025-11-15 02:40:00+00:00,3172.79,3189.36,3172.26,3187.05,32536.25
3281,2025-11-15 02:45:00+00:00,3187.05,3192.3,3182.01,3183.99,22409.539
3282,2025-11-15 02:50:00+00:00,3184.0,3189.92,3180.2,3184.07,9178.644
3283,2025-11-15 02:55:00+00:00,3184.08,3192.56,3181.62,3192.24,11101.318
3284,2025-11-15 03:00:00+00:00,3192.22,3192.8,3183.88,3185.43,8724.518
3285,2025-11-15 03:05:00+00:00,3185.42,3185.89,3182.21,3184.19,6735.706
3286,2025-11-15 03:10:00+00:00,3184.19,3188.63,3183.43,3186.62,6424.665
3287,2025-11-15 03:15:00+00:00,3186.62,3191.91,3183.54,3188.23,10081.341
3288,2025-11-15 03:20:00+00:00,3188.24,3188.24,3182.39,3183.75,15006.077
3289,2025-11-15 03:25:00+00:00,3183.76,3189.58,3182.38,3183.04,10251.749
3290,2025-11-15 03:30:00+00:00,3183.04,3184.02,3173.53,3176.06,21125.54
3291,2025-11-15 03:35:00+00:00,3176.06,3177.98,3167.46,3168.67,10700.677
3292,2025-11-15 03:40:00+00:00,3168.67,3177.74,3166.01,3175.56,15270.006
3293,2025-11-15 03:45:00+00:00,3175.56,3176.94,3172.81,3176.71,5928.896
3294,2025-11-15 03:50:00+00:00,3176.7,3177.56,3172.75,3175.17,3015.847
3295,2025-11-15 03:55:00+00:00,3175.17,3178.59,3173.54,3177.88,4100.26
3296,2025-11-15 04:00:00+00:00,3177.88,3180.7,3176.73,3178.8,4487.79
3297,2025-11-15 04:05:00+00:00,3178.81,3181.44,3173.05,3174.04,5988.234
3298,2025-11-15 04:10:00+00:00,3174.05,3182.95,3172.65,3180.49,4724.865
3299,2025-11-15 04:15:00+00:00,3180.49,3190.88,3180.15,3186.48,11750.865
3300,2025-11-15 04:20:00+00:00,3186.49,3188.51,3177.39,3178.35,9783.587
3301,2025-11-15 04:25:00+00:00,3178.35,3178.35,3170.86,3171.69,8186.793
3302,2025-11-15 04:30:00+00:00,3171.69,3172.0,3165.0,3169.57,12272.133
3303,2025-11-15 04:35:00+00:00,3169.56,3172.54,3168.09,3168.22,5191.062
3304,2025-11-15 04:40:00+00:00,3168.23,3168.23,3161.29,3161.56,8130.019
3305,2025-11-15 04:45:00+00:00,3161.56,3164.29,3157.12,3164.24,11363.586
3306,2025-11-15 04:50:00+00:00,3164.24,3171.0,3162.76,3171.0,7315.376
3307,2025-11-15 04:55:00+00:00,3170.99,3174.18,3168.89,3170.7,5390.619
3308,2025-11-15 05:00:00+00:00,3170.71,3170.71,3166.74,3168.5,4260.393
3309,2025-11-15 05:05:00+00:00,3168.51,3175.36,3167.02,3167.99,4169.745
3310,2025-11-15 05:10:00+00:00,3168.0,3168.67,3160.08,3161.97,6493.134
3311,2025-11-15 05:15:00+00:00,3161.97,3176.06,3161.49,3172.68,7593.453
3312,2025-11-15 05:20:00+00:00,3172.68,3174.52,3169.25,3169.33,4438.764
3313,2025-11-15 05:25:00+00:00,3169.33,3172.18,3166.92,3169.19,3587.171
3314,2025-11-15 05:30:00+00:00,3169.2,3174.92,3167.28,3172.85,7164.957
3315,2025-11-15 05:35:00+00:00,3172.85,3172.86,3168.63,3169.59,1742.767
3316,2025-11-15 05:40:00+00:00,3169.6,3174.0,3166.91,3173.75,3256.416
3317,2025-11-15 05:45:00+00:00,3173.74,3179.57,3171.99,3176.64,4942.313
3318,2025-11-15 05:50:00+00:00,3176.64,3181.61,3176.64,3179.31,5853.639
3319,2025-11-15 05:55:00+00:00,3179.32,3182.0,3177.11,3177.49,5027.508
3320,2025-11-15 06:00:00+00:00,3177.5,3178.23,3174.59,3174.6,2907.433
3321,2025-11-15 06:05:00+00:00,3174.6,3180.05,3174.6,3178.26,3489.708
3322,2025-11-15 06:10:00+00:00,3178.26,3181.47,3178.26,3179.27,2338.329
3323,2025-11-15 06:15:00+00:00,3179.26,3181.84,3177.5,3179.4,3244.316
3324,2025-11-15 06:20:00+00:00,3179.39,3183.28,3178.27,3182.83,5585.157
3325,2025-11-15 06:25:00+00:00,3182.84,3182.84,3176.24,3177.16,3677.216
3326,2025-11-15 06:30:00+00:00,3177.17,3180.68,3176.04,3178.34,3935.724
3327,2025-11-15 06:35:00+00:00,3178.33,3186.62,3177.89,3181.0,6445.443
3328,2025-11-15 06:40:00+00:00,3181.01,3181.24,3165.77,3168.69,8092.36
3329,2025-11-15 06:45:00+00:00,3168.68,3172.89,3165.07,3170.66,8661.512
3330,2025-11-15 06:50:00+00:00,3170.67,3180.0,3168.24,3178.78,7063.904
3331,2025-11-15 06:55:00+00:00,3178.78,3178.78,3172.0,3173.98,3724.191
3332,2025-11-15 07:00:00+00:00,3173.99,3174.0,3168.46,3169.54,4355.909
3333,2025-11-15 07:05:00+00:00,3169.53,3178.89,3169.51,3178.88,4649.208
3334,2025-11-15 07:10:00+00:00,3178.88,3181.91,3177.75,3180.93,4324.863
3335,2025-11-15 07:15:00+00:00,3180.93,3180.94,3176.37,3178.06,2770.983
3336,2025-11-15 07:20:00+00:00,3178.05,3182.0,3174.03,3182.0,3625.722
3337,2025-11-15 07:25:00+00:00,3182.0,3184.05,3178.41,3180.71,4712.306
3338,2025-11-15 07:30:00+00:00,3180.71,3181.19,3177.3,3179.92,2778.593
3339,2025-11-15 07:35:00+00:00,3179.92,3179.92,3173.28,3175.49,4150.661
3340,2025-11-15 07:40:00+00:00,3175.49,3177.0,3170.68,3171.84,4748.418
3341,2025-11-15 07:45:00+00:00,3171.83,3173.27,3166.82,3169.15,6833.481
3342,2025-11-15 07:50:00+00:00,3169.14,3175.33,3169.14,3174.27,4062.265
3343,2025-11-15 07:55:00+00:00,3174.27,3175.96,3173.16,3174.98,2511.432
3344,2025-11-15 08:00:00+00:00,3174.99,3176.6,3161.84,3165.04,11420.854
3345,2025-11-15 08:05:00+00:00,3165.04,3166.74,3161.79,3165.22,6511.893
3346,2025-11-15 08:10:00+00:00,3165.23,3168.96,3163.35,3164.98,4466.032
3347,2025-11-15 08:15:00+00:00,3164.98,3165.55,3160.21,3164.76,6202.335
3348,2025-11-15 08:20:00+00:00,3164.76,3165.87,3151.33,3152.37,26519.034
3349,2025-11-15 08:25:00+00:00,3152.38,3157.55,3149.82,3156.78,18162.235
3350,2025-11-15 08:30:00+00:00,3156.78,3157.68,3150.77,3151.25,7414.543
3351,2025-11-15 08:35:00+00:00,3151.26,3166.79,3151.25,3160.38,17516.963
3352,2025-11-15 08:40:00+00:00,3160.38,3164.21,3145.91,3147.54,11696.283
3353,2025-11-15 08:45:00+00:00,3147.54,3150.31,3137.43,3142.68,25427.784
3354,2025-11-15 08:50:00+00:00,3142.68,3145.44,3132.66,3138.92,18404.503
3355,2025-11-15 08:55:00+00:00,3138.93,3144.58,3137.17,3141.51,11208.594
3356,2025-11-15 09:00:00+00:00,3141.52,3146.04,3137.2,3144.02,12379.088
3357,2025-11-15 09:05:00+00:00,3144.02,3147.51,3139.53,3146.16,5688.884
3358,2025-11-15 09:10:00+00:00,3146.15,3158.75,3146.08,3158.51,17480.048
3359,2025-11-15 09:15:00+00:00,3158.52,3159.55,3152.34,3153.27,6474.347
3360,2025-11-15 09:20:00+00:00,3153.26,3164.0,3152.12,3162.27,7560.013
3361,2025-11-15 09:25:00+00:00,3162.27,3163.23,3157.96,3157.96,4612.096
3362,2025-11-15 09:30:00+00:00,3157.97,3158.74,3151.48,3155.42,5613.187
3363,2025-11-15 09:35:00+00:00,3155.42,3161.82,3155.03,3159.82,5067.095
3364,2025-11-15 09:40:00+00:00,3159.82,3163.23,3158.26,3160.52,4798.058
3365,2025-11-15 09:45:00+00:00,3160.51,3160.51,3150.42,3150.42,5947.817
3366,2025-11-15 09:50:00+00:00,3150.42,3152.47,3142.16,3150.51,15762.364
3367,2025-11-15 09:55:00+00:00,3150.51,3151.99,3148.15,3151.68,3495.961
3368,2025-11-15 10:00:00+00:00,3151.68,3151.69,3144.23,3147.58,5954.352
3369,2025-11-15 10:05:00+00:00,3147.57,3152.56,3146.06,3149.0,6025.023
3370,2025-11-15 10:10:00+00:00,3148.99,3150.65,3144.38,3150.24,7568.551
3371,2025-11-15 10:15:00+00:00,3150.25,3153.2,3145.01,3151.02,5840.322
3372,2025-11-15 10:20:00+00:00,3151.02,3159.85,3150.34,3156.41,9605.128
3373,2025-11-15 10:25:00+00:00,3156.41,3159.0,3154.41,3157.67,5061.56
3374,2025-11-15 10:30:00+00:00,3157.67,3159.68,3156.64,3157.58,3617.381
3375,2025-11-15 10:35:00+00:00,3157.58,3158.08,3153.3,3155.02,3394.03
3376,2025-11-15 10:40:00+00:00,3155.01,3168.0,3154.4,3166.79,10958.755
3377,2025-11-15 10:45:00+00:00,3166.79,3167.99,3164.15,3165.96,5676.293
3378,2025-11-15 10:50:00+00:00,3165.96,3170.95,3164.61,3168.32,6754.93
3379,2025-11-15 10:55:00+00:00,3168.32,3169.74,3167.31,3167.41,3503.074
3380,2025-11-15 11:00:00+00:00,3167.42,3171.19,3166.22,3167.96,4711.203
3381,2025-11-15 11:05:00+00:00,3167.96,3167.96,3159.34,3163.39,6042.002
3382,2025-11-15 11:10:00+00:00,3163.38,3170.31,3163.0,3164.2,6423.53
3383,2025-11-15 11:15:00+00:00,3164.21,3165.52,3157.0,3162.7,6063.13
3384,2025-11-15 11:20:00+00:00,3162.7,3163.76,3160.32,3161.0,1792.679
3385,2025-11-15 11:25:00+00:00,3161.01,3165.15,3160.0,3164.49,2596.111
3386,2025-11-15 11:30:00+00:00,3164.49,3165.48,3156.91,3159.6,9277.58
3387,2025-11-15 11:35:00+00:00,3159.6,3162.53,3156.06,3158.27,4735.451
3388,2025-11-15 11:40:00+00:00,3158.28,3161.15,3157.21,3157.81,2425.796
3389,2025-11-15 11:45:00+00:00,3157.8,3157.8,3149.13,3153.0,8238.054
3390,2025-11-15 11:50:00+00:00,3152.99,3152.99,3146.0,3147.31,12905.056
3391,2025-11-15 11:55:00+00:00,3147.3,3151.22,3145.36,3151.22,4576.469
3392,2025-11-15 12:00:00+00:00,3151.21,3152.47,3146.13,3149.03,5291.367
3393,2025-11-15 12:05:00+00:00,3149.03,3150.69,3146.0,3146.45,2987.702
3394,2025-11-15 12:10:00+00:00,3146.45,3158.25,3146.43,3157.7,7196.849
3395,2025-11-15 12:15:00+00:00,3157.7,3159.77,3153.39,3158.0,6620.371
3396,2025-11-15 12:20:00+00:00,3157.99,3166.84,3157.99,3164.6,10419.326
3397,2025-11-15 12:25:00+00:00,3164.6,3166.0,3163.0,3163.76,3421.87
3398,2025-11-15 12:30:00+00:00,3163.76,3163.76,3159.58,3162.65,3700.618
3399,2025-11-15 12:35:00+00:00,3162.65,3166.44,3160.4,3161.85,2600.256
3400,2025-11-15 12:40:00+00:00,3161.84,3161.94,3154.0,3155.85,5452.862
3401,2025-11-15 12:45:00+00:00,3155.85,3157.0,3153.0,3156.81,4601.221
3402,2025-11-15 12:50:00+00:00,3156.8,3163.0,3153.9,3162.56,5126.55
3403,2025-11-15 12:55:00+00:00,3162.55,3162.55,3159.11,3160.9,2394.74
3404,2025-11-15 13:00:00+00:00,3160.89,3161.88,3157.67,3161.75,2647.987
3405,2025-11-15 13:05:00+00:00,3161.76,3170.88,3159.16,3168.02,6563.575
3406,2025-11-15 13:10:00+00:00,3168.02,3170.06,3165.84,3166.13,7233.306
3407,2025-11-15 13:15:00+00:00,3166.13,3173.53,3165.0,3172.29,9245.236
3408,2025-11-15 13:20:00+00:00,3172.32,3181.29,3172.11,3178.98,19865.851
3409,2025-11-15 13:25:00+00:00,3178.98,3180.71,3175.79,3176.91,10591.108
3410,2025-11-15 13:30:00+00:00,3176.91,3179.6,3172.49,3177.33,8036.739
3411,2025-11-15 13:35:00+00:00,3177.33,3183.0,3176.22,3180.64,10188.331
3412,2025-11-15 13:40:00+00:00,3180.64,3180.64,3175.45,3175.89,5625.072
3413,2025-11-15 13:45:00+00:00,3175.89,3176.71,3170.79,3172.65,8267.501
3414,2025-11-15 13:50:00+00:00,3172.64,3185.54,3170.66,3183.48,23562.27
3415,2025-11-15 13:55:00+00:00,3183.48,3197.5,3179.54,3191.29,43830.012
3416,2025-11-15 14:00:00+00:00,3191.28,3191.54,3185.1,3185.39,11271.505
3417,2025-11-15 14:05:00+00:00,3185.39,3188.89,3183.94,3185.72,5603.405
3418,2025-11-15 14:10:00+00:00,3185.72,3190.71,3185.09,3189.46,6668.945
3419,2025-11-15 14:15:00+00:00,3189.48,3191.81,3183.0,3183.04,8732.697
3420,2025-11-15 14:20:00+00:00,3183.04,3187.11,3179.54,3182.21,7916.871
3421,2025-11-15 14:25:00+00:00,3182.21,3182.21,3175.2,3179.27,10190.178
3422,2025-11-15 14:30:00+00:00,3179.26,3180.55,3173.28,3177.12,8991.048
3423,2025-11-15 14:35:00+00:00,3177.12,3184.43,3176.6,3183.47,5978.728
3424,2025-11-15 14:40:00+00:00,3183.48,3183.78,3177.83,3179.21,2966.257
3425,2025-11-15 14:45:00+00:00,3179.21,3179.22,3173.1,3174.96,5827.516
3426,2025-11-15 14:50:00+00:00,3174.96,3180.0,3173.76,3178.77,4660.954
3427,2025-11-15 14:55:00+00:00,3178.77,3179.5,3175.13,3176.34,3494.183
3428,2025-11-15 15:00:00+00:00,3176.34,3178.15,3171.64,3172.93,4796.97
3429,2025-11-15 15:05:00+00:00,3172.93,3183.32,3172.92,3183.14,6014.057
3430,2025-11-15 15:10:00+00:00,3183.14,3184.39,3178.84,3182.56,4592.654
3431,2025-11-15 15:15:00+00:00,3182.55,3183.4,3177.3,3178.36,3168.873
3432,2025-11-15 15:20:00+00:00,3178.35,3180.27,3173.83,3179.26,5919.939
3433,2025-11-15 15:25:00+00:00,3179.25,3187.0,3178.74,3183.78,4700.511
3434,2025-11-15 15:30:00+00:00,3183.78,3184.44,3174.3,3176.94,5915.162
3435,2025-11-15 15:35:00+00:00,3176.95,3181.07,3176.32,3178.8,2267.706
3436,2025-11-15 15:40:00+00:00,3178.81,3181.25,3176.17,3179.52,1919.556
3437,2025-11-15 15:45:00+00:00,3179.52,3186.37,3178.87,3184.98,6387.02
3438,2025-11-15 15:50:00+00:00,3184.98,3187.88,3184.7,3185.82,4093.574
3439,2025-11-15 15:55:00+00:00,3185.82,3189.33,3181.36,3184.5,4066.164
3440,2025-11-15 16:00:00+00:00,3184.5,3186.39,3181.46,3184.25,4796.409
3441,2025-11-15 16:05:00+00:00,3184.24,3184.92,3160.71,3170.68,28411.98
3442,2025-11-15 16:10:00+00:00,3170.68,3175.65,3168.76,3172.7,7182.628
3443,2025-11-15 16:15:00+00:00,3172.7,3173.0,3164.43,3166.86,14393.827
3444,2025-11-15 16:20:00+00:00,3166.85,3178.0,3166.09,3172.73,9450.197
3445,2025-11-15 16:25:00+00:00,3172.73,3174.84,3167.79,3168.74,5423.801
3446,2025-11-15 16:30:00+00:00,3168.73,3171.69,3165.68,3170.79,4473.586
3447,2025-11-15 16:35:00+00:00,3170.78,3173.0,3167.32,3170.77,3782.733
3448,2025-11-15 16:40:00+00:00,3170.77,3181.25,3170.77,3178.49,6640.974
3449,2025-11-15 16:45:00+00:00,3178.5,3184.49,3175.47,3183.0,7077.902
3450,2025-11-15 16:50:00+00:00,3182.99,3186.53,3179.83,3185.16,8062.331
3451,2025-11-15 16:55:00+00:00,3185.16,3186.0,3183.14,3184.78,3844.748
3452,2025-11-15 17:00:00+00:00,3184.77,3192.0,3184.43,3189.65,10559.86
3453,2025-11-15 17:05:00+00:00,3189.66,3191.71,3180.7,3185.7,9639.109
3454,2025-11-15 17:10:00+00:00,3185.7,3192.0,3184.4,3189.13,9150.614
3455,2025-11-15 17:15:00+00:00,3189.13,3198.77,3187.21,3195.51,20183.7
3456,2025-11-15 17:20:00+00:00,3195.52,3218.73,3194.26,3211.63,49743.69
3457,2025-11-15 17:25:00+00:00,3211.63,3212.09,3196.74,3199.01,14959.763
3458,2025-11-15 17:30:00+00:00,3199.02,3201.29,3193.39,3195.82,16644.793
3459,2025-11-15 17:35:00+00:00,3195.81,3201.34,3194.22,3197.01,11668.644
3460,2025-11-15 17:40:00+00:00,3197.0,3199.95,3191.33,3199.57,16935.619
3461,2025-11-15 17:45:00+00:00,3199.56,3212.0,3197.94,3210.0,31644.971
3462,2025-11-15 17:50:00+00:00,3210.0,3214.56,3207.89,3214.27,22002.571
3463,2025-11-15 17:55:00+00:00,3214.27,3215.22,3210.62,3214.12,17728.442
3464,2025-11-15 18:00:00+00:00,3214.12,3218.65,3207.64,3218.05,31200.766
3465,2025-11-15 18:05:00+00:00,3218.05,3224.71,3217.0,3219.91,28507.491
3466,2025-11-15 18:10:00+00:00,3219.91,3230.56,3219.2,3230.0,42324.518
3467,2025-11-15 18:15:00+00:00,3230.01,3230.01,3219.36,3219.56,18616.775
3468,2025-11-15 18:20:00+00:00,3219.57,3221.2,3214.26,3215.86,14161.77
3469,2025-11-15 18:25:00+00:00,3215.85,3215.86,3210.79,3212.14,9136.388
3470,2025-11-15 18:30:00+00:00,3212.14,3212.15,3206.87,3209.0,8181.589
3471,2025-11-15 18:35:00+00:00,3208.99,3217.26,3207.5,3212.7,7878.447
3472,2025-11-15 18:40:00+00:00,3212.7,3213.86,3210.0,3212.14,2634.711
3473,2025-11-15 18:45:00+00:00,3212.13,3212.47,3208.48,3211.31,3941.606
3474,2025-11-15 18:50:00+00:00,3211.3,3211.38,3202.97,3204.53,7049.854
3475,2025-11-15 18:55:00+00:00,3204.52,3207.38,3202.89,3207.14,5816.289
3476,2025-11-15 19:00:00+00:00,3207.15,3210.5,3204.14,3208.81,5352.229
3477,2025-11-15 19:05:00+00:00,3208.81,3213.34,3206.68,3210.77,4707.006
3478,2025-11-15 19:10:00+00:00,3210.77,3211.29,3208.3,3210.44,1902.108
3479,2025-11-15 19:15:00+00:00,3210.44,3210.44,3205.5,3208.79,3020.61
3480,2025-11-15 19:20:00+00:00,3208.8,3209.21,3203.48,3204.15,3653.936
3481,2025-11-15 19:25:00+00:00,3204.15,3204.43,3197.0,3200.99,10820.173
3482,2025-11-15 19:30:00+00:00,3200.99,3201.0,3193.45,3193.61,8649.742
3483,2025-11-15 19:35:00+00:00,3193.6,3199.2,3192.36,3199.01,3860.696
3484,2025-11-15 19:40:00+00:00,3199.01,3199.77,3195.37,3196.3,2962.998
3485,2025-11-15 19:45:00+00:00,3196.31,3196.5,3191.15,3194.58,4489.37
3486,2025-11-15 19:50:00+00:00,3194.59,3199.0,3193.3,3197.91,2737.681
3487,2025-11-15 19:55:00+00:00,3197.91,3198.86,3196.42,3196.7,3651.973
3488,2025-11-15 20:00:00+00:00,3196.69,3197.75,3192.55,3197.07,3686.463
3489,2025-11-15 20:05:00+00:00,3197.07,3197.09,3192.77,3196.34,2663.733
3490,2025-11-15 20:10:00+00:00,3196.34,3199.4,3196.33,3198.07,2036.58
3491,2025-11-15 20:15:00+00:00,3198.06,3198.06,3185.0,3187.2,12567.723
3492,2025-11-15 20:20:00+00:00,3187.21,3190.25,3185.04,3188.41,4526.195
3493,2025-11-15 20:25:00+00:00,3188.4,3190.0,3185.92,3187.25,2559.625
3494,2025-11-15 20:30:00+00:00,3187.24,3187.59,3182.46,3184.09,4780.468
3495,2025-11-15 20:35:00+00:00,3184.1,3185.42,3179.33,3181.5,7051.079
3496,2025-11-15 20:40:00+00:00,3181.51,3181.51,3174.0,3176.98,12472.333
3497,2025-11-15 20:45:00+00:00,3176.98,3181.67,3176.37,3176.38,6275.815
3498,2025-11-15 20:50:00+00:00,3176.38,3181.68,3165.56,3173.34,24605.095
3499,2025-11-15 20:55:00+00:00,3173.35,3173.87,3169.71,3173.87,4830.987
3500,2025-11-15 21:00:00+00:00,3173.86,3176.71,3171.77,3175.92,4772.486
3501,2025-11-15 21:05:00+00:00,3175.92,3184.84,3174.34,3180.55,11978.732
3502,2025-11-15 21:10:00+00:00,3180.56,3184.96,3178.0,3181.25,7776.965
3503,2025-11-15 21:15:00+00:00,3181.25,3188.0,3179.1,3184.59,8301.245
3504,2025-11-15 21:20:00+00:00,3184.6,3184.6,3178.0,3179.46,3891.545
3505,2025-11-15 21:25:00+00:00,3179.46,3180.41,3176.68,3176.68,3861.43
3506,2025-11-15 21:30:00+00:00,3176.68,3177.24,3172.96,3176.94,4336.947
3507,2025-11-15 21:35:00+00:00,3176.93,3179.92,3171.47,3171.47,3280.706
3508,2025-11-15 21:40:00+00:00,3171.47,3171.47,3155.05,3156.39,27392.994
3509,2025-11-15 21:45:00+00:00,3156.38,3161.02,3155.02,3159.49,6112.431
3510,2025-11-15 21:50:00+00:00,3159.48,3159.48,3151.33,3153.11,11809.844
3511,2025-11-15 21:55:00+00:00,3153.12,3157.56,3153.11,3156.59,6607.972
3512,2025-11-15 22:00:00+00:00,3156.59,3164.0,3153.34,3162.02,8031.627
3513,2025-11-15 22:05:00+00:00,3162.0,3164.0,3156.24,3158.39,4038.599
3514,2025-11-15 22:10:00+00:00,3158.39,3168.0,3157.08,3168.0,5437.104
3515,2025-11-15 22:15:00+00:00,3167.99,3169.9,3160.9,3161.17,6508.504
3516,2025-11-15 22:20:00+00:00,3161.16,3166.92,3156.55,3166.6,5757.684
3517,2025-11-15 22:25:00+00:00,3166.6,3168.47,3162.88,3165.68,4169.894
3518,2025-11-15 22:30:00+00:00,3165.69,3169.05,3158.91,3158.91,3650.571
3519,2025-11-15 22:35:00+00:00,3158.91,3167.27,3156.61,3162.97,3871.952
3520,2025-11-15 22:40:00+00:00,3162.99,3163.76,3160.56,3163.72,1483.612
3521,2025-11-15 22:45:00+00:00,3163.71,3165.43,3161.04,3161.44,1915.334
3522,2025-11-15 22:50:00+00:00,3161.45,3168.97,3161.44,3168.6,3084.431
3523,2025-11-15 22:55:00+00:00,3168.59,3171.38,3165.81,3170.0,4835.037
3524,2025-11-15 23:00:00+00:00,3170.0,3172.78,3168.0,3169.63,5310.601
3525,2025-11-15 23:05:00+00:00,3169.62,3170.59,3166.64,3168.7,2529.289
3526,2025-11-15 23:10:00+00:00,3168.69,3171.0,3167.61,3169.69,3502.213
3527,2025-11-15 23:15:00+00:00,3169.7,3175.84,3168.37,3173.38,5089.862
3528,2025-11-15 23:20:00+00:00,3173.38,3175.91,3172.05,3172.48,2744.638
3529,2025-11-15 23:25:00+00:00,3172.48,3174.56,3170.0,3171.81,3072.656
3530,2025-11-15 23:30:00+00:00,3171.81,3175.5,3170.78,3175.34,2538.391
3531,2025-11-15 23:35:00+00:00,3175.33,3176.58,3172.88,3172.89,2594.268
3532,2025-11-15 23:40:00+00:00,3172.89,3173.4,3168.32,3169.91,4294.504
3533,2025-11-15 23:45:00+00:00,3169.9,3173.49,3168.7,3169.0,3019.695
3534,2025-11-15 23:50:00+00:00,3169.0,3171.68,3168.06,3168.84,1632.142
3535,2025-11-15 23:55:00+00:00,3168.84,3168.85,3165.53,3166.55,4926.344
3536,2025-11-16 00:00:00+00:00,3166.56,3173.57,3165.57,3170.07,5675.615
3537,2025-11-16 00:05:00+00:00,3170.07,3170.1,3155.71,3159.95,13137.074
3538,2025-11-16 00:10:00+00:00,3159.96,3161.11,3155.08,3158.83,7501.282
3539,2025-11-16 00:15:00+00:00,3158.82,3158.82,3146.59,3148.91,16462.174
3540,2025-11-16 00:20:00+00:00,3148.9,3153.11,3146.66,3152.33,9679.872
3541,2025-11-16 00:25:00+00:00,3152.34,3152.85,3145.92,3148.69,6607.554
3542,2025-11-16 00:30:00+00:00,3148.69,3150.9,3144.03,3147.0,7722.643
3543,2025-11-16 00:35:00+00:00,3146.99,3154.81,3146.99,3151.42,7002.117
3544,2025-11-16 00:40:00+00:00,3151.42,3159.47,3151.42,3159.47,7156.019
3545,2025-11-16 00:45:00+00:00,3159.46,3159.47,3155.73,3158.26,4059.599
3546,2025-11-16 00:50:00+00:00,3158.25,3163.0,3157.61,3160.6,5768.502
3547,2025-11-16 00:55:00+00:00,3160.61,3160.81,3150.91,3151.53,6826.07
3548,2025-11-16 01:00:00+00:00,3151.53,3151.54,3134.08,3141.94,39236.342
3549,2025-11-16 01:05:00+00:00,3141.95,3148.7,3137.09,3148.23,7548.7
3550,2025-11-16 01:10:00+00:00,3148.22,3156.46,3148.06,3156.26,8437.838
3551,2025-11-16 01:15:00+00:00,3156.26,3156.26,3144.7,3153.44,5513.086
3552,2025-11-16 01:20:00+00:00,3153.44,3155.28,3150.0,3150.01,4283.08
3553,2025-11-16 01:25:00+00:00,3150.02,3156.61,3150.02,3153.48,4688.137
3554,2025-11-16 01:30:00+00:00,3153.48,3156.82,3138.0,3145.51,9053.949
3555,2025-11-16 01:35:00+00:00,3145.51,3145.52,3135.61,3136.18,11019.612
3556,2025-11-16 01:40:00+00:00,3136.18,3147.0,3130.54,3142.38,28261.233
3557,2025-11-16 01:45:00+00:00,3142.37,3144.75,3130.01,3138.95,16056.288
3558,2025-11-16 01:50:00+00:00,3138.95,3149.75,3138.72,3145.63,11685.683
3559,2025-11-16 01:55:00+00:00,3145.63,3152.14,3145.01,3149.44,6273.948
3560,2025-11-16 02:00:00+00:00,3149.45,3149.97,3143.03,3147.02,5585.762
3561,2025-11-16 02:05:00+00:00,3147.03,3156.89,3141.0,3155.41,7417.561
3562,2025-11-16 02:10:00+00:00,3155.4,3165.38,3153.55,3155.53,20846.553
3563,2025-11-16 02:15:00+00:00,3155.53,3169.75,3155.53,3167.34,19549.975
3564,2025-11-16 02:20:00+00:00,3167.34,3168.75,3163.72,3165.59,7892.033
3565,2025-11-16 02:25:00+00:00,3165.59,3186.0,3163.76,3176.68,29138.17
3566,2025-11-16 02:30:00+00:00,3176.69,3179.97,3173.78,3176.04,12127.215
3567,2025-11-16 02:35:00+00:00,3176.06,3182.57,3175.39,3178.04,11242.187
3568,2025-11-16 02:40:00+00:00,3178.04,3190.57,3178.04,3189.46,19800.642
3569,2025-11-16 02:45:00+00:00,3189.46,3204.47,3184.29,3196.43,43331.486
3570,2025-11-16 02:50:00+00:00,3196.43,3200.39,3191.0,3196.64,13346.454
3571,2025-11-16 02:55:00+00:00,3196.63,3202.56,3194.0,3202.04,9619.337
3572,2025-11-16 03:00:00+00:00,3202.04,3203.75,3196.0,3200.83,16981.375
3573,2025-11-16 03:05:00+00:00,3200.84,3200.84,3192.72,3195.29,13595.187
3574,2025-11-16 03:10:00+00:00,3195.3,3195.3,3191.92,3193.85,6829.008
3575,2025-11-16 03:15:00+00:00,3193.85,3206.95,3193.85,3200.68,11335.383
3576,2025-11-16 03:20:00+00:00,3200.68,3209.51,3200.68,3201.07,12847.907
3577,2025-11-16 03:25:00+00:00,3201.07,3201.08,3196.44,3197.44,6318.691
3578,2025-11-16 03:30:00+00:00,3197.45,3199.66,3197.03,3197.23,2998.953
3579,2025-11-16 03:35:00+00:00,3197.23,3198.75,3192.98,3198.39,6012.59
3580,2025-11-16 03:40:00+00:00,3198.39,3201.08,3198.32,3199.29,3871.914
3581,2025-11-16 03:45:00+00:00,3199.29,3201.54,3195.78,3201.54,6007.978
3582,2025-11-16 03:50:00+00:00,3201.54,3201.54,3194.0,3197.0,4548.586
3583,2025-11-16 03:55:00+00:00,3197.0,3203.29,3196.4,3201.56,4912.466
3584,2025-11-16 04:00:00+00:00,3201.56,3206.0,3198.0,3199.0,8362.573
3585,2025-11-16 04:05:00+00:00,3199.01,3200.29,3195.7,3200.28,4813.901
3586,2025-11-16 04:10:00+00:00,3200.29,3204.0,3198.15,3200.08,6493.697
3587,2025-11-16 04:15:00+00:00,3200.07,3203.33,3198.89,3199.21,4645.019
3588,2025-11-16 04:20:00+00:00,3199.21,3199.21,3192.48,3197.12,9644.649
3589,2025-11-16 04:25:00+00:00,3197.11,3198.0,3194.41,3196.67,4222.76
3590,2025-11-16 04:30:00+00:00,3196.68,3197.0,3185.76,3189.1,15772.92
3591,2025-11-16 04:35:00+00:00,3189.09,3189.11,3186.44,3188.91,7258.242
3592,2025-11-16 04:40:00+00:00,3188.9,3190.59,3188.09,3189.64,4057.638
3593,2025-11-16 04:45:00+00:00,3189.61,3191.51,3187.6,3190.89,4756.063
3594,2025-11-16 04:50:00+00:00,3190.89,3192.34,3189.96,3191.87,2168.998
3595,2025-11-16 04:55:00+00:00,3191.87,3194.06,3191.17,3193.38,2902.975
3596,2025-11-16 05:00:00+00:00,3193.38,3201.35,3192.4,3199.27,7233.123
3597,2025-11-16 05:05:00+00:00,3199.27,3202.74,3199.0,3201.9,4764.745
3598,2025-11-16 05:10:00+00:00,3201.9,3208.86,3201.89,3207.16,10835.022
3599,2025-11-16 05:15:00+00:00,3207.15,3214.99,3204.24,3207.35,27121.941
3600,2025-11-16 05:20:00+00:00,3207.36,3214.95,3203.33,3205.31,8802.617
3601,2025-11-16 05:25:00+00:00,3205.3,3212.64,3204.57,3206.91,8054.989
3602,2025-11-16 05:30:00+00:00,3206.91,3209.36,3203.95,3209.06,5465.615
3603,2025-11-16 05:35:00+00:00,3209.05,3212.36,3206.18,3206.23,5140.869
3604,2025-11-16 05:40:00+00:00,3206.23,3208.75,3204.15,3206.48,3586.797
3605,2025-11-16 05:45:00+00:00,3206.47,3208.96,3204.8,3205.57,3263.503
3606,2025-11-16 05:50:00+00:00,3205.57,3209.27,3204.8,3208.15,2351.557
3607,2025-11-16 05:55:00+00:00,3208.15,3209.32,3201.18,3203.74,9418.288
3608,2025-11-16 06:00:00+00:00,3203.73,3207.0,3200.0,3206.51,5991.603
3609,2025-11-16 06:05:00+00:00,3206.52,3211.41,3206.13,3210.22,5659.243
3610,2025-11-16 06:10:00+00:00,3210.22,3215.4,3209.04,3210.73,10157.012
3611,2025-11-16 06:15:00+00:00,3210.74,3212.81,3209.06,3210.44,3160.034
3612,2025-11-16 06:20:00+00:00,3210.44,3210.45,3205.29,3206.13,6392.482
3613,2025-11-16 06:25:00+00:00,3206.12,3209.76,3205.75,3208.3,3567.159
3614,2025-11-16 06:30:00+00:00,3208.3,3210.68,3206.0,3208.32,2929.122
3615,2025-11-16 06:35:00+00:00,3208.32,3211.44,3206.97,3208.35,3496.631
3616,2025-11-16 06:40:00+00:00,3208.35,3210.95,3207.34,3208.8,1751.171
3617,2025-11-16 06:45:00+00:00,3208.79,3210.84,3207.56,3210.83,3112.577
3618,2025-11-16 06:50:00+00:00,3210.84,3211.2,3206.89,3208.48,4022.696
3619,2025-11-16 06:55:00+00:00,3208.48,3208.48,3196.98,3199.89,12953.001
3620,2025-11-16 07:00:00+00:00,3199.9,3203.89,3197.65,3199.99,6762.455
3621,2025-11-16 07:05:00+00:00,3199.99,3207.89,3199.67,3207.27,4777.593
3622,2025-11-16 07:10:00+00:00,3207.27,3209.33,3204.28,3205.2,8218.197
3623,2025-11-16 07:15:00+00:00,3205.2,3205.69,3203.4,3205.2,2236.073
3624,2025-11-16 07:20:00+00:00,3205.2,3207.91,3201.43,3201.96,3575.313
3625,2025-11-16 07:25:00+00:00,3201.96,3205.47,3199.5,3204.52,4027.048
3626,2025-11-16 07:30:00+00:00,3204.52,3210.75,3204.51,3206.64,5771.173
3627,2025-11-16 07:35:00+00:00,3206.63,3212.65,3206.63,3209.29,6541.353
3628,2025-11-16 07:40:00+00:00,3209.3,3211.83,3208.63,3209.97,3758.676
3629,2025-11-16 07:45:00+00:00,3209.97,3214.95,3209.97,3214.18,7481.273
3630,2025-11-16 07:50:00+00:00,3214.17,3214.57,3212.34,3213.0,3884.338
3631,2025-11-16 07:55:00+00:00,3213.0,3219.75,3210.9,3218.21,10169.712
3632,2025-11-16 08:00:00+00:00,3218.22,3227.58,3215.76,3215.99,19213.724
3633,2025-11-16 08:05:00+00:00,3215.99,3215.99,3208.2,3210.2,12781.345
3634,2025-11-16 08:10:00+00:00,3210.2,3216.0,3208.71,3209.65,6556.949
3635,2025-11-16 08:15:00+00:00,3209.66,3211.0,3205.0,3206.42,10877.513
3636,2025-11-16 08:20:00+00:00,3206.42,3214.25,3205.82,3211.7,5992.954
3637,2025-11-16 08:25:00+00:00,3211.69,3213.0,3208.35,3209.53,3434.222
3638,2025-11-16 08:30:00+00:00,3209.54,3213.53,3209.54,3211.79,3357.87
3639,2025-11-16 08:35:00+00:00,3211.79,3212.87,3208.39,3209.89,3669.932
3640,2025-11-16 08:40:00+00:00,3209.89,3216.17,3209.77,3216.04,3276.768
3641,2025-11-16 08:45:00+00:00,3216.05,3218.0,3213.3,3213.84,5065.878
3642,2025-11-16 08:50:00+00:00,3213.85,3216.42,3206.47,3216.27,6428.493
3643,2025-11-16 08:55:00+00:00,3216.26,3220.65,3215.39,3218.4,8393.069
3644,2025-11-16 09:00:00+00:00,3218.41,3218.41,3208.0,3208.89,6487.341
3645,2025-11-16 09:05:00+00:00,3208.9,3213.83,3208.28,3211.23,3265.871
3646,2025-11-16 09:10:00+00:00,3211.22,3214.5,3210.24,3213.29,2033.081
3647,2025-11-16 09:15:00+00:00,3213.3,3213.3,3208.06,3209.08,3017.317
3648,2025-11-16 09:20:00+00:00,3209.08,3211.7,3207.5,3208.99,3706.004
3649,2025-11-16 09:25:00+00:00,3209.0,3215.72,3208.25,3214.5,3668.679
3650,2025-11-16 09:30:00+00:00,3214.5,3218.85,3213.28,3217.27,6300.116
3651,2025-11-16 09:35:00+00:00,3217.28,3218.8,3215.13,3216.6,2450.921
3652,2025-11-16 09:40:00+00:00,3216.61,3221.54,3215.74,3219.98,5814.913
3653,2025-11-16 09:45:00+00:00,3219.97,3222.56,3219.03,3220.49,5040.237
3654,2025-11-16 09:50:00+00:00,3220.49,3248.48,3220.0,3236.66,79160.795
3655,2025-11-16 09:55:00+00:00,3236.66,3248.5,3235.27,3247.13,29057.65
3656,2025-11-16 10:00:00+00:00,3247.12,3247.39,3236.54,3236.91,17552.451
3657,2025-11-16 10:05:00+00:00,3236.92,3239.0,3233.0,3233.0,11616.215
3658,2025-11-16 10:10:00+00:00,3233.0,3239.51,3231.6,3237.81,7001.715
3659,2025-11-16 10:15:00+00:00,3237.8,3240.09,3233.0,3234.09,11930.481
3660,2025-11-16 10:20:00+00:00,3234.09,3235.43,3227.52,3234.9,8881.22
3661,2025-11-16 10:25:00+00:00,3234.91,3239.5,3232.99,3233.6,6445.109
3662,2025-11-16 10:30:00+00:00,3233.61,3235.89,3231.67,3232.64,4087.701
3663,2025-11-16 10:35:00+00:00,3232.63,3235.0,3231.32,3233.76,6582.777
3664,2025-11-16 10:40:00+00:00,3233.76,3236.61,3233.0,3234.2,4438.601
3665,2025-11-16 10:45:00+00:00,3234.21,3236.31,3231.54,3233.47,5897.325
3666,2025-11-16 10:50:00+00:00,3233.46,3238.43,3232.63,3234.38,6793.517
3667,2025-11-16 10:55:00+00:00,3234.39,3235.37,3233.1,3234.96,2565.416
3668,2025-11-16 11:00:00+00:00,3234.95,3236.5,3231.89,3231.89,5251.888
3669,2025-11-16 11:05:00+00:00,3231.9,3233.03,3220.71,3223.11,19126.483
3670,2025-11-16 11:10:00+00:00,3223.11,3223.87,3190.0,3198.56,87912.292
3671,2025-11-16 11:15:00+00:00,3198.55,3206.55,3194.11,3200.79,37867.696
3672,2025-11-16 11:20:00+00:00,3200.8,3201.15,3174.0,3175.92,57875.483
3673,2025-11-16 11:25:00+00:00,3175.91,3178.52,3165.13,3171.54,64811.003
3674,2025-11-16 11:30:00+00:00,3171.53,3179.68,3167.89,3173.7,26917.163
3675,2025-11-16 11:35:00+00:00,3173.7,3176.24,3169.0,3173.19,13977.275
3676,2025-11-16 11:40:00+00:00,3173.19,3173.19,3158.35,3163.17,42825.574
3677,2025-11-16 11:45:00+00:00,3163.17,3172.47,3161.0,3169.44,16109.287
3678,2025-11-16 11:50:00+00:00,3169.43,3169.43,3159.45,3167.23,12387.993
3679,2025-11-16 11:55:00+00:00,3167.23,3170.47,3164.84,3167.18,14761.254
3680,2025-11-16 12:00:00+00:00,3167.17,3175.99,3163.34,3174.23,17460.757
3681,2025-11-16 12:05:00+00:00,3174.22,3175.15,3170.78,3171.27,12834.046
3682,2025-11-16 12:10:00+00:00,3171.27,3172.87,3168.21,3168.43,12502.009
3683,2025-11-16 12:15:00+00:00,3168.43,3181.32,3166.31,3176.01,22451.914
3684,2025-11-16 12:20:00+00:00,3176.01,3176.01,3163.88,3168.24,11130.253
3685,2025-11-16 12:25:00+00:00,3168.23,3172.29,3165.61,3170.57,7098.485
3686,2025-11-16 12:30:00+00:00,3170.57,3171.27,3155.0,3157.56,23344.491
3687,2025-11-16 12:35:00+00:00,3157.55,3163.07,3152.49,3161.82,22169.158
3688,2025-11-16 12:40:00+00:00,3161.82,3176.48,3161.21,3174.73,34458.714
3689,2025-11-16 12:45:00+00:00,3174.72,3176.79,3169.57,3174.49,27709.081
3690,2025-11-16 12:50:00+00:00,3174.48,3175.99,3173.56,3175.38,13702.386
3691,2025-11-16 12:55:00+00:00,3175.37,3176.69,3163.62,3168.55,27831.467
3692,2025-11-16 13:00:00+00:00,3168.55,3170.92,3165.97,3166.15,15864.567
3693,2025-11-16 13:05:00+00:00,3166.15,3170.6,3155.32,3170.09,35623.324
3694,2025-11-16 13:10:00+00:00,3170.09,3172.48,3166.22,3168.52,7695.665
3695,2025-11-16 13:15:00+00:00,3168.53,3171.37,3167.46,3170.25,5168.029
3696,2025-11-16 13:20:00+00:00,3170.25,3170.72,3160.63,3162.07,6526.401
3697,2025-11-16 13:25:00+00:00,3162.08,3163.99,3157.0,3158.01,7287.361
3698,2025-11-16 13:30:00+00:00,3158.02,3166.26,3155.33,3164.27,13301.286
3699,2025-11-16 13:35:00+00:00,3164.27,3164.39,3150.09,3154.52,13232.896
3700,2025-11-16 13:40:00+00:00,3154.52,3154.52,3145.01,3145.23,25780.931
3701,2025-11-16 13:45:00+00:00,3145.23,3149.32,3137.01,3149.17,35573.753
3702,2025-11-16 13:50:00+00:00,3149.18,3151.85,3143.12,3146.38,15694.255
3703,2025-11-16 13:55:00+00:00,3146.38,3156.08,3145.57,3152.6,12807.019
3704,2025-11-16 14:00:00+00:00,3152.59,3160.0,3152.5,3158.01,10371.365
3705,2025-11-16 14:05:00+00:00,3158.01,3158.71,3146.01,3153.01,14922.135
3706,2025-11-16 14:10:00+00:00,3153.01,3158.44,3151.21,3153.91,40203.315
3707,2025-11-16 14:15:00+00:00,3153.9,3156.0,3151.0,3154.99,8856.15
3708,2025-11-16 14:20:00+00:00,3155.0,3155.27,3149.12,3150.38,5805.45
3709,2025-11-16 14:25:00+00:00,3150.39,3156.99,3149.66,3154.99,7184.656
3710,2025-11-16 14:30:00+00:00,3154.99,3159.07,3153.0,3157.71,5809.224
3711,2025-11-16 14:35:00+00:00,3157.7,3169.92,3156.5,3162.44,15512.572
3712,2025-11-16 14:40:00+00:00,3162.44,3177.96,3162.43,3171.21,45561.439
3713,2025-11-16 14:45:00+00:00,3171.2,3174.88,3170.01,3170.4,10310.885
3714,2025-11-16 14:50:00+00:00,3170.4,3174.5,3165.57,3171.4,17569.684
3715,2025-11-16 14:55:00+00:00,3171.41,3173.5,3170.36,3170.48,4941.191
3716,2025-11-16 15:00:00+00:00,3170.47,3171.2,3164.5,3167.99,19766.742
3717,2025-11-16 15:05:00+00:00,3167.99,3177.59,3167.31,3171.99,12458.206
3718,2025-11-16 15:10:00+00:00,3171.99,3174.3,3170.49,3171.04,5104.569
3719,2025-11-16 15:15:00+00:00,3171.03,3180.0,3168.23,3176.57,10734.77
3720,2025-11-16 15:20:00+00:00,3176.58,3178.84,3167.61,3168.98,8895.407
3721,2025-11-16 15:25:00+00:00,3168.97,3171.51,3166.34,3168.95,5830.938
3722,2025-11-16 15:30:00+00:00,3168.94,3170.51,3165.0,3169.87,8693.098
3723,2025-11-16 15:35:00+00:00,3169.87,3171.4,3168.61,3169.83,3486.166
3724,2025-11-16 15:40:00+00:00,3169.84,3174.02,3168.08,3169.92,6895.31
3725,2025-11-16 15:45:00+00:00,3169.91,3171.98,3158.0,3159.14,10629.912
3726,2025-11-16 15:50:00+00:00,3159.14,3161.27,3116.89,3126.75,92570.255
3727,2025-11-16 15:55:00+00:00,3126.76,3135.98,3095.84,3103.52,186585.455
3728,2025-11-16 16:00:00+00:00,3103.52,3121.0,3086.0,3112.94,114872.977
3729,2025-11-16 16:05:00+00:00,3112.95,3124.69,3095.22,3097.61,61442.843
3730,2025-11-16 16:10:00+00:00,3097.61,3101.12,3090.02,3093.89,40218.292
3731,2025-11-16 16:15:00+00:00,3093.89,3099.61,3083.0,3094.16,38208.567
3732,2025-11-16 16:20:00+00:00,3094.17,3095.35,3073.23,3078.56,52399.103
3733,2025-11-16 16:25:00+00:00,3078.6,3083.76,3070.0,3076.99,50814.398
3734,2025-11-16 16:30:00+00:00,3077.0,3081.14,3068.0,3076.18,55852.828
3735,2025-11-16 16:35:00+00:00,3076.15,3078.0,3071.0,3073.0,19101.264
3736,2025-11-16 16:40:00+00:00,3073.0,3085.0,3061.51,3069.03,74925.955
3737,2025-11-16 16:45:00+00:00,3069.04,3075.34,3058.5,3067.13,42731.36
3738,2025-11-16 16:50:00+00:00,3067.14,3075.0,3062.13,3067.29,36509.278
3739,2025-11-16 16:55:00+00:00,3067.3,3070.0,3056.02,3059.6,36978.546
3740,2025-11-16 17:00:00+00:00,3059.6,3065.95,3055.0,3059.2,39469.856
3741,2025-11-16 17:05:00+00:00,3059.2,3062.99,3057.84,3059.82,21215.735
3742,2025-11-16 17:10:00+00:00,3059.82,3061.0,3055.1,3059.61,29819.482
3743,2025-11-16 17:15:00+00:00,3059.62,3080.77,3043.0,3049.01,139493.223
3744,2025-11-16 17:20:00+00:00,3049.02,3074.69,3046.06,3068.98,66292.464
3745,2025-11-16 17:25:00+00:00,3068.98,3076.13,3063.59,3066.19,32383.435
3746,2025-11-16 17:30:00+00:00,3066.18,3079.36,3055.1,3062.89,35801.559
3747,2025-11-16 17:35:00+00:00,3062.9,3064.39,3052.05,3057.02,20592.342
3748,2025-11-16 17:40:00+00:00,3057.03,3057.47,3046.33,3050.63,18635.47
3749,2025-11-16 17:45:00+00:00,3050.64,3062.57,3047.63,3055.97,22592.55
3750,2025-11-16 17:50:00+00:00,3055.97,3057.25,3046.72,3049.01,11457.881
3751,2025-11-16 17:55:00+00:00,3049.0,3089.95,3025.0,3078.2,237940.107
3752,2025-11-16 18:00:00+00:00,3078.19,3120.0,3071.55,3092.78,155027.679
3753,2025-11-16 18:05:00+00:00,3092.77,3101.25,3086.06,3098.36,35959.701
3754,2025-11-16 18:10:00+00:00,3098.35,3127.21,3098.35,3116.17,51903.535
3755,2025-11-16 18:15:00+00:00,3116.17,3122.99,3106.8,3111.46,36865.318
3756,2025-11-16 18:20:00+00:00,3111.46,3112.26,3093.49,3101.75,32820.68
3757,2025-11-16 18:25:00+00:00,3101.74,3101.75,3088.05,3093.71,17972.777
3758,2025-11-16 18:30:00+00:00,3093.72,3093.72,3080.75,3088.21,25961.348
3759,2025-11-16 18:35:00+00:00,3088.22,3088.75,3063.48,3066.57,31496.477
3760,2025-11-16 18:40:00+00:00,3066.56,3069.09,3054.11,3059.86,31443.623
3761,2025-11-16 18:45:00+00:00,3059.85,3061.57,3041.43,3049.55,39595.169
3762,2025-11-16 18:50:00+00:00,3049.55,3068.69,3048.94,3062.14,35748.33
3763,2025-11-16 18:55:00+00:00,3062.15,3062.6,3053.4,3059.34,12058.569
3764,2025-11-16 19:00:00+00:00,3059.33,3074.15,3056.11,3068.2,22462.557
3765,2025-11-16 19:05:00+00:00,3068.2,3078.66,3067.6,3076.34,15418.025
3766,2025-11-16 19:10:00+00:00,3076.33,3111.8,3076.01,3106.38,51085.118
3767,2025-11-16 19:15:00+00:00,3106.38,3115.85,3095.68,3097.89,31599.521
3768,2025-11-16 19:20:00+00:00,3097.88,3101.27,3090.0,3090.09,13208.754
3769,2025-11-16 19:25:00+00:00,3090.09,3104.35,3089.71,3104.35,12825.221
3770,2025-11-16 19:30:00+00:00,3104.35,3110.62,3097.03,3105.83,9715.753
3771,2025-11-16 19:35:00+00:00,3105.84,3106.99,3091.73,3094.41,8156.078
3772,2025-11-16 19:40:00+00:00,3094.41,3102.0,3092.0,3098.31,5112.76
3773,2025-11-16 19:45:00+00:00,3098.31,3103.1,3097.13,3100.44,4007.975
3774,2025-11-16 19:50:00+00:00,3100.44,3102.7,3086.4,3091.29,13166.783
3775,2025-11-16 19:55:00+00:00,3091.3,3092.35,3087.11,3090.13,6027.626
3776,2025-11-16 20:00:00+00:00,3090.13,3105.0,3084.11,3103.75,12271.847
3777,2025-11-16 20:05:00+00:00,3103.75,3111.35,3099.53,3107.9,9587.348
3778,2025-11-16 20:10:00+00:00,3107.89,3108.81,3103.36,3105.18,5172.795
3779,2025-11-16 20:15:00+00:00,3105.17,3105.5,3090.94,3094.68,10998.342
3780,2025-11-16 20:20:00+00:00,3094.69,3103.48,3094.49,3101.86,5286.874
3781,2025-11-16 20:25:00+00:00,3101.87,3116.8,3099.89,3110.42,13179.331
3782,2025-11-16 20:30:00+00:00,3110.42,3113.12,3103.53,3103.53,7272.645
3783,2025-11-16 20:35:00+00:00,3103.54,3106.99,3101.85,3103.51,4869.998
3784,2025-11-16 20:40:00+00:00,3103.5,3103.5,3096.0,3097.57,4407.335
3785,2025-11-16 20:45:00+00:00,3097.58,3100.59,3093.93,3094.62,3987.297
3786,2025-11-16 20:50:00+00:00,3094.61,3095.39,3090.9,3095.07,8015.92
3787,2025-11-16 20:55:00+00:00,3095.07,3095.33,3087.73,3088.13,4660.977
3788,2025-11-16 21:00:00+00:00,3088.14,3095.93,3075.68,3079.06,25103.02
3789,2025-11-16 21:05:00+00:00,3079.06,3083.15,3063.13,3073.01,37052.847
3790,2025-11-16 21:10:00+00:00,3073.01,3075.8,3066.24,3071.0,9678.364
3791,2025-11-16 21:15:00+00:00,3071.0,3076.9,3064.79,3066.27,8614.625
3792,2025-11-16 21:20:00+00:00,3066.27,3073.12,3056.56,3061.98,15915.057
3793,2025-11-16 21:25:00+00:00,3061.99,3067.21,3057.24,3066.05,16614.354
3794,2025-11-16 21:30:00+00:00,3066.05,3075.48,3062.02,3072.02,14208.598
3795,2025-11-16 21:35:00+00:00,3072.02,3072.79,3062.72,3067.06,7927.74
3796,2025-11-16 21:40:00+00:00,3067.06,3072.0,3059.41,3063.75,7768.758
3797,2025-11-16 21:45:00+00:00,3063.75,3077.17,3063.34,3068.82,14677.448
3798,2025-11-16 21:50:00+00:00,3068.82,3073.98,3067.47,3068.67,5027.07
3799,2025-11-16 21:55:00+00:00,3068.67,3075.13,3067.8,3072.52,4610.87
3800,2025-11-16 22:00:00+00:00,3072.51,3074.05,3050.07,3052.18,29510.887
3801,2025-11-16 22:05:00+00:00,3052.18,3058.86,3045.07,3045.51,29559.62
3802,2025-11-16 22:10:00+00:00,3045.51,3081.16,3042.17,3070.39,34197.032
3803,2025-11-16 22:15:00+00:00,3070.39,3078.74,3056.68,3075.38,25233.659
3804,2025-11-16 22:20:00+00:00,3075.37,3083.49,3066.92,3070.78,13932.487
3805,2025-11-16 22:25:00+00:00,3070.78,3081.08,3070.64,3076.73,10395.029
3806,2025-11-16 22:30:00+00:00,3076.73,3084.76,3070.58,3077.98,10264.458
3807,2025-11-16 22:35:00+00:00,3077.98,3080.27,3076.11,3078.06,4613.572
3808,2025-11-16 22:40:00+00:00,3078.07,3079.11,3062.16,3065.0,8715.443
3809,2025-11-16 22:45:00+00:00,3065.0,3092.99,3063.13,3092.8,16621.79
3810,2025-11-16 22:50:00+00:00,3092.81,3101.82,3086.18,3094.0,23473.527
3811,2025-11-16 22:55:00+00:00,3094.01,3099.93,3086.66,3090.89,7788.085
3812,2025-11-16 23:00:00+00:00,3090.89,3091.72,3001.01,3017.19,148818.126
3813,2025-11-16 23:05:00+00:00,3017.19,3055.65,3006.37,3048.34,76427.771
3814,2025-11-16 23:10:00+00:00,3048.34,3072.25,3045.05,3063.87,47995.049
3815,2025-11-16 23:15:00+00:00,3063.88,3079.58,3061.19,3068.49,32623.255
3816,2025-11-16 23:20:00+00:00,3068.5,3102.92,3064.66,3099.32,40151.791
3817,2025-11-16 23:25:00+00:00,3099.32,3099.34,3085.83,3090.09,31458.619
3818,2025-11-16 23:30:00+00:00,3090.09,3096.45,3084.75,3088.08,32405.069
3819,2025-11-16 23:35:00+00:00,3088.08,3105.88,3088.08,3098.31,19507.775
3820,2025-11-16 23:40:00+00:00,3098.3,3103.55,3094.84,3098.61,9819.897
3821,2025-11-16 23:45:00+00:00,3098.58,3103.97,3092.56,3096.83,10304.452
3822,2025-11-16 23:50:00+00:00,3096.83,3106.45,3096.47,3105.1,9738.07
3823,2025-11-16 23:55:00+00:00,3105.1,3105.47,3090.78,3094.05,18235.008
3824,2025-11-17 00:00:00+00:00,3094.04,3096.76,3091.0,3091.49,14945.878
3825,2025-11-17 00:05:00+00:00,3091.49,3100.52,3086.22,3096.56,15794.181
3826,2025-11-17 00:10:00+00:00,3096.57,3103.26,3087.39,3093.61,13440.219
3827,2025-11-17 00:15:00+00:00,3093.61,3094.37,3068.84,3073.28,36266.594
3828,2025-11-17 00:20:00+00:00,3073.28,3085.52,3067.77,3083.75,20230.272
3829,2025-11-17 00:25:00+00:00,3083.76,3122.0,3082.53,3120.45,52015.252
3830,2025-11-17 00:30:00+00:00,3120.45,3132.28,3107.2,3120.46,60984.487
3831,2025-11-17 00:35:00+00:00,3120.45,3140.0,3119.96,3135.78,39750.58
3832,2025-11-17 00:40:00+00:00,3135.78,3138.32,3123.01,3124.3,28591.31
3833,2025-11-17 00:45:00+00:00,3124.3,3129.06,3115.0,3126.63,22025.144
3834,2025-11-17 00:50:00+00:00,3126.63,3135.39,3124.0,3130.61,14309.583
3835,2025-11-17 00:55:00+00:00,3130.61,3139.52,3129.71,3134.86,30651.611
3836,2025-11-17 01:00:00+00:00,3134.86,3140.96,3126.95,3130.89,18311.363
3837,2025-11-17 01:05:00+00:00,3130.89,3133.37,3121.26,3130.21,16848.071
3838,2025-11-17 01:10:00+00:00,3130.21,3134.31,3126.0,3126.48,7046.921
3839,2025-11-17 01:15:00+00:00,3126.47,3128.49,3120.32,3122.99,11017.552
3840,2025-11-17 01:20:00+00:00,3122.99,3131.46,3118.2,3123.04,8178.007
3841,2025-11-17 01:25:00+00:00,3123.03,3145.64,3121.85,3139.58,33338.649
3842,2025-11-17 01:30:00+00:00,3139.59,3140.58,3130.0,3135.36,10073.353
3843,2025-11-17 01:35:00+00:00,3135.36,3141.77,3133.93,3134.1,8287.542
3844,2025-11-17 01:40:00+00:00,3134.1,3136.69,3127.27,3128.92,6547.955
3845,2025-11-17 01:45:00+00:00,3128.91,3133.93,3122.2,3122.68,7397.845
3846,2025-11-17 01:50:00+00:00,3122.68,3126.28,3117.36,3119.11,8464.622
3847,2025-11-17 01:55:00+00:00,3119.1,3119.4,3113.13,3113.47,15344.913
3848,2025-11-17 02:00:00+00:00,3113.47,3127.58,3110.0,3123.85,24230.276
3849,2025-11-17 02:05:00+00:00,3123.85,3132.27,3121.76,3124.28,11504.598
3850,2025-11-17 02:10:00+00:00,3124.29,3156.0,3124.1,3150.7,63065.829
3851,2025-11-17 02:15:00+00:00,3150.7,3155.34,3138.91,3143.19,24520.187
3852,2025-11-17 02:20:00+00:00,3143.19,3154.99,3141.84,3153.71,23873.891
3853,2025-11-17 02:25:00+00:00,3153.71,3159.99,3145.74,3150.24,15043.229
3854,2025-11-17 02:30:00+00:00,3150.23,3152.54,3145.05,3146.04,7572.182
3855,2025-11-17 02:35:00+00:00,3146.03,3148.0,3142.05,3143.41,6337.699
3856,2025-11-17 02:40:00+00:00,3143.41,3145.85,3138.38,3142.58,8430.034
3857,2025-11-17 02:45:00+00:00,3142.58,3145.66,3141.01,3143.38,4184.598
3858,2025-11-17 02:50:00+00:00,3143.38,3148.14,3139.41,3144.05,5958.065
3859,2025-11-17 02:55:00+00:00,3144.04,3148.68,3144.04,3148.2,3389.746
3860,2025-11-17 03:00:00+00:00,3148.21,3151.91,3146.91,3148.31,7833.157
3861,2025-11-17 03:05:00+00:00,3148.31,3159.14,3148.1,3157.75,10329.296
3862,2025-11-17 03:10:00+00:00,3157.75,3167.36,3156.31,3166.49,26267.69
3863,2025-11-17 03:15:00+00:00,3166.49,3176.68,3162.21,3164.44,34752.61
3864,2025-11-17 03:20:00+00:00,3164.43,3179.79,3164.43,3173.98,20062.387
3865,2025-11-17 03:25:00+00:00,3173.98,3177.49,3167.27,3168.95,14209.466
3866,2025-11-17 03:30:00+00:00,3168.95,3176.5,3168.95,3174.11,7684.744
3867,2025-11-17 03:35:00+00:00,3174.11,3175.75,3165.0,3165.98,14443.93
3868,2025-11-17 03:40:00+00:00,3165.97,3174.17,3165.4,3169.21,7730.208
3869,2025-11-17 03:45:00+00:00,3169.22,3172.99,3168.45,3172.64,5286.932
3870,2025-11-17 03:50:00+00:00,3172.65,3178.38,3172.33,3175.2,8696.678
3871,2025-11-17 03:55:00+00:00,3175.2,3177.48,3172.57,3175.65,5934.738
3872,2025-11-17 04:00:00+00:00,3175.67,3179.85,3172.63,3175.87,11924.239
3873,2025-11-17 04:05:00+00:00,3175.87,3176.14,3169.57,3169.88,10067.963
3874,2025-11-17 04:10:00+00:00,3169.88,3171.6,3167.7,3170.0,12776.599
3875,2025-11-17 04:15:00+00:00,3170.01,3172.6,3165.34,3166.71,9724.456
3876,2025-11-17 04:20:00+00:00,3166.71,3174.78,3165.3,3173.85,10206.477
3877,2025-11-17 04:25:00+00:00,3173.85,3193.0,3173.85,3191.23,33028.238
3878,2025-11-17 04:30:00+00:00,3191.23,3191.84,3181.06,3181.2,12463.869
3879,2025-11-17 04:35:00+00:00,3181.2,3186.04,3180.1,3185.66,7378.252
3880,2025-11-17 04:40:00+00:00,3185.67,3192.07,3184.62,3190.63,14459.881
3881,2025-11-17 04:45:00+00:00,3190.63,3191.76,3184.26,3185.69,7618.013
3882,2025-11-17 04:50:00+00:00,3185.68,3190.35,3182.31,3183.63,10506.925
3883,2025-11-17 04:55:00+00:00,3183.63,3185.0,3182.0,3184.35,6954.454
3884,2025-11-17 05:00:00+00:00,3184.36,3186.66,3183.65,3184.72,6355.038
3885,2025-11-17 05:05:00+00:00,3184.72,3192.64,3176.53,3177.68,14720.674
3886,2025-11-17 05:10:00+00:00,3177.67,3180.0,3177.0,3179.08,8038.234
3887,2025-11-17 05:15:00+00:00,3179.08,3188.88,3176.72,3183.89,14953.575
3888,2025-11-17 05:20:00+00:00,3183.89,3185.6,3177.37,3182.07,6018.579
3889,2025-11-17 05:25:00+00:00,3182.08,3190.75,3181.53,3189.77,11462.318
3890,2025-11-17 05:30:00+00:00,3189.78,3192.2,3183.33,3185.32,8975.152
3891,2025-11-17 05:35:00+00:00,3185.32,3187.0,3177.69,3179.29,9893.793
3892,2025-11-17 05:40:00+00:00,3179.3,3182.27,3176.81,3180.68,8543.352
3893,2025-11-17 05:45:00+00:00,3180.68,3185.65,3179.58,3185.42,4141.315
3894,2025-11-17 05:50:00+00:00,3185.42,3189.75,3183.01,3184.02,4786.179
3895,2025-11-17 05:55:00+00:00,3184.03,3190.0,3183.0,3185.61,4974.263
3896,2025-11-17 06:00:00+00:00,3185.61,3188.57,3184.87,3186.31,4473.017
3897,2025-11-17 06:05:00+00:00,3186.32,3190.05,3180.37,3180.65,10832.812
3898,2025-11-17 06:10:00+00:00,3180.65,3184.47,3169.74,3174.88,32908.187
3899,2025-11-17 06:15:00+00:00,3174.89,3188.0,3174.84,3187.99,12566.35
3900,2025-11-17 06:20:00+00:00,3188.0,3188.16,3183.64,3186.01,6424.509
3901,2025-11-17 06:25:00+00:00,3186.0,3192.4,3185.51,3189.01,7681.484
3902,2025-11-17 06:30:00+00:00,3189.0,3189.78,3180.77,3182.81,5797.253
3903,2025-11-17 06:35:00+00:00,3182.81,3185.11,3181.45,3183.52,3367.082
3904,2025-11-17 06:40:00+00:00,3183.51,3184.88,3180.69,3183.77,4325.08
3905,2025-11-17 06:45:00+00:00,3183.77,3189.31,3183.0,3187.01,5395.42
3906,2025-11-17 06:50:00+00:00,3187.0,3197.66,3186.45,3193.51,15495.934
3907,2025-11-17 06:55:00+00:00,3193.52,3196.09,3192.24,3192.77,6764.271
3908,2025-11-17 07:00:00+00:00,3192.77,3194.79,3187.6,3187.6,6097.985
3909,2025-11-17 07:05:00+00:00,3187.61,3209.77,3187.6,3197.1,27568.435
3910,2025-11-17 07:10:00+00:00,3197.09,3199.78,3193.51,3195.35,9243.31
3911,2025-11-17 07:15:00+00:00,3195.34,3203.4,3192.32,3198.63,11420.054
3912,2025-11-17 07:20:00+00:00,3198.63,3203.99,3195.41,3197.24,11497.693
3913,2025-11-17 07:25:00+00:00,3197.25,3197.77,3191.37,3191.7,8761.768
3914,2025-11-17 07:30:00+00:00,3191.7,3195.74,3189.91,3192.43,7308.864
3915,2025-11-17 07:35:00+00:00,3192.42,3198.72,3192.42,3197.59,8810.96
3916,2025-11-17 07:40:00+00:00,3197.59,3201.96,3196.63,3200.04,8077.755
3917,2025-11-17 07:45:00+00:00,3200.04,3207.29,3197.48,3205.34,14506.544
3918,2025-11-17 07:50:00+00:00,3205.33,3206.0,3196.55,3200.31,10053.744
3919,2025-11-17 07:55:00+00:00,3200.3,3202.01,3196.89,3197.11,5777.997
3920,2025-11-17 08:00:00+00:00,3197.11,3200.48,3196.33,3199.32,8358.826
3921,2025-11-17 08:05:00+00:00,3199.32,3203.07,3197.69,3197.92,10080.956
3922,2025-11-17 08:10:00+00:00,3197.93,3199.55,3192.11,3192.11,8458.371
3923,2025-11-17 08:15:00+00:00,3192.11,3198.74,3189.81,3194.78,11583.084
3924,2025-11-17 08:20:00+00:00,3194.78,3203.07,3194.76,3201.67,8956.719
3925,2025-11-17 08:25:00+00:00,3201.66,3204.16,3195.54,3196.64,6649.419
3926,2025-11-17 08:30:00+00:00,3196.64,3198.13,3186.71,3189.4,19254.242
3927,2025-11-17 08:35:00+00:00,3189.4,3190.0,3186.32,3189.01,8791.682
3928,2025-11-17 08:40:00+00:00,3189.01,3189.24,3187.11,3187.7,6512.056
3929,2025-11-17 08:45:00+00:00,3187.69,3189.88,3185.59,3187.24,9091.036
3930,2025-11-17 08:50:00+00:00,3187.25,3190.78,3183.49,3185.59,9048.785
3931,2025-11-17 08:55:00+00:00,3185.59,3189.65,3184.97,3188.96,5008.725
3932,2025-11-17 09:00:00+00:00,3188.96,3191.5,3178.2,3181.69,19073.331
3933,2025-11-17 09:05:00+00:00,3181.69,3187.4,3179.51,3187.26,9668.961
3934,2025-11-17 09:10:00+00:00,3187.25,3199.94,3186.37,3198.02,17398.7
3935,2025-11-17 09:15:00+00:00,3198.02,3216.34,3197.57,3207.78,40424.521
3936,2025-11-17 09:20:00+00:00,3207.79,3209.47,3204.17,3204.85,14997.053
3937,2025-11-17 09:25:00+00:00,3204.86,3206.03,3203.41,3203.68,8328.336
3938,2025-11-17 09:30:00+00:00,3203.68,3204.98,3201.32,3201.35,6768.063
3939,2025-11-17 09:35:00+00:00,3201.35,3201.36,3191.36,3192.53,13151.401
3940,2025-11-17 09:40:00+00:00,3192.52,3199.93,3191.41,3198.23,9364.76
3941,2025-11-17 09:45:00+00:00,3198.24,3198.76,3194.72,3195.63,4163.436
3942,2025-11-17 09:50:00+00:00,3195.63,3196.48,3191.36,3191.87,4739.937
3943,2025-11-17 09:55:00+00:00,3191.87,3194.56,3191.86,3193.8,4744.147
3944,2025-11-17 10:00:00+00:00,3193.81,3199.07,3193.18,3196.55,8091.176
3945,2025-11-17 10:05:00+00:00,3196.55,3204.73,3195.91,3197.74,14430.443
3946,2025-11-17 10:10:00+00:00,3197.73,3207.0,3197.05,3204.85,12067.833
3947,2025-11-17 10:15:00+00:00,3204.85,3205.13,3200.53,3200.54,4290.262
3948,2025-11-17 10:20:00+00:00,3200.53,3202.48,3196.3,3201.86,6231.246
3949,2025-11-17 10:25:00+00:00,3201.89,3204.54,3192.21,3194.22,6559.041
3950,2025-11-17 10:30:00+00:00,3194.22,3201.12,3190.0,3200.27,8394.398
3951,2025-11-17 10:35:00+00:00,3200.26,3201.85,3196.93,3197.36,2993.8
3952,2025-11-17 10:40:00+00:00,3197.35,3197.95,3195.0,3197.95,3333.032
3953,2025-11-17 10:45:00+00:00,3197.95,3200.8,3196.95,3199.76,4055.127
3954,2025-11-17 10:50:00+00:00,3199.75,3200.13,3195.14,3195.83,3985.004
3955,2025-11-17 10:55:00+00:00,3195.82,3197.81,3194.44,3195.54,3116.771
3956,2025-11-17 11:00:00+00:00,3195.53,3196.3,3192.0,3193.13,5252.766
3957,2025-11-17 11:05:00+00:00,3193.14,3201.44,3192.47,3200.64,6144.884
3958,2025-11-17 11:10:00+00:00,3200.65,3202.53,3198.35,3199.99,5123.025
3959,2025-11-17 11:15:00+00:00,3199.99,3203.28,3199.79,3201.99,4838.144
3960,2025-11-17 11:20:00+00:00,3201.99,3203.23,3198.0,3203.22,2615.577
3961,2025-11-17 11:25:00+00:00,3203.22,3206.94,3202.28,3206.73,5605.706
3962,2025-11-17 11:30:00+00:00,3206.74,3223.22,3206.43,3219.12,43792.137
3963,2025-11-17 11:35:00+00:00,3219.11,3219.12,3210.55,3210.99,10811.428
3964,2025-11-17 11:40:00+00:00,3210.99,3210.99,3200.47,3201.52,13571.612
3965,2025-11-17 11:45:00+00:00,3201.52,3201.64,3193.6,3196.48,26483.219
3966,2025-11-17 11:50:00+00:00,3196.48,3207.78,3195.35,3204.18,14760.0
3967,2025-11-17 11:55:00+00:00,3204.17,3205.59,3200.2,3202.57,7218.1
3968,2025-11-17 12:00:00+00:00,3202.57,3203.25,3196.6,3196.62,8805.281
3969,2025-11-17 12:05:00+00:00,3196.63,3201.39,3192.01,3192.8,16915.568
3970,2025-11-17 12:10:00+00:00,3192.8,3193.65,3185.11,3190.33,20141.933
3971,2025-11-17 12:15:00+00:00,3190.33,3195.05,3188.23,3193.39,7541.662
3972,2025-11-17 12:20:00+00:00,3193.4,3194.17,3190.26,3192.74,5905.562
3973,2025-11-17 12:25:00+00:00,3192.74,3193.8,3190.68,3191.68,3487.28
3974,2025-11-17 12:30:00+00:00,3191.68,3195.75,3187.83,3188.74,9473.909
3975,2025-11-17 12:35:00+00:00,3188.74,3190.2,3182.55,3187.49,18579.411
3976,2025-11-17 12:40:00+00:00,3187.48,3189.75,3185.0,3186.57,5332.901
3977,2025-11-17 12:45:00+00:00,3186.58,3186.83,3181.63,3183.21,11450.376
3978,2025-11-17 12:50:00+00:00,3183.22,3184.0,3180.55,3182.52,13270.796
3979,2025-11-17 12:55:00+00:00,3182.53,3187.38,3182.1,3182.68,6612.911
3980,2025-11-17 13:00:00+00:00,3182.67,3187.63,3180.33,3180.99,12600.398
3981,2025-11-17 13:05:00+00:00,3180.99,3187.77,3175.01,3175.84,19814.428
3982,2025-11-17 13:10:00+00:00,3175.85,3177.75,3159.52,3164.08,65066.455
3983,2025-11-17 13:15:00+00:00,3164.08,3168.56,3161.54,3162.53,19257.865
3984,2025-11-17 13:20:00+00:00,3162.52,3165.44,3156.9,3160.76,20288.648
3985,2025-11-17 13:25:00+00:00,3160.76,3161.36,3143.0,3147.53,46998.56
3986,2025-11-17 13:30:00+00:00,3147.53,3154.8,3138.9,3142.34,41721.798
3987,2025-11-17 13:35:00+00:00,3142.35,3145.81,3127.28,3129.31,39228.798
3988,2025-11-17 13:40:00+00:00,3129.31,3131.0,3119.07,3119.48,37211.687
3989,2025-11-17 13:45:00+00:00,3119.48,3123.14,3108.31,3109.29,58633.235
3990,2025-11-17 13:50:00+00:00,3109.29,3109.75,3093.43,3098.26,71298.35
3991,2025-11-17 13:55:00+00:00,3098.26,3122.26,3093.81,3120.49,75341.874
3992,2025-11-17 14:00:00+00:00,3120.49,3127.81,3100.76,3124.71,58027.199
3993,2025-11-17 14:05:00+00:00,3124.71,3125.25,3100.7,3113.94,41198.433
3994,2025-11-17 14:10:00+00:00,3113.92,3123.49,3108.28,3122.14,24973.379
3995,2025-11-17 14:15:00+00:00,3122.14,3141.22,3117.45,3131.35,47882.547
3996,2025-11-17 14:20:00+00:00,3131.35,3131.77,3114.89,3117.01,25429.63
3997,2025-11-17 14:25:00+00:00,3117.02,3121.51,3113.37,3119.54,14380.233
3998,2025-11-17 14:30:00+00:00,3119.53,3157.37,3113.0,3153.91,87791.217
3999,2025-11-17 14:35:00+00:00,3153.91,3210.22,3149.61,3196.67,189862.718
4000,2025-11-17 14:40:00+00:00,3196.68,3198.36,3173.59,3177.26,74289.818
4001,2025-11-17 14:45:00+00:00,3177.25,3197.58,3174.2,3191.99,47148.064
4002,2025-11-17 14:50:00+00:00,3191.99,3198.95,3155.1,3162.74,65309.163
4003,2025-11-17 14:55:00+00:00,3162.74,3166.31,3141.0,3150.44,76573.542
4004,2025-11-17 15:00:00+00:00,3150.45,3165.0,3142.3,3148.82,49807.782
4005,2025-11-17 15:05:00+00:00,3148.82,3163.92,3116.11,3125.96,81433.677
4006,2025-11-17 15:10:00+00:00,3125.96,3142.2,3121.16,3134.66,45012.38
4007,2025-11-17 15:15:00+00:00,3134.67,3137.77,3103.0,3109.07,60530.114
4008,2025-11-17 15:20:00+00:00,3109.07,3130.89,3105.54,3123.31,44674.636
4009,2025-11-17 15:25:00+00:00,3123.32,3158.95,3118.1,3151.99,55802.083
4010,2025-11-17 15:30:00+00:00,3151.98,3158.9,3124.24,3128.87,50757.236
4011,2025-11-17 15:35:00+00:00,3128.86,3131.36,3113.87,3120.47,35280.203
4012,2025-11-17 15:40:00+00:00,3120.48,3127.18,3109.28,3126.23,30274.845
4013,2025-11-17 15:45:00+00:00,3126.23,3136.12,3115.0,3117.08,28178.563
4014,2025-11-17 15:50:00+00:00,3117.08,3127.56,3111.27,3123.19,22805.605
4015,2025-11-17 15:55:00+00:00,3123.2,3125.11,3115.86,3119.46,14431.748
4016,2025-11-17 16:00:00+00:00,3119.47,3121.24,3088.05,3092.78,78269.432
4017,2025-11-17 16:05:00+00:00,3092.77,3092.91,3075.5,3080.92,55311.275
4018,2025-11-17 16:10:00+00:00,3080.92,3086.1,3074.86,3077.93,39486.751
4019,2025-11-17 16:15:00+00:00,3077.92,3077.92,3063.34,3068.4,72637.466
4020,2025-11-17 16:20:00+00:00,3068.41,3086.13,3062.38,3079.81,43327.695
4021,2025-11-17 16:25:00+00:00,3079.82,3095.5,3071.5,3090.72,43223.246
4022,2025-11-17 16:30:00+00:00,3090.72,3101.76,3080.12,3085.84,50729.17
4023,2025-11-17 16:35:00+00:00,3085.84,3103.47,3084.7,3102.23,33197.882
4024,2025-11-17 16:40:00+00:00,3102.22,3117.39,3097.47,3100.13,39149.869
4025,2025-11-17 16:45:00+00:00,3100.13,3107.97,3097.5,3100.25,18940.967
4026,2025-11-17 16:50:00+00:00,3100.25,3142.1,3100.25,3132.01,74952.517
4027,2025-11-17 16:55:00+00:00,3132.0,3139.65,3125.56,3133.15,27837.464
4028,2025-11-17 17:00:00+00:00,3133.17,3136.36,3124.17,3126.4,24020.053
4029,2025-11-17 17:05:00+00:00,3126.4,3132.13,3119.64,3129.42,17138.893
4030,2025-11-17 17:10:00+00:00,3129.43,3131.01,3112.0,3114.32,21770.51
4031,2025-11-17 17:15:00+00:00,3114.32,3117.92,3103.77,3115.96,30002.573
4032,2025-11-17 17:20:00+00:00,3115.95,3116.71,3104.0,3109.57,16686.468
4033,2025-11-17 17:25:00+00:00,3109.56,3110.67,3096.35,3098.65,20269.852
4034,2025-11-17 17:30:00+00:00,3098.65,3102.91,3089.21,3100.32,29821.466
4035,2025-11-17 17:35:00+00:00,3100.31,3106.81,3091.5,3094.12,17903.59
4036,2025-11-17 17:40:00+00:00,3094.11,3094.54,3065.0,3069.8,58420.673
4037,2025-11-17 17:45:00+00:00,3069.79,3075.2,3054.77,3068.51,65329.068
4038,2025-11-17 17:50:00+00:00,3068.5,3073.13,3053.36,3055.25,23694.4
4039,2025-11-17 17:55:00+00:00,3055.24,3063.78,3052.21,3057.52,24288.127
4040,2025-11-17 18:00:00+00:00,3057.51,3061.74,3041.1,3058.88,63335.438
4041,2025-11-17 18:05:00+00:00,3058.88,3072.97,3055.91,3065.01,39346.781
4042,2025-11-17 18:10:00+00:00,3065.01,3080.0,3051.4,3056.27,36815.001
4043,2025-11-17 18:15:00+00:00,3056.28,3061.65,3044.35,3051.64,27415.756
4044,2025-11-17 18:20:00+00:00,3051.64,3055.2,3035.62,3037.66,47625.494
4045,2025-11-17 18:25:00+00:00,3037.65,3045.0,3025.74,3026.86,40035.456
4046,2025-11-17 18:30:00+00:00,3026.85,3038.0,3024.42,3031.74,37427.362
4047,2025-11-17 18:35:00+00:00,3031.74,3038.32,3024.0,3033.44,36943.608
4048,2025-11-17 18:40:00+00:00,3033.45,3035.99,3027.01,3035.0,14040.535
4049,2025-11-17 18:45:00+00:00,3034.99,3052.8,3034.34,3043.74,31140.929
4050,2025-11-17 18:50:00+00:00,3043.75,3046.72,3031.77,3032.01,19448.447
4051,2025-11-17 18:55:00+00:00,3032.01,3032.01,3018.0,3023.52,46161.536
4052,2025-11-17 19:00:00+00:00,3023.51,3037.4,3020.25,3024.82,23885.835
4053,2025-11-17 19:05:00+00:00,3024.82,3033.3,3016.22,3028.03,23300.619
4054,2025-11-17 19:10:00+00:00,3028.03,3030.43,3013.65,3017.96,21972.871
4055,2025-11-17 19:15:00+00:00,3017.96,3025.96,3007.0,3010.31,54268.78
4056,2025-11-17 19:20:00+00:00,3010.31,3019.99,3009.51,3013.69,18267.305
4057,2025-11-17 19:25:00+00:00,3013.7,3015.5,3005.07,3011.28,21424.827
4058,2025-11-17 19:30:00+00:00,3011.28,3011.4,2983.51,3010.26,113126.0
4059,2025-11-17 19:35:00+00:00,3010.27,3031.66,2992.17,2992.28,92625.229
4060,2025-11-17 19:40:00+00:00,2992.28,3000.1,2975.0,2987.93,63529.472
4061,2025-11-17 19:45:00+00:00,2987.93,2992.45,2969.99,2987.89,82057.614
4062,2025-11-17 19:50:00+00:00,2987.89,2997.9,2978.24,2983.88,62261.749
4063,2025-11-17 19:55:00+00:00,2983.89,2985.0,2976.0,2981.0,22587.312
4064,2025-11-17 20:00:00+00:00,2980.99,2980.99,2958.0,2976.56,83281.315
4065,2025-11-17 20:05:00+00:00,2976.55,2985.3,2958.05,2961.34,51787.861
4066,2025-11-17 20:10:00+00:00,2961.33,2978.6,2960.0,2964.55,35015.685
4067,2025-11-17 20:15:00+00:00,2964.56,2993.95,2962.52,2979.31,65509.224
4068,2025-11-17 20:20:00+00:00,2979.3,2995.0,2978.37,2991.0,36643.452
4069,2025-11-17 20:25:00+00:00,2991.0,3002.99,2981.99,2987.95,47168.497
4070,2025-11-17 20:30:00+00:00,2987.96,2992.98,2973.23,2980.37,26712.173
4071,2025-11-17 20:35:00+00:00,2980.38,2997.65,2977.5,2977.97,19698.827
4072,2025-11-17 20:40:00+00:00,2977.99,2989.57,2977.49,2982.67,12394.326
4073,2025-11-17 20:45:00+00:00,2982.66,3003.03,2980.0,2998.91,29280.469
4074,2025-11-17 20:50:00+00:00,2998.91,3021.51,2998.91,3004.46,71533.854
4075,2025-11-17 20:55:00+00:00,3004.47,3013.46,3000.45,3002.72,20295.737
4076,2025-11-17 21:00:00+00:00,3002.74,3025.85,3002.17,3014.06,38493.827
4077,2025-11-17 21:05:00+00:00,3014.07,3027.21,3014.07,3019.93,17510.457
4078,2025-11-17 21:10:00+00:00,3019.93,3022.85,3015.05,3018.99,10958.089
4079,2025-11-17 21:15:00+00:00,3018.99,3019.0,3003.0,3005.01,17729.394
4080,2025-11-17 21:20:00+00:00,3005.0,3006.43,2981.92,2997.04,59442.337
4081,2025-11-17 21:25:00+00:00,2997.04,3001.22,2990.98,2995.78,11725.494
4082,2025-11-17 21:30:00+00:00,2995.79,2996.45,2987.1,2996.16,11142.031
4083,2025-11-17 21:35:00+00:00,2996.16,3006.18,2986.65,3003.56,16025.913
4084,2025-11-17 21:40:00+00:00,3003.57,3009.16,2996.0,2996.38,16315.748
4085,2025-11-17 21:45:00+00:00,2996.39,2997.46,2988.51,2993.11,13998.762
4086,2025-11-17 21:50:00+00:00,2993.1,3003.9,2989.51,3001.7,10316.226
4087,2025-11-17 21:55:00+00:00,3001.7,3009.65,3000.01,3008.25,7084.209
4088,2025-11-17 22:00:00+00:00,3008.25,3009.0,2998.49,3005.98,8050.929
4089,2025-11-17 22:05:00+00:00,3005.98,3019.48,3005.0,3017.06,15461.201
4090,2025-11-17 22:10:00+00:00,3017.07,3023.25,3012.73,3016.74,20746.394
4091,2025-11-17 22:15:00+00:00,3016.75,3022.39,3011.01,3017.25,9626.527
4092,2025-11-17 22:20:00+00:00,3017.24,3026.71,3013.62,3022.9,15905.226
4093,2025-11-17 22:25:00+00:00,3022.89,3025.16,3017.92,3021.64,10012.988
4094,2025-11-17 22:30:00+00:00,3021.65,3021.65,3018.0,3020.16,6054.82
4095,2025-11-17 22:35:00+00:00,3020.16,3022.97,3018.73,3020.57,6500.172
4096,2025-11-17 22:40:00+00:00,3020.57,3030.62,3019.57,3029.37,10214.026
4097,2025-11-17 22:45:00+00:00,3029.36,3030.96,3018.0,3020.16,16384.145
4098,2025-11-17 22:50:00+00:00,3020.17,3025.71,3019.48,3023.7,6137.207
4099,2025-11-17 22:55:00+00:00,3023.7,3023.83,3020.22,3021.99,5130.315
4100,2025-11-17 23:00:00+00:00,3021.99,3024.46,3017.36,3021.99,12319.784
4101,2025-11-17 23:05:00+00:00,3021.98,3025.84,3013.43,3018.16,15117.972
4102,2025-11-17 23:10:00+00:00,3018.17,3019.29,3008.99,3016.12,14022.06
4103,2025-11-17 23:15:00+00:00,3016.12,3016.12,3004.4,3009.84,17701.789
4104,2025-11-17 23:20:00+00:00,3009.84,3021.63,3008.65,3017.78,25680.884
4105,2025-11-17 23:25:00+00:00,3017.79,3021.63,3013.77,3016.54,11438.939
4106,2025-11-17 23:30:00+00:00,3016.54,3023.55,3011.22,3022.64,11889.12
4107,2025-11-17 23:35:00+00:00,3022.65,3024.53,3017.67,3021.65,6126.036
4108,2025-11-17 23:40:00+00:00,3021.65,3024.17,3015.6,3019.02,7369.096
4109,2025-11-17 23:45:00+00:00,3019.02,3021.0,3015.45,3018.81,5329.727
4110,2025-11-17 23:50:00+00:00,3018.82,3024.73,3018.82,3024.05,6370.631
4111,2025-11-17 23:55:00+00:00,3024.05,3030.75,3023.64,3030.06,9786.522
4112,2025-11-18 00:00:00+00:00,3030.06,3031.85,3024.1,3027.3,12927.121
4113,2025-11-18 00:05:00+00:00,3027.3,3037.64,3027.16,3036.94,13958.348
4114,2025-11-18 00:10:00+00:00,3036.93,3036.93,3031.25,3033.04,9088.471
4115,2025-11-18 00:15:00+00:00,3033.05,3036.4,3021.42,3021.69,11926.841
4116,2025-11-18 00:20:00+00:00,3021.68,3035.46,3019.36,3033.69,9896.835
4117,2025-11-18 00:25:00+00:00,3033.69,3034.19,3016.93,3018.64,12254.951
4118,2025-11-18 00:30:00+00:00,3018.64,3019.62,3007.73,3008.0,19952.632
4119,2025-11-18 00:35:00+00:00,3008.0,3016.72,3005.16,3010.43,15048.345
4120,2025-11-18 00:40:00+00:00,3010.43,3012.69,2992.31,2997.66,44890.69
4121,2025-11-18 00:45:00+00:00,2997.65,3031.79,2989.51,3027.05,44986.386
4122,2025-11-18 00:50:00+00:00,3027.05,3040.0,3025.72,3028.56,36554.02
4123,2025-11-18 00:55:00+00:00,3028.56,3037.65,3022.02,3031.43,28004.357
4124,2025-11-18 01:00:00+00:00,3031.43,3037.71,3024.04,3030.83,19015.173
4125,2025-11-18 01:05:00+00:00,3030.84,3046.5,3028.0,3044.38,28182.946
4126,2025-11-18 01:10:00+00:00,3044.38,3046.46,3032.1,3035.16,15480.055
4127,2025-11-18 01:15:00+00:00,3035.16,3047.0,3032.31,3046.65,19592.419
4128,2025-11-18 01:20:00+00:00,3046.65,3049.0,3032.87,3032.87,15261.822
4129,2025-11-18 01:25:00+00:00,3032.87,3032.88,3016.81,3024.56,24526.566
4130,2025-11-18 01:30:00+00:00,3024.56,3038.25,3024.34,3034.0,16955.596
4131,2025-11-18 01:35:00+00:00,3034.0,3038.57,3023.5,3024.99,12505.244
4132,2025-11-18 01:40:00+00:00,3025.0,3030.21,3023.38,3030.01,7576.699
4133,2025-11-18 01:45:00+00:00,3030.01,3032.74,3020.42,3021.23,8695.196
4134,2025-11-18 01:50:00+00:00,3021.22,3021.83,3012.64,3017.29,15172.8
4135,2025-11-18 01:55:00+00:00,3017.29,3021.5,3013.84,3016.73,8986.743
4136,2025-11-18 02:00:00+00:00,3016.73,3017.32,2997.71,3002.28,37532.348
4137,2025-11-18 02:05:00+00:00,3002.28,3019.36,2996.87,3015.63,23149.994
4138,2025-11-18 02:10:00+00:00,3015.62,3017.23,3004.16,3007.64,14747.409
4139,2025-11-18 02:15:00+00:00,3007.63,3009.91,2976.64,2989.01,62200.429
4140,2025-11-18 02:20:00+00:00,2989.0,3026.54,2988.81,3018.48,50171.872
4141,2025-11-18 02:25:00+00:00,3018.49,3038.0,3016.02,3036.31,37069.233
4142,2025-11-18 02:30:00+00:00,3036.31,3044.43,3031.7,3032.86,39354.473
4143,2025-11-18 02:35:00+00:00,3032.86,3034.77,3017.0,3025.2,26998.801
4144,2025-11-18 02:40:00+00:00,3025.21,3032.39,3024.27,3027.72,9595.379
4145,2025-11-18 02:45:00+00:00,3027.72,3044.86,3025.01,3028.66,47792.025
4146,2025-11-18 02:50:00+00:00,3028.63,3029.44,3006.55,3008.91,38516.138
4147,2025-11-18 02:55:00+00:00,3008.91,3009.0,2977.02,2984.4,90197.356
4148,2025-11-18 03:00:00+00:00,2984.41,2988.0,2943.31,2959.53,188709.719
4149,2025-11-18 03:05:00+00:00,2959.53,2974.85,2956.2,2969.4,48238.267
4150,2025-11-18 03:10:00+00:00,2969.4,2977.1,2967.06,2972.93,32985.001
4151,2025-11-18 03:15:00+00:00,2972.94,2981.78,2967.73,2978.51,30194.593
4152,2025-11-18 03:20:00+00:00,2978.51,2984.9,2975.25,2981.27,24885.642
4153,2025-11-18 03:25:00+00:00,2981.27,2982.9,2963.55,2964.43,26010.988
4154,2025-11-18 03:30:00+00:00,2964.44,2982.6,2951.69,2958.53,81399.414
4155,2025-11-18 03:35:00+00:00,2958.52,3012.0,2957.57,3009.98,91009.639
4156,2025-11-18 03:40:00+00:00,3009.97,3025.68,3008.26,3014.01,71853.913
4157,2025-11-18 03:45:00+00:00,3014.0,3024.3,3010.88,3016.55,35442.969
4158,2025-11-18 03:50:00+00:00,3016.55,3026.11,3014.74,3019.85,21585.976
4159,2025-11-18 03:55:00+00:00,3019.85,3027.47,3016.16,3022.93,15058.583
4160,2025-11-18 04:00:00+00:00,3022.94,3024.23,3012.66,3013.11,15742.24
4161,2025-11-18 04:05:00+00:00,3013.11,3016.49,2995.0,3002.0,41216.059
4162,2025-11-18 04:10:00+00:00,3002.0,3002.72,2993.53,2994.72,20291.381
4163,2025-11-18 04:15:00+00:00,2994.71,2999.39,2985.47,2991.23,32473.554
4164,2025-11-18 04:20:00+00:00,2991.22,3001.32,2983.0,2986.2,30590.045
4165,2025-11-18 04:25:00+00:00,2986.36,2992.65,2977.28,2977.3,31972.751
4166,2025-11-18 04:30:00+00:00,2977.29,2992.33,2976.2,2989.14,24745.875
4167,2025-11-18 04:35:00+00:00,2989.14,2995.91,2983.31,2987.24,19226.025
4168,2025-11-18 04:40:00+00:00,2987.24,2989.87,2974.11,2974.3,19841.592
4169,2025-11-18 04:45:00+00:00,2974.29,2990.23,2956.63,2983.97,68236.217
4170,2025-11-18 04:50:00+00:00,2983.97,2993.13,2966.62,2981.78,35330.471
4171,2025-11-18 04:55:00+00:00,2981.79,3009.86,2977.44,3005.0,64365.159
4172,2025-11-18 05:00:00+00:00,3004.99,3005.55,2982.77,2997.2,39065.556
4173,2025-11-18 05:05:00+00:00,2997.26,3012.31,2994.96,3001.37,26427.152
4174,2025-11-18 05:10:00+00:00,3001.37,3016.26,3000.67,3013.17,22575.524
4175,2025-11-18 05:15:00+00:00,3013.16,3019.99,3011.1,3016.86,17498.93
4176,2025-11-18 05:20:00+00:00,3016.86,3023.0,3015.75,3018.73,19655.754
4177,2025-11-18 05:25:00+00:00,3018.74,3020.0,3008.04,3013.14,12666.184
4178,2025-11-18 05:30:00+00:00,3013.15,3020.2,3013.14,3017.85,10253.626
4179,2025-11-18 05:35:00+00:00,3017.85,3020.91,3001.71,3007.99,16516.902
4180,2025-11-18 05:40:00+00:00,3007.99,3009.14,3001.01,3005.16,11755.126
4181,2025-11-18 05:45:00+00:00,3005.11,3019.04,3004.8,3017.85,15906.555
4182,2025-11-18 05:50:00+00:00,3017.85,3022.33,3006.41,3007.0,12084.902
4183,2025-11-18 05:55:00+00:00,3007.0,3015.0,3005.01,3011.14,8136.116
4184,2025-11-18 06:00:00+00:00,3011.14,3011.88,2998.49,3001.47,16326.03
4185,2025-11-18 06:05:00+00:00,3001.46,3007.16,2995.96,3006.26,14602.182
4186,2025-11-18 06:10:00+00:00,3006.25,3013.89,3002.48,3013.1,11975.781
4187,2025-11-18 06:15:00+00:00,3013.1,3014.59,3007.87,3014.0,7475.97
4188,2025-11-18 06:20:00+00:00,3014.0,3014.0,3005.0,3006.01,7157.655
4189,2025-11-18 06:25:00+00:00,3006.01,3006.66,2998.83,3003.6,8506.838
4190,2025-11-18 06:30:00+00:00,3003.59,3004.49,2984.36,2990.3,25057.932
4191,2025-11-18 06:35:00+00:00,2990.29,2990.29,2978.16,2982.47,24353.321
4192,2025-11-18 06:40:00+00:00,2982.47,2986.0,2972.28,2975.27,24025.196
4193,2025-11-18 06:45:00+00:00,2975.28,2985.79,2975.28,2981.64,22298.017
4194,2025-11-18 06:50:00+00:00,2981.64,2988.0,2976.05,2987.11,19352.467
4195,2025-11-18 06:55:00+00:00,2987.11,3001.29,2986.94,2988.85,22337.155
4196,2025-11-18 07:00:00+00:00,2988.84,2989.36,2976.06,2978.64,21002.241
4197,2025-11-18 07:05:00+00:00,2978.64,3001.96,2978.64,2999.56,24325.623
4198,2025-11-18 07:10:00+00:00,2999.55,3005.0,2995.26,2996.87,12547.908
4199,2025-11-18 07:15:00+00:00,2996.87,2998.45,2986.2,2988.33,15486.781
4200,2025-11-18 07:20:00+00:00,2988.32,3000.11,2987.3,2999.0,12926.453
4201,2025-11-18 07:25:00+00:00,2998.99,3013.29,2998.96,3008.83,23999.353
4202,2025-11-18 07:30:00+00:00,3008.82,3019.9,3003.0,3018.27,22119.696
4203,2025-11-18 07:35:00+00:00,3018.27,3031.0,3017.8,3029.44,35949.712
4204,2025-11-18 07:40:00+00:00,3029.43,3033.5,3022.81,3024.7,22920.224
4205,2025-11-18 07:45:00+00:00,3024.71,3029.85,3024.03,3027.0,13096.456
4206,2025-11-18 07:50:00+00:00,3027.0,3027.96,3022.96,3025.3,9581.218
4207,2025-11-18 07:55:00+00:00,3025.31,3028.49,3022.52,3022.93,10021.899
4208,2025-11-18 08:00:00+00:00,3022.94,3037.99,3022.94,3036.82,33475.95
4209,2025-11-18 08:05:00+00:00,3036.82,3043.59,3027.47,3033.83,39659.73
4210,2025-11-18 08:10:00+00:00,3033.84,3039.0,3030.0,3031.7,13434.631
4211,2025-11-18 08:15:00+00:00,3031.71,3043.34,3027.92,3037.64,22532.673
4212,2025-11-18 08:20:00+00:00,3037.64,3037.64,3026.2,3031.07,21773.144
4213,2025-11-18 08:25:00+00:00,3031.06,3037.22,3027.55,3032.54,14023.537
4214,2025-11-18 08:30:00+00:00,3032.55,3047.7,3030.61,3046.94,22728.895
4215,2025-11-18 08:35:00+00:00,3046.94,3066.0,3045.98,3062.78,60415.027
4216,2025-11-18 08:40:00+00:00,3062.79,3066.89,3056.0,3057.16,25394.059
4217,2025-11-18 08:45:00+00:00,3057.16,3061.72,3054.56,3059.85,18071.957
4218,2025-11-18 08:50:00+00:00,3059.86,3061.71,3053.4,3060.39,20167.937
4219,2025-11-18 08:55:00+00:00,3060.39,3062.12,3057.15,3059.23,9821.507
4220,2025-11-18 09:00:00+00:00,3059.23,3066.63,3051.99,3053.57,30403.484
4221,2025-11-18 09:05:00+00:00,3053.58,3055.26,3040.0,3045.62,41540.084
4222,2025-11-18 09:10:00+00:00,3045.63,3052.2,3040.97,3043.96,24499.402
4223,2025-11-18 09:15:00+00:00,3043.97,3054.88,3043.96,3051.8,17920.38
4224,2025-11-18 09:20:00+00:00,3051.8,3052.32,3036.88,3037.36,15061.312
4225,2025-11-18 09:25:00+00:00,3037.36,3038.07,3026.7,3030.71,28117.793
4226,2025-11-18 09:30:00+00:00,3030.72,3037.54,3029.53,3031.22,9309.301
4227,2025-11-18 09:35:00+00:00,3031.22,3038.52,3031.06,3037.68,8028.529
4228,2025-11-18 09:40:00+00:00,3037.68,3045.0,3034.46,3044.02,15254.993
4229,2025-11-18 09:45:00+00:00,3044.02,3053.77,3043.71,3052.01,21458.876
4230,2025-11-18 09:50:00+00:00,3052.0,3055.98,3051.65,3055.04,17644.305
4231,2025-11-18 09:55:00+00:00,3055.05,3062.99,3050.32,3059.16,26112.236
4232,2025-11-18 10:00:00+00:00,3059.16,3065.68,3058.01,3065.36,18624.532
4233,2025-11-18 10:05:00+00:00,3065.35,3066.0,3054.41,3055.46,21889.279
4234,2025-11-18 10:10:00+00:00,3055.46,3060.0,3054.41,3057.75,8831.982
4235,2025-11-18 10:15:00+00:00,3057.75,3068.0,3056.36,3062.64,13918.551
4236,2025-11-18 10:20:00+00:00,3062.65,3063.12,3048.88,3051.65,13936.386
4237,2025-11-18 10:25:00+00:00,3051.66,3061.0,3051.0,3059.52,9071.072
4238,2025-11-18 10:30:00+00:00,3059.53,3071.98,3057.54,3065.01,24900.859
4239,2025-11-18 10:35:00+00:00,3065.01,3067.93,3060.83,3064.59,9524.646
4240,2025-11-18 10:40:00+00:00,3064.6,3065.86,3061.04,3063.26,5401.658
4241,2025-11-18 10:45:00+00:00,3063.27,3065.33,3058.0,3058.0,6763.33
4242,2025-11-18 10:50:00+00:00,3058.0,3063.6,3052.05,3059.6,9968.154
4243,2025-11-18 10:55:00+00:00,3059.6,3066.31,3058.8,3064.5,10493.658
4244,2025-11-18 11:00:00+00:00,3064.5,3065.47,3058.47,3061.49,9194.768
4245,2025-11-18 11:05:00+00:00,3061.5,3062.94,3058.2,3060.94,6466.38
4246,2025-11-18 11:10:00+00:00,3060.93,3066.48,3055.91,3057.54,12399.794
4247,2025-11-18 11:15:00+00:00,3057.55,3058.35,3050.75,3054.09,17223.217
4248,2025-11-18 11:20:00+00:00,3054.1,3073.71,3053.88,3065.57,20165.251
4249,2025-11-18 11:25:00+00:00,3065.56,3065.95,3058.65,3061.71,8144.424
4250,2025-11-18 11:30:00+00:00,3061.71,3061.71,3054.25,3056.37,7296.321
4251,2025-11-18 11:35:00+00:00,3056.37,3067.9,3055.88,3062.95,12798.318
4252,2025-11-18 11:40:00+00:00,3062.95,3070.0,3062.94,3068.04,11675.704
4253,2025-11-18 11:45:00+00:00,3068.04,3069.4,3065.37,3066.98,9862.184
4254,2025-11-18 11:50:00+00:00,3066.98,3067.0,3060.54,3061.32,7118.484
4255,2025-11-18 11:55:00+00:00,3061.31,3064.76,3051.9,3056.44,13787.15
4256,2025-11-18 12:00:00+00:00,3056.45,3057.43,3045.06,3048.64,23613.126
4257,2025-11-18 12:05:00+00:00,3048.64,3054.78,3047.23,3052.0,15984.894
4258,2025-11-18 12:10:00+00:00,3051.99,3054.92,3037.06,3038.99,24545.951
4259,2025-11-18 12:15:00+00:00,3038.99,3057.54,3038.51,3057.54,21608.989
4260,2025-11-18 12:20:00+00:00,3057.54,3062.74,3050.33,3053.03,17369.941
4261,2025-11-18 12:25:00+00:00,3053.02,3053.49,3045.0,3045.65,8723.572
4262,2025-11-18 12:30:00+00:00,3045.65,3052.0,3044.84,3049.36,13310.885
4263,2025-11-18 12:35:00+00:00,3049.36,3055.55,3045.63,3053.87,7106.222
4264,2025-11-18 12:40:00+00:00,3053.86,3065.0,3053.43,3063.14,18452.973
4265,2025-11-18 12:45:00+00:00,3063.15,3064.0,3054.0,3054.99,11569.765
4266,2025-11-18 12:50:00+00:00,3055.0,3055.66,3045.9,3049.05,11739.094
4267,2025-11-18 12:55:00+00:00,3049.04,3051.0,3040.0,3048.03,15136.311
4268,2025-11-18 13:00:00+00:00,3048.04,3048.19,3040.63,3046.88,13712.328
4269,2025-11-18 13:05:00+00:00,3046.87,3047.0,3038.6,3044.16,8710.828
4270,2025-11-18 13:10:00+00:00,3044.15,3047.89,3043.86,3045.35,5954.089
4271,2025-11-18 13:15:00+00:00,3045.34,3049.98,3044.89,3046.59,10615.786
4272,2025-11-18 13:20:00+00:00,3046.6,3049.21,3032.44,3034.95,28829.634
4273,2025-11-18 13:25:00+00:00,3034.95,3036.55,3031.0,3034.99,15649.416
4274,2025-11-18 13:30:00+00:00,3034.99,3040.0,3030.0,3036.72,19520.88
4275,2025-11-18 13:35:00+00:00,3036.73,3037.24,3020.01,3030.46,33291.988
4276,2025-11-18 13:40:00+00:00,3030.45,3046.8,3029.49,3037.74,35084.842
4277,2025-11-18 13:45:00+00:00,3037.73,3046.53,3036.82,3041.64,15791.636
4278,2025-11-18 13:50:00+00:00,3041.64,3049.99,3038.76,3048.57,13298.6
4279,2025-11-18 13:55:00+00:00,3048.56,3049.46,3043.46,3047.0,8481.72
4280,2025-11-18 14:00:00+00:00,3046.99,3048.85,3036.01,3038.33,11736.595
4281,2025-11-18 14:05:00+00:00,3038.34,3041.19,3030.5,3038.0,12959.083
4282,2025-11-18 14:10:00+00:00,3038.0,3043.54,3030.69,3035.52,8265.957
4283,2025-11-18 14:15:00+00:00,3035.52,3043.99,3035.51,3041.06,8140.45
4284,2025-11-18 14:20:00+00:00,3041.05,3050.0,3035.54,3049.94,8965.164
4285,2025-11-18 14:25:00+00:00,3049.95,3068.0,3046.23,3056.55,52978.227
4286,2025-11-18 14:30:00+00:00,3056.56,3088.0,3042.52,3071.24,122746.061
4287,2025-11-18 14:35:00+00:00,3071.23,3091.73,3069.04,3080.6,66524.868
4288,2025-11-18 14:40:00+00:00,3080.59,3091.57,3060.0,3062.32,53752.275
4289,2025-11-18 14:45:00+00:00,3062.33,3083.9,3061.6,3071.34,46859.152
4290,2025-11-18 14:50:00+00:00,3071.34,3078.68,3061.27,3070.42,25946.206
4291,2025-11-18 14:55:00+00:00,3070.41,3073.22,3056.67,3056.67,23197.531
4292,2025-11-18 15:00:00+00:00,3056.68,3061.6,3032.0,3037.67,59862.514
4293,2025-11-18 15:05:00+00:00,3037.67,3078.0,3037.31,3074.76,74282.728
4294,2025-11-18 15:10:00+00:00,3074.76,3091.24,3066.51,3078.95,62668.653
4295,2025-11-18 15:15:00+00:00,3078.94,3100.0,3072.46,3095.85,54754.997
4296,2025-11-18 15:20:00+00:00,3095.84,3118.07,3095.0,3108.04,95562.537
4297,2025-11-18 15:25:00+00:00,3108.04,3116.33,3102.88,3108.25,31246.787
4298,2025-11-18 15:30:00+00:00,3108.26,3123.17,3097.1,3099.6,54083.847
4299,2025-11-18 15:35:00+00:00,3099.59,3113.0,3093.27,3112.74,33890.128
4300,2025-11-18 15:40:00+00:00,3112.74,3117.93,3101.0,3108.88,25396.102
4301,2025-11-18 15:45:00+00:00,3108.87,3111.0,3097.29,3103.64,18336.504
4302,2025-11-18 15:50:00+00:00,3103.64,3119.6,3093.78,3115.38,31099.297
4303,2025-11-18 15:55:00+00:00,3115.38,3116.07,3105.0,3105.19,18273.725
4304,2025-11-18 16:00:00+00:00,3105.19,3110.47,3098.98,3103.69,49898.687
4305,2025-11-18 16:05:00+00:00,3103.7,3128.0,3097.88,3124.96,59054.454
4306,2025-11-18 16:10:00+00:00,3124.96,3125.98,3116.14,3119.19,25336.776
4307,2025-11-18 16:15:00+00:00,3119.18,3151.42,3115.3,3146.54,88110.428
4308,2025-11-18 16:20:00+00:00,3146.54,3159.01,3145.31,3147.71,47368.28
4309,2025-11-18 16:25:00+00:00,3147.7,3159.98,3147.7,3155.66,37031.609
4310,2025-11-18 16:30:00+00:00,3155.66,3167.89,3149.9,3158.86,50822.216
4311,2025-11-18 16:35:00+00:00,3158.85,3161.0,3145.0,3149.8,33508.539
4312,2025-11-18 16:40:00+00:00,3149.8,3152.42,3145.13,3148.74,21800.132
4313,2025-11-18 16:45:00+00:00,3148.74,3158.21,3145.58,3153.7,22070.716
4314,2025-11-18 16:50:00+00:00,3153.71,3157.29,3144.48,3148.32,14857.712
4315,2025-11-18 16:55:00+00:00,3148.32,3154.14,3148.0,3150.88,7121.023
4316,2025-11-18 17:00:00+00:00,3150.87,3157.79,3148.0,3154.41,17269.585
4317,2025-11-18 17:05:00+00:00,3154.41,3156.02,3148.27,3150.0,7788.676
4318,2025-11-18 17:10:00+00:00,3149.99,3155.46,3136.58,3139.08,28030.991
4319,2025-11-18 17:15:00+00:00,3139.08,3147.44,3138.01,3143.74,14079.196
4320,2025-11-18 17:20:00+00:00,3143.73,3151.55,3137.28,3138.32,12657.291
4321,2025-11-18 17:25:00+00:00,3138.31,3140.53,3121.11,3124.27,38298.205
4322,2025-11-18 17:30:00+00:00,3124.28,3127.94,3118.64,3127.11,23757.588
4323,2025-11-18 17:35:00+00:00,3127.11,3137.7,3123.79,3135.77,23526.625
4324,2025-11-18 17:40:00+00:00,3135.77,3139.55,3131.7,3135.88,14566.415
4325,2025-11-18 17:45:00+00:00,3135.88,3136.49,3127.89,3130.46,8473.162
4326,2025-11-18 17:50:00+00:00,3130.47,3135.6,3124.0,3133.07,10592.728
4327,2025-11-18 17:55:00+00:00,3133.07,3136.62,3128.44,3134.29,5383.394
4328,2025-11-18 18:00:00+00:00,3134.32,3147.62,3134.16,3143.38,21793.493
4329,2025-11-18 18:05:00+00:00,3143.38,3149.67,3142.55,3146.0,15972.56
4330,2025-11-18 18:10:00+00:00,3146.0,3153.99,3146.0,3150.42,13756.159
4331,2025-11-18 18:15:00+00:00,3150.42,3152.68,3145.85,3147.74,8743.397
4332,2025-11-18 18:20:00+00:00,3147.74,3148.0,3142.38,3145.79,7419.161
4333,2025-11-18 18:25:00+00:00,3145.79,3147.2,3138.01,3142.38,9897.446
4334,2025-11-18 18:30:00+00:00,3142.38,3151.85,3142.38,3151.7,9699.692
4335,2025-11-18 18:35:00+00:00,3151.7,3153.53,3145.81,3152.73,9395.665
4336,2025-11-18 18:40:00+00:00,3152.74,3159.0,3150.58,3156.99,19531.101
4337,2025-11-18 18:45:00+00:00,3157.0,3166.81,3155.91,3160.87,26001.307
4338,2025-11-18 18:50:00+00:00,3160.88,3169.28,3159.45,3164.29,16278.578
4339,2025-11-18 18:55:00+00:00,3164.28,3164.48,3156.35,3159.12,9150.014
4340,2025-11-18 19:00:00+00:00,3159.12,3160.96,3152.73,3155.84,9587.069
4341,2025-11-18 19:05:00+00:00,3155.83,3161.0,3155.04,3159.24,7599.09
4342,2025-11-18 19:10:00+00:00,3159.24,3167.61,3157.19,3164.01,11597.785
4343,2025-11-18 19:15:00+00:00,3164.01,3166.08,3157.15,3164.4,6722.275
4344,2025-11-18 19:20:00+00:00,3164.4,3167.23,3157.43,3158.9,9154.213
4345,2025-11-18 19:25:00+00:00,3158.91,3161.72,3157.48,3159.65,4857.032
4346,2025-11-18 19:30:00+00:00,3159.66,3160.85,3148.9,3150.25,11572.668
4347,2025-11-18 19:35:00+00:00,3150.24,3162.07,3149.0,3160.66,11256.027
4348,2025-11-18 19:40:00+00:00,3160.66,3160.98,3144.32,3144.4,15537.288
4349,2025-11-18 19:45:00+00:00,3144.4,3150.02,3141.01,3141.59,12147.299
4350,2025-11-18 19:50:00+00:00,3141.59,3147.23,3134.39,3137.59,18800.377
4351,2025-11-18 19:55:00+00:00,3137.59,3145.83,3135.03,3144.64,7446.96
4352,2025-11-18 20:00:00+00:00,3144.64,3148.33,3142.71,3146.35,6967.112
4353,2025-11-18 20:05:00+00:00,3146.35,3146.35,3139.73,3143.22,6452.588
4354,2025-11-18 20:10:00+00:00,3143.24,3145.01,3136.33,3140.72,6613.268
4355,2025-11-18 20:15:00+00:00,3140.72,3147.56,3140.0,3145.59,4179.56
4356,2025-11-18 20:20:00+00:00,3145.58,3149.46,3144.11,3145.45,4321.686
4357,2025-11-18 20:25:00+00:00,3145.46,3147.0,3138.4,3146.43,6195.573
4358,2025-11-18 20:30:00+00:00,3146.44,3148.22,3131.4,3132.54,8988.501
4359,2025-11-18 20:35:00+00:00,3132.53,3139.07,3130.1,3137.1,6255.812
4360,2025-11-18 20:40:00+00:00,3137.1,3137.39,3130.51,3131.2,5470.878
4361,2025-11-18 20:45:00+00:00,3131.21,3132.17,3125.23,3128.82,16247.743
4362,2025-11-18 20:50:00+00:00,3128.83,3135.7,3128.83,3133.62,8787.479
4363,2025-11-18 20:55:00+00:00,3133.62,3134.1,3121.3,3121.87,11768.913
4364,2025-11-18 21:00:00+00:00,3121.86,3123.2,3113.22,3117.3,21944.009
4365,2025-11-18 21:05:00+00:00,3117.29,3120.89,3114.08,3117.08,10744.25
4366,2025-11-18 21:10:00+00:00,3117.09,3125.88,3117.08,3125.42,7546.848
4367,2025-11-18 21:15:00+00:00,3125.42,3126.28,3119.11,3123.86,4986.017
4368,2025-11-18 21:20:00+00:00,3123.85,3130.25,3121.4,3122.78,8099.051
4369,2025-11-18 21:25:00+00:00,3122.79,3126.76,3122.73,3122.73,2640.455
4370,2025-11-18 21:30:00+00:00,3122.73,3122.8,3104.46,3108.74,26125.296
4371,2025-11-18 21:35:00+00:00,3108.73,3110.92,3106.77,3107.23,9577.877
4372,2025-11-18 21:40:00+00:00,3107.24,3108.0,3102.27,3102.82,8436.645
4373,2025-11-18 21:45:00+00:00,3102.82,3103.87,3095.99,3100.23,18157.129
4374,2025-11-18 21:50:00+00:00,3100.24,3104.54,3096.57,3096.6,9687.989
4375,2025-11-18 21:55:00+00:00,3096.61,3099.79,3096.21,3097.01,7257.995
4376,2025-11-18 22:00:00+00:00,3097.0,3106.21,3096.53,3101.67,18181.405
4377,2025-11-18 22:05:00+00:00,3101.67,3111.83,3101.66,3110.14,7930.545
4378,2025-11-18 22:10:00+00:00,3110.13,3120.0,3110.13,3120.0,9199.134
4379,2025-11-18 22:15:00+00:00,3120.0,3121.04,3111.57,3116.87,7761.595
4380,2025-11-18 22:20:00+00:00,3116.87,3121.9,3116.86,3120.54,4832.373
4381,2025-11-18 22:25:00+00:00,3120.54,3127.11,3119.41,3125.04,8579.518
4382,2025-11-18 22:30:00+00:00,3125.04,3128.5,3121.66,3127.15,8587.615
4383,2025-11-18 22:35:00+00:00,3127.14,3127.77,3120.01,3121.19,4818.785
4384,2025-11-18 22:40:00+00:00,3121.2,3124.78,3121.2,3122.0,3524.448
4385,2025-11-18 22:45:00+00:00,3122.0,3124.14,3117.42,3118.75,5464.719
4386,2025-11-18 22:50:00+00:00,3118.74,3124.75,3118.74,3123.8,2457.679
4387,2025-11-18 22:55:00+00:00,3123.8,3126.25,3120.18,3124.02,3074.439
4388,2025-11-18 23:00:00+00:00,3124.02,3125.15,3118.97,3119.96,6717.734
4389,2025-11-18 23:05:00+00:00,3119.95,3122.48,3111.01,3112.46,10777.795
4390,2025-11-18 23:10:00+00:00,3112.46,3114.18,3105.99,3110.99,11432.997
4391,2025-11-18 23:15:00+00:00,3111.0,3114.9,3109.31,3113.01,3855.831
4392,2025-11-18 23:20:00+00:00,3113.0,3116.55,3112.08,3114.46,4397.82
4393,2025-11-18 23:25:00+00:00,3114.46,3118.4,3112.3,3117.01,5684.047
4394,2025-11-18 23:30:00+00:00,3117.01,3120.89,3115.19,3120.16,3922.863
4395,2025-11-18 23:35:00+00:00,3120.16,3122.0,3119.49,3121.26,4094.642
4396,2025-11-18 23:40:00+00:00,3121.26,3121.8,3117.87,3119.31,3528.609
4397,2025-11-18 23:45:00+00:00,3119.3,3120.72,3113.11,3113.11,4098.896
4398,2025-11-18 23:50:00+00:00,3113.11,3118.55,3112.45,3117.31,2508.277
4399,2025-11-18 23:55:00+00:00,3117.31,3124.7,3116.54,3122.2,4358.395
4400,2025-11-19 00:00:00+00:00,3122.2,3122.75,3106.23,3109.43,15645.503
4401,2025-11-19 00:05:00+00:00,3109.44,3109.53,3100.6,3108.33,14307.099
4402,2025-11-19 00:10:00+00:00,3108.32,3108.33,3100.25,3102.34,9007.16
4403,2025-11-19 00:15:00+00:00,3102.34,3103.76,3075.22,3077.57,42086.855
4404,2025-11-19 00:20:00+00:00,3077.48,3094.67,3077.48,3092.22,24894.904
4405,2025-11-19 00:25:00+00:00,3092.21,3098.0,3089.65,3091.93,9786.26
4406,2025-11-19 00:30:00+00:00,3091.93,3097.96,3085.64,3085.88,10335.908
4407,2025-11-19 00:35:00+00:00,3085.87,3094.6,3084.55,3094.6,8337.787
4408,2025-11-19 00:40:00+00:00,3094.6,3107.8,3092.58,3104.1,15005.938
4409,2025-11-19 00:45:00+00:00,3104.1,3106.54,3099.62,3104.84,8673.998
4410,2025-11-19 00:50:00+00:00,3104.84,3108.32,3104.1,3105.03,7080.705
4411,2025-11-19 00:55:00+00:00,3105.03,3106.81,3098.04,3099.57,4633.122
4412,2025-11-19 01:00:00+00:00,3099.58,3100.58,3090.52,3094.78,10849.722
4413,2025-11-19 01:05:00+00:00,3094.78,3099.67,3088.0,3090.89,10295.171
4414,2025-11-19 01:10:00+00:00,3090.9,3091.03,3083.75,3088.4,9721.805
4415,2025-11-19 01:15:00+00:00,3088.4,3097.99,3085.75,3095.52,7656.278
4416,2025-11-19 01:20:00+00:00,3095.51,3115.78,3094.5,3106.96,22249.013
4417,2025-11-19 01:25:00+00:00,3106.97,3110.85,3105.9,3110.17,7848.224
4418,2025-11-19 01:30:00+00:00,3110.16,3110.85,3098.09,3100.68,15280.72
4419,2025-11-19 01:35:00+00:00,3100.67,3107.0,3099.0,3103.13,11651.34
4420,2025-11-19 01:40:00+00:00,3103.12,3106.4,3101.5,3106.0,4829.486
4421,2025-11-19 01:45:00+00:00,3106.02,3106.89,3097.41,3097.62,6583.625
4422,2025-11-19 01:50:00+00:00,3097.61,3105.0,3096.7,3102.84,4195.093
4423,2025-11-19 01:55:00+00:00,3102.85,3104.46,3093.99,3104.1,8394.014
4424,2025-11-19 02:00:00+00:00,3104.09,3105.92,3096.51,3101.62,7173.521
4425,2025-11-19 02:05:00+00:00,3101.63,3113.88,3101.63,3113.02,9763.021
4426,2025-11-19 02:10:00+00:00,3113.02,3118.86,3112.99,3117.36,11731.733
4427,2025-11-19 02:15:00+00:00,3117.37,3125.05,3114.14,3114.32,19470.973
4428,2025-11-19 02:20:00+00:00,3114.31,3117.63,3103.37,3115.57,22532.775
4429,2025-11-19 02:25:00+00:00,3115.57,3117.18,3112.23,3113.6,6620.825
4430,2025-11-19 02:30:00+00:00,3113.6,3120.0,3112.88,3117.34,6128.156
4431,2025-11-19 02:35:00+00:00,3117.34,3124.37,3115.75,3123.61,7850.33
4432,2025-11-19 02:40:00+00:00,3123.61,3123.61,3110.15,3112.84,8522.319
4433,2025-11-19 02:45:00+00:00,3112.83,3118.31,3112.06,3118.23,3674.675
4434,2025-11-19 02:50:00+00:00,3118.23,3121.53,3116.82,3120.98,6136.339
4435,2025-11-19 02:55:00+00:00,3120.99,3124.49,3111.08,3112.91,10574.442
4436,2025-11-19 03:00:00+00:00,3112.91,3117.15,3109.0,3115.29,8570.929
4437,2025-11-19 03:05:00+00:00,3115.29,3115.62,3107.21,3108.33,7127.904
4438,2025-11-19 03:10:00+00:00,3108.33,3108.33,3102.08,3105.07,10469.094
4439,2025-11-19 03:15:00+00:00,3105.06,3105.06,3089.39,3092.76,24349.343
4440,2025-11-19 03:20:00+00:00,3092.77,3097.11,3089.88,3093.35,10356.298
4441,2025-11-19 03:25:00+00:00,3093.35,3095.29,3090.01,3091.28,7611.413
4442,2025-11-19 03:30:00+00:00,3091.28,3091.28,3082.08,3082.19,14264.124
4443,2025-11-19 03:35:00+00:00,3082.18,3083.93,3070.0,3076.02,36466.596
4444,2025-11-19 03:40:00+00:00,3076.03,3083.99,3069.0,3078.0,27314.837
4445,2025-11-19 03:45:00+00:00,3078.0,3080.5,3068.19,3070.81,13972.393
4446,2025-11-19 03:50:00+00:00,3070.81,3077.0,3069.05,3071.52,11655.459
4447,2025-11-19 03:55:00+00:00,3071.52,3075.28,3069.19,3072.01,6606.83
4448,2025-11-19 04:00:00+00:00,3072.01,3075.91,3065.65,3068.56,17330.312
4449,2025-11-19 04:05:00+00:00,3068.56,3073.98,3061.64,3066.89,26621.376
4450,2025-11-19 04:10:00+00:00,3066.89,3068.77,3060.78,3068.29,11114.208
4451,2025-11-19 04:15:00+00:00,3068.3,3072.86,3060.61,3070.2,14702.533
4452,2025-11-19 04:20:00+00:00,3070.2,3071.7,3064.75,3069.88,16838.452
4453,2025-11-19 04:25:00+00:00,3069.88,3071.23,3064.01,3069.02,9147.681
4454,2025-11-19 04:30:00+00:00,3069.02,3069.1,3057.37,3059.37,20130.816
4455,2025-11-19 04:35:00+00:00,3059.36,3062.43,3056.8,3058.93,14809.776
4456,2025-11-19 04:40:00+00:00,3058.94,3063.08,3056.85,3058.8,9502.977
4457,2025-11-19 04:45:00+00:00,3058.8,3062.91,3053.0,3062.56,13598.26
4458,2025-11-19 04:50:00+00:00,3062.56,3062.88,3057.0,3058.64,10140.016
4459,2025-11-19 04:55:00+00:00,3058.64,3059.06,3042.23,3047.46,32030.55
4460,2025-11-19 05:00:00+00:00,3047.45,3052.07,3042.88,3045.35,22552.533
4461,2025-11-19 05:05:00+00:00,3045.36,3046.04,3035.01,3040.09,29856.088
4462,2025-11-19 05:10:00+00:00,3040.09,3042.66,3038.0,3038.0,10741.564
4463,2025-11-19 05:15:00+00:00,3038.0,3044.37,3032.04,3038.97,31104.794
4464,2025-11-19 05:20:00+00:00,3038.97,3043.37,3031.15,3034.56,25220.96
4465,2025-11-19 05:25:00+00:00,3034.55,3034.89,3022.78,3024.84,40970.95
4466,2025-11-19 05:30:00+00:00,3024.83,3025.35,3010.92,3011.63,65707.308
4467,2025-11-19 05:35:00+00:00,3011.62,3014.25,3002.38,3005.7,55473.739
4468,2025-11-19 05:40:00+00:00,3005.7,3006.42,2993.0,2995.2,56846.759
4469,2025-11-19 05:45:00+00:00,2995.3,3003.77,2990.15,2999.02,46873.503
4470,2025-11-19 05:50:00+00:00,2999.02,3012.89,2995.37,3011.44,50771.258
4471,2025-11-19 05:55:00+00:00,3011.43,3016.71,3005.14,3016.32,44577.265
4472,2025-11-19 06:00:00+00:00,3016.32,3016.6,3009.26,3016.5,23650.719
4473,2025-11-19 06:05:00+00:00,3016.49,3029.97,3009.3,3023.17,37211.363
4474,2025-11-19 06:10:00+00:00,3023.16,3031.0,3017.2,3028.77,39312.373
4475,2025-11-19 06:15:00+00:00,3028.76,3032.56,3025.0,3025.0,25064.778
4476,2025-11-19 06:20:00+00:00,3025.0,3027.58,3022.31,3026.66,12121.812
4477,2025-11-19 06:25:00+00:00,3026.66,3032.0,3025.5,3030.16,13883.34
4478,2025-11-19 06:30:00+00:00,3030.15,3043.89,3029.04,3040.14,28755.361
4479,2025-11-19 06:35:00+00:00,3040.14,3041.0,3032.59,3033.91,17809.865
4480,2025-11-19 06:40:00+00:00,3033.9,3039.95,3033.7,3038.0,8766.138
4481,2025-11-19 06:45:00+00:00,3037.99,3039.0,3032.33,3036.96,10624.957
4482,2025-11-19 06:50:00+00:00,3036.95,3043.52,3035.81,3040.26,11931.578
4483,2025-11-19 06:55:00+00:00,3040.26,3041.26,3037.33,3039.49,5938.38
4484,2025-11-19 07:00:00+00:00,3039.5,3047.32,3037.48,3046.81,13494.975
4485,2025-11-19 07:05:00+00:00,3046.8,3052.95,3045.84,3050.15,19624.251
4486,2025-11-19 07:10:00+00:00,3050.16,3054.99,3046.66,3053.47,16113.377
4487,2025-11-19 07:15:00+00:00,3053.47,3054.55,3047.66,3049.25,11600.807
4488,2025-11-19 07:20:00+00:00,3049.25,3060.25,3047.03,3052.59,16669.032
4489,2025-11-19 07:25:00+00:00,3052.59,3055.7,3049.0,3050.09,8885.666
4490,2025-11-19 07:30:00+00:00,3050.09,3062.71,3046.02,3061.39,18787.989
4491,2025-11-19 07:35:00+00:00,3061.38,3068.98,3058.88,3065.22,22450.65
4492,2025-11-19 07:40:00+00:00,3065.22,3073.69,3063.74,3072.09,17729.52
4493,2025-11-19 07:45:00+00:00,3072.1,3086.68,3071.41,3084.46,43979.468
4494,2025-11-19 07:50:00+00:00,3084.47,3085.99,3078.66,3079.19,20170.209
4495,2025-11-19 07:55:00+00:00,3079.19,3085.73,3079.19,3083.69,15625.033
4496,2025-11-19 08:00:00+00:00,3083.69,3085.59,3081.45,3081.6,12882.01
4497,2025-11-19 08:05:00+00:00,3081.59,3083.9,3075.53,3077.07,26221.514
4498,2025-11-19 08:10:00+00:00,3077.07,3080.8,3075.88,3080.79,10936.756
4499,2025-11-19 08:15:00+00:00,3080.79,3080.79,3072.44,3073.63,17044.732
4500,2025-11-19 08:20:00+00:00,3073.63,3082.0,3071.67,3080.65,16231.668
4501,2025-11-19 08:25:00+00:00,3080.66,3099.03,3080.19,3097.36,46197.405
4502,2025-11-19 08:30:00+00:00,3097.35,3098.15,3092.46,3097.0,16082.542
4503,2025-11-19 08:35:00+00:00,3096.99,3097.0,3091.11,3095.78,17421.457
4504,2025-11-19 08:40:00+00:00,3095.78,3095.79,3083.0,3086.43,26168.931
4505,2025-11-19 08:45:00+00:00,3086.43,3089.05,3080.0,3080.53,19047.59
4506,2025-11-19 08:50:00+00:00,3080.54,3083.95,3075.07,3075.96,27320.864
4507,2025-11-19 08:55:00+00:00,3075.97,3081.79,3073.33,3079.13,14846.089
4508,2025-11-19 09:00:00+00:00,3079.12,3079.95,3055.79,3062.0,53103.063
4509,2025-11-19 09:05:00+00:00,3062.0,3064.43,3051.38,3062.01,28428.517
4510,2025-11-19 09:10:00+00:00,3062.0,3066.96,3060.0,3066.46,13440.797
4511,2025-11-19 09:15:00+00:00,3066.45,3067.24,3060.29,3064.98,11847.388
4512,2025-11-19 09:20:00+00:00,3064.98,3073.22,3056.07,3059.61,36784.919
4513,2025-11-19 09:25:00+00:00,3059.62,3063.75,3058.0,3063.65,9097.617
4514,2025-11-19 09:30:00+00:00,3063.65,3078.9,3063.6,3069.43,27558.588
4515,2025-11-19 09:35:00+00:00,3069.42,3076.99,3068.04,3074.89,10743.661
4516,2025-11-19 09:40:00+00:00,3074.88,3079.97,3072.2,3076.32,10689.275
4517,2025-11-19 09:45:00+00:00,3076.32,3077.16,3067.5,3074.17,10214.749
4518,2025-11-19 09:50:00+00:00,3074.17,3082.72,3073.14,3082.27,9383.196
4519,2025-11-19 09:55:00+00:00,3082.27,3087.45,3082.01,3087.25,13492.471
4520,2025-11-19 10:00:00+00:00,3087.25,3091.28,3082.31,3087.94,13770.355
4521,2025-11-19 10:05:00+00:00,3087.95,3112.96,3087.85,3104.09,48918.299
4522,2025-11-19 10:10:00+00:00,3104.09,3105.0,3096.93,3098.27,14504.134
4523,2025-11-19 10:15:00+00:00,3098.28,3103.33,3091.45,3093.91,13888.446
4524,2025-11-19 10:20:00+00:00,3093.9,3098.13,3090.76,3094.74,11417.622
4525,2025-11-19 10:25:00+00:00,3094.74,3101.0,3092.24,3095.92,8028.349
4526,2025-11-19 10:30:00+00:00,3095.92,3096.32,3090.01,3093.19,8933.884
4527,2025-11-19 10:35:00+00:00,3093.19,3099.0,3092.44,3096.11,4536.456
4528,2025-11-19 10:40:00+00:00,3096.1,3101.91,3095.3,3098.7,4514.653
4529,2025-11-19 10:45:00+00:00,3098.7,3098.7,3082.92,3087.07,17910.886
4530,2025-11-19 10:50:00+00:00,3087.07,3091.64,3083.84,3090.26,10042.919
4531,2025-11-19 10:55:00+00:00,3090.26,3091.05,3088.0,3091.05,4933.972
4532,2025-11-19 11:00:00+00:00,3091.04,3092.34,3088.08,3088.11,6502.602
4533,2025-11-19 11:05:00+00:00,3088.11,3097.7,3087.05,3093.81,13185.701
4534,2025-11-19 11:10:00+00:00,3093.8,3099.55,3093.37,3099.51,8563.293
4535,2025-11-19 11:15:00+00:00,3099.5,3101.52,3091.38,3095.73,10174.556
4536,2025-11-19 11:20:00+00:00,3095.73,3097.45,3090.02,3090.23,5792.46
4537,2025-11-19 11:25:00+00:00,3090.23,3092.4,3086.0,3086.08,8147.096
4538,2025-11-19 11:30:00+00:00,3086.08,3090.87,3082.52,3090.75,9324.813
4539,2025-11-19 11:35:00+00:00,3090.75,3094.0,3087.15,3092.03,6116.3
4540,2025-11-19 11:40:00+00:00,3092.02,3093.0,3090.0,3090.57,3613.714
4541,2025-11-19 11:45:00+00:00,3090.57,3092.24,3087.32,3089.86,3901.024
4542,2025-11-19 11:50:00+00:00,3089.85,3093.07,3083.7,3083.81,5765.101
4543,2025-11-19 11:55:00+00:00,3083.81,3084.33,3075.83,3082.5,15694.733
4544,2025-11-19 12:00:00+00:00,3082.5,3090.68,3079.84,3089.86,9209.509
4545,2025-11-19 12:05:00+00:00,3089.86,3094.37,3086.91,3092.77,11034.125
4546,2025-11-19 12:10:00+00:00,3092.77,3092.77,3081.62,3086.55,8188.088
4547,2025-11-19 12:15:00+00:00,3086.55,3091.22,3085.0,3085.0,6976.134
4548,2025-11-19 12:20:00+00:00,3085.0,3089.0,3080.65,3088.79,6716.059
4549,2025-11-19 12:25:00+00:00,3088.79,3094.9,3086.62,3091.19,9598.431
4550,2025-11-19 12:30:00+00:00,3091.19,3096.85,3090.73,3094.22,7756.578
4551,2025-11-19 12:35:00+00:00,3094.21,3094.62,3084.52,3088.22,8568.199
4552,2025-11-19 12:40:00+00:00,3088.22,3096.54,3087.7,3093.67,5620.895
4553,2025-11-19 12:45:00+00:00,3093.66,3098.88,3092.11,3098.6,9283.551
4554,2025-11-19 12:50:00+00:00,3098.6,3107.49,3092.94,3094.48,22703.937
4555,2025-11-19 12:55:00+00:00,3094.49,3102.66,3093.24,3099.23,9434.965
4556,2025-11-19 13:00:00+00:00,3099.23,3099.87,3090.12,3091.17,7411.445
4557,2025-11-19 13:05:00+00:00,3091.17,3094.94,3085.94,3094.4,12749.209
4558,2025-11-19 13:10:00+00:00,3094.41,3096.0,3089.67,3090.13,5648.723
4559,2025-11-19 13:15:00+00:00,3090.12,3097.7,3089.3,3094.81,5736.028
4560,2025-11-19 13:20:00+00:00,3094.82,3095.73,3083.33,3090.77,10616.085
4561,2025-11-19 13:25:00+00:00,3090.78,3094.89,3090.28,3093.38,5159.528
4562,2025-11-19 13:30:00+00:00,3093.38,3096.68,3081.3,3082.2,11272.598
4563,2025-11-19 13:35:00+00:00,3082.2,3084.26,3070.0,3072.93,35668.864
4564,2025-11-19 13:40:00+00:00,3072.93,3079.22,3068.05,3075.8,16193.939
4565,2025-11-19 13:45:00+00:00,3075.8,3079.16,3069.28,3070.0,16383.548
4566,2025-11-19 13:50:00+00:00,3070.0,3076.99,3055.48,3062.21,48495.385
4567,2025-11-19 13:55:00+00:00,3062.2,3070.0,3060.74,3065.8,17396.71
4568,2025-11-19 14:00:00+00:00,3065.79,3068.45,3052.12,3053.51,34337.347
4569,2025-11-19 14:05:00+00:00,3053.5,3058.24,3042.0,3047.0,54326.924
4570,2025-11-19 14:10:00+00:00,3047.01,3063.75,3047.0,3060.73,33372.298
4571,2025-11-19 14:15:00+00:00,3060.73,3063.87,3042.11,3043.03,36798.55
4572,2025-11-19 14:20:00+00:00,3043.02,3047.58,3029.45,3032.48,55232.374
4573,2025-11-19 14:25:00+00:00,3032.48,3034.26,3021.76,3026.02,70360.942
4574,2025-11-19 14:30:00+00:00,3026.03,3058.5,3022.15,3047.48,79628.504
4575,2025-11-19 14:35:00+00:00,3047.48,3057.17,3031.97,3044.75,60086.7
4576,2025-11-19 14:40:00+00:00,3044.76,3062.6,3037.3,3059.71,34491.875
4577,2025-11-19 14:45:00+00:00,3059.71,3067.29,3052.92,3059.53,39461.513
4578,2025-11-19 14:50:00+00:00,3059.53,3062.7,3046.41,3055.61,28517.731
4579,2025-11-19 14:55:00+00:00,3055.61,3060.0,3043.6,3058.99,24330.768
4580,2025-11-19 15:00:00+00:00,3059.0,3080.48,3057.22,3077.98,58739.624
4581,2025-11-19 15:05:00+00:00,3077.98,3104.96,3076.0,3097.86,73918.651
4582,2025-11-19 15:10:00+00:00,3097.85,3099.0,3083.23,3084.99,35904.514
4583,2025-11-19 15:15:00+00:00,3084.99,3095.0,3067.65,3068.13,45985.652
4584,2025-11-19 15:20:00+00:00,3068.14,3068.14,3027.3,3040.44,113412.397
4585,2025-11-19 15:25:00+00:00,3040.44,3040.45,3024.97,3033.32,55954.886
4586,2025-11-19 15:30:00+00:00,3033.32,3035.41,3005.03,3005.29,106336.158
4587,2025-11-19 15:35:00+00:00,3005.29,3007.83,2995.0,2999.28,76384.478
4588,2025-11-19 15:40:00+00:00,2999.28,3010.95,2992.6,3001.88,58029.619
4589,2025-11-19 15:45:00+00:00,3001.88,3002.07,2982.0,2982.71,82417.594
4590,2025-11-19 15:50:00+00:00,2982.71,2986.44,2967.02,2981.59,85040.851
4591,2025-11-19 15:55:00+00:00,2981.59,2981.79,2966.0,2971.58,60268.657
4592,2025-11-19 16:00:00+00:00,2971.57,2985.54,2968.75,2973.23,75575.059
4593,2025-11-19 16:05:00+00:00,2973.23,2985.43,2966.6,2969.36,61643.881
4594,2025-11-19 16:10:00+00:00,2969.36,2984.86,2961.85,2978.43,44435.558
4595,2025-11-19 16:15:00+00:00,2978.42,2984.91,2956.48,2960.31,59276.315
4596,2025-11-19 16:20:00+00:00,2960.31,2973.34,2956.47,2958.46,38500.619
4597,2025-11-19 16:25:00+00:00,2958.46,2965.27,2953.67,2959.49,36809.374
4598,2025-11-19 16:30:00+00:00,2959.48,2965.11,2950.0,2950.0,48235.62
4599,2025-11-19 16:35:00+00:00,2950.01,2955.38,2935.5,2948.33,105654.514
4600,2025-11-19 16:40:00+00:00,2948.34,2966.45,2943.46,2952.37,66480.434
4601,2025-11-19 16:45:00+00:00,2952.36,2956.25,2938.21,2940.27,45466.378
4602,2025-11-19 16:50:00+00:00,2940.27,2948.65,2935.03,2941.71,29166.041
4603,2025-11-19 16:55:00+00:00,2941.7,2949.54,2936.09,2948.87,27302.852
4604,2025-11-19 17:00:00+00:00,2948.87,2960.12,2926.6,2929.68,77772.572
4605,2025-11-19 17:05:00+00:00,2929.67,2939.25,2926.57,2929.17,42453.17
4606,2025-11-19 17:10:00+00:00,2929.17,2931.07,2916.73,2921.88,62828.435
4607,2025-11-19 17:15:00+00:00,2921.88,2927.53,2912.0,2913.61,43405.754
4608,2025-11-19 17:20:00+00:00,2913.61,2932.5,2911.0,2925.13,42488.342
4609,2025-11-19 17:25:00+00:00,2925.12,2936.0,2922.3,2933.72,27346.29
4610,2025-11-19 17:30:00+00:00,2933.72,2933.72,2912.31,2915.11,45012.575
4611,2025-11-19 17:35:00+00:00,2915.11,2915.71,2895.0,2909.01,103523.167
4612,2025-11-19 17:40:00+00:00,2909.01,2937.25,2902.55,2926.35,60034.24
4613,2025-11-19 17:45:00+00:00,2926.35,2928.7,2903.87,2917.78,57924.667
4614,2025-11-19 17:50:00+00:00,2917.77,2926.84,2909.39,2911.8,34494.228
4615,2025-11-19 17:55:00+00:00,2911.79,2923.6,2909.3,2921.19,27053.973
4616,2025-11-19 18:00:00+00:00,2921.19,2921.19,2905.2,2910.73,38363.321
4617,2025-11-19 18:05:00+00:00,2910.73,2917.93,2901.01,2909.98,41022.79
4618,2025-11-19 18:10:00+00:00,2909.99,2927.85,2904.3,2921.92,41585.32
4619,2025-11-19 18:15:00+00:00,2921.93,2924.16,2891.75,2893.32,72337.807
4620,2025-11-19 18:20:00+00:00,2893.33,2901.07,2881.42,2884.59,106008.674
4621,2025-11-19 18:25:00+00:00,2884.59,2889.49,2880.05,2887.33,65199.273
4622,2025-11-19 18:30:00+00:00,2887.33,2896.74,2883.22,2895.22,41274.855
4623,2025-11-19 18:35:00+00:00,2895.21,2899.0,2886.09,2888.8,31192.372
4624,2025-11-19 18:40:00+00:00,2888.8,2889.01,2880.6,2882.37,23634.82
4625,2025-11-19 18:45:00+00:00,2882.36,2890.2,2880.0,2888.06,29066.745
4626,2025-11-19 18:50:00+00:00,2888.06,2897.5,2883.36,2887.77,26115.316
4627,2025-11-19 18:55:00+00:00,2887.78,2901.6,2886.0,2898.46,45422.109
4628,2025-11-19 19:00:00+00:00,2898.46,2899.47,2888.15,2894.95,26921.501
4629,2025-11-19 19:05:00+00:00,2894.94,2904.8,2888.47,2900.27,35075.511
4630,2025-11-19 19:10:00+00:00,2900.28,2900.44,2884.0,2890.09,19794.495
4631,2025-11-19 19:15:00+00:00,2890.09,2891.0,2878.4,2886.58,35611.037
4632,2025-11-19 19:20:00+00:00,2886.58,2886.88,2875.0,2878.26,70492.196
4633,2025-11-19 19:25:00+00:00,2878.25,2881.9,2874.08,2881.21,31281.146
4634,2025-11-19 19:30:00+00:00,2881.21,2883.88,2877.14,2879.13,16030.945
4635,2025-11-19 19:35:00+00:00,2879.14,2881.48,2874.0,2874.0,25633.404
4636,2025-11-19 19:40:00+00:00,2874.0,2881.5,2873.0,2875.59,26141.35
4637,2025-11-19 19:45:00+00:00,2875.58,2879.36,2873.14,2879.31,17322.657
4638,2025-11-19 19:50:00+00:00,2879.32,2889.9,2877.13,2886.98,36040.604
4639,2025-11-19 19:55:00+00:00,2886.99,2890.0,2876.41,2880.79,27241.985
4640,2025-11-19 20:00:00+00:00,2880.79,2887.58,2874.3,2874.83,18767.737
4641,2025-11-19 20:05:00+00:00,2874.84,2878.92,2874.0,2875.08,13123.273
4642,2025-11-19 20:10:00+00:00,2875.08,2885.92,2873.63,2883.9,18970.286
4643,2025-11-19 20:15:00+00:00,2883.89,2896.7,2880.39,2892.8,32393.17
4644,2025-11-19 20:20:00+00:00,2892.81,2907.2,2892.81,2906.52,55795.558
4645,2025-11-19 20:25:00+00:00,2906.52,2917.99,2905.69,2917.99,51767.735
4646,2025-11-19 20:30:00+00:00,2917.98,2921.72,2906.0,2918.84,48618.024
4647,2025-11-19 20:35:00+00:00,2918.84,2930.0,2916.95,2919.29,37750.639
4648,2025-11-19 20:40:00+00:00,2919.29,2920.0,2906.17,2913.81,22018.118
4649,2025-11-19 20:45:00+00:00,2913.81,2921.88,2906.29,2918.09,16951.342
4650,2025-11-19 20:50:00+00:00,2918.09,2936.8,2916.75,2936.57,31272.972
4651,2025-11-19 20:55:00+00:00,2936.57,2956.65,2935.4,2944.08,98178.422
4652,2025-11-19 21:00:00+00:00,2944.09,2952.59,2937.52,2949.39,25782.871
4653,2025-11-19 21:05:00+00:00,2949.39,2962.0,2947.89,2951.7,45887.446
4654,2025-11-19 21:10:00+00:00,2951.71,2952.9,2942.27,2947.16,26607.328
4655,2025-11-19 21:15:00+00:00,2947.16,2960.53,2946.36,2953.22,30642.039
4656,2025-11-19 21:20:00+00:00,2953.21,3000.75,2953.21,2990.21,201480.664
4657,2025-11-19 21:25:00+00:00,2990.22,2991.19,2962.85,2968.82,65004.586
4658,2025-11-19 21:30:00+00:00,2968.81,2994.84,2967.69,2988.96,35755.424
4659,2025-11-19 21:35:00+00:00,2988.97,2994.55,2978.68,2984.7,24196.252
4660,2025-11-19 21:40:00+00:00,2984.71,2991.1,2976.22,2991.05,15440.364
4661,2025-11-19 21:45:00+00:00,2991.03,2995.95,2982.15,2982.15,22848.343
4662,2025-11-19 21:50:00+00:00,2982.15,2992.33,2981.63,2990.19,11220.021
4663,2025-11-19 21:55:00+00:00,2990.19,2994.32,2988.48,2990.32,17536.095
4664,2025-11-19 22:00:00+00:00,2990.32,2991.0,2968.41,2977.32,28043.488
4665,2025-11-19 22:05:00+00:00,2977.33,2982.96,2971.3,2977.39,16263.274
4666,2025-11-19 22:10:00+00:00,2977.4,2978.19,2964.55,2966.89,14827.296
4667,2025-11-19 22:15:00+00:00,2966.89,2974.86,2964.3,2969.18,11365.06
4668,2025-11-19 22:20:00+00:00,2969.19,2969.8,2951.93,2963.56,24211.037
4669,2025-11-19 22:25:00+00:00,2963.57,2984.0,2961.74,2981.26,18732.429
4670,2025-11-19 22:30:00+00:00,2981.26,2984.3,2975.0,2977.31,12388.599
4671,2025-11-19 22:35:00+00:00,2977.31,2977.83,2971.96,2974.49,7562.03
4672,2025-11-19 22:40:00+00:00,2974.49,2981.0,2973.1,2978.0,4789.773
4673,2025-11-19 22:45:00+00:00,2978.01,2981.19,2972.0,2979.33,6486.075
4674,2025-11-19 22:50:00+00:00,2979.34,2985.0,2975.82,2982.72,6074.329
4675,2025-11-19 22:55:00+00:00,2982.71,2987.98,2980.41,2983.26,7200.371
4676,2025-11-19 23:00:00+00:00,2983.25,2994.4,2983.1,2992.8,14289.28
4677,2025-11-19 23:05:00+00:00,2992.8,3021.42,2992.8,3020.0,62530.147
4678,2025-11-19 23:10:00+00:00,3020.0,3023.62,3008.37,3016.18,33209.477
4679,2025-11-19 23:15:00+00:00,3016.18,3022.8,3011.77,3013.85,31197.513
4680,2025-11-19 23:20:00+00:00,3013.85,3019.9,3013.0,3015.62,27068.17
4681,2025-11-19 23:25:00+00:00,3015.63,3018.17,3011.02,3011.89,8979.228
4682,2025-11-19 23:30:00+00:00,3011.89,3015.77,3007.55,3011.17,19057.207
4683,2025-11-19 23:35:00+00:00,3011.17,3023.0,3011.17,3018.9,19789.054
4684,2025-11-19 23:40:00+00:00,3018.89,3019.92,3009.63,3011.47,9571.445
4685,2025-11-19 23:45:00+00:00,3011.46,3016.2,3010.68,3014.74,4925.937
4686,2025-11-19 23:50:00+00:00,3014.74,3020.5,3012.65,3019.67,8135.072
4687,2025-11-19 23:55:00+00:00,3019.68,3026.57,3019.41,3024.09,19840.891
4688,2025-11-20 00:00:00+00:00,3024.08,3024.34,3011.85,3015.49,17090.316
4689,2025-11-20 00:05:00+00:00,3015.49,3015.49,3003.41,3008.93,16116.451
4690,2025-11-20 00:10:00+00:00,3008.94,3015.4,3006.98,3014.26,7925.611
4691,2025-11-20 00:15:00+00:00,3014.26,3030.0,3013.48,3029.06,22917.612
4692,2025-11-20 00:20:00+00:00,3029.07,3038.91,3026.1,3036.55,25912.881
4693,2025-11-20 00:25:00+00:00,3036.56,3041.56,3032.16,3035.52,21396.931
4694,2025-11-20 00:30:00+00:00,3035.53,3042.0,3035.53,3036.77,18028.371
4695,2025-11-20 00:35:00+00:00,3036.77,3047.75,3035.0,3037.07,29233.776
4696,2025-11-20 00:40:00+00:00,3037.07,3041.33,3033.32,3040.54,10373.358
4697,2025-11-20 00:45:00+00:00,3040.55,3045.79,3037.79,3038.48,13801.23
4698,2025-11-20 00:50:00+00:00,3038.48,3038.48,3018.9,3020.64,66832.729
4699,2025-11-20 00:55:00+00:00,3020.63,3023.73,3016.52,3017.72,24626.769
4700,2025-11-20 01:00:00+00:00,3017.73,3026.0,3017.33,3025.2,20606.37
4701,2025-11-20 01:05:00+00:00,3025.2,3038.42,3025.19,3035.09,24943.921
4702,2025-11-20 01:10:00+00:00,3035.09,3039.11,3031.0,3033.27,14591.405
4703,2025-11-20 01:15:00+00:00,3033.28,3038.77,3030.25,3038.77,9438.721
4704,2025-11-20 01:20:00+00:00,3038.76,3041.0,3027.77,3031.25,16058.819
4705,2025-11-20 01:25:00+00:00,3031.26,3034.31,3024.09,3027.53,11112.492
4706,2025-11-20 01:30:00+00:00,3027.53,3040.51,3027.53,3040.17,13140.448
4707,2025-11-20 01:35:00+00:00,3040.16,3042.62,3035.46,3038.88,17600.606
4708,2025-11-20 01:40:00+00:00,3038.89,3040.72,3033.93,3039.66,9323.423
4709,2025-11-20 01:45:00+00:00,3039.65,3043.38,3036.47,3039.86,13270.052
4710,2025-11-20 01:50:00+00:00,3039.87,3049.82,3039.3,3047.36,19379.894
4711,2025-11-20 01:55:00+00:00,3047.37,3049.3,3042.85,3046.46,8775.373
4712,2025-11-20 02:00:00+00:00,3046.46,3050.55,3041.3,3047.61,16130.562
4713,2025-11-20 02:05:00+00:00,3047.61,3057.0,3035.65,3038.68,40854.949
4714,2025-11-20 02:10:00+00:00,3038.69,3043.65,3028.25,3042.0,34256.702
4715,2025-11-20 02:15:00+00:00,3042.0,3045.59,3036.09,3037.75,11179.736
4716,2025-11-20 02:20:00+00:00,3037.75,3037.75,3030.0,3032.13,17662.05
4717,2025-11-20 02:25:00+00:00,3032.13,3036.5,3031.52,3032.86,7177.674
4718,2025-11-20 02:30:00+00:00,3032.87,3040.0,3032.64,3039.54,11291.557
4719,2025-11-20 02:35:00+00:00,3039.54,3040.7,3034.45,3036.32,8164.665
4720,2025-11-20 02:40:00+00:00,3036.33,3042.05,3029.49,3033.61,15150.318
4721,2025-11-20 02:45:00+00:00,3033.61,3038.87,3028.72,3037.74,13535.782
4722,2025-11-20 02:50:00+00:00,3037.74,3046.74,3037.25,3044.96,13291.382
4723,2025-11-20 02:55:00+00:00,3044.96,3046.71,3040.94,3042.59,8532.353
4724,2025-11-20 03:00:00+00:00,3042.6,3047.4,3042.6,3046.25,7172.84
4725,2025-11-20 03:05:00+00:00,3046.26,3048.32,3040.48,3041.79,8659.878
4726,2025-11-20 03:10:00+00:00,3041.8,3045.78,3039.46,3043.44,11035.712
4727,2025-11-20 03:15:00+00:00,3043.44,3048.72,3043.0,3048.72,11431.523
4728,2025-11-20 03:20:00+00:00,3048.72,3052.22,3047.92,3049.67,9486.343
4729,2025-11-20 03:25:00+00:00,3049.67,3050.49,3036.03,3036.69,11436.142
4730,2025-11-20 03:30:00+00:00,3036.7,3049.0,3035.77,3048.99,15287.957
4731,2025-11-20 03:35:00+00:00,3048.99,3050.71,3039.37,3041.42,9526.547
4732,2025-11-20 03:40:00+00:00,3041.41,3047.17,3040.41,3042.29,7025.757
4733,2025-11-20 03:45:00+00:00,3042.29,3044.57,3039.06,3043.91,6244.55
4734,2025-11-20 03:50:00+00:00,3043.91,3045.5,3038.06,3038.15,11668.255
4735,2025-11-20 03:55:00+00:00,3038.14,3039.26,3035.64,3037.83,10526.88
4736,2025-11-20 04:00:00+00:00,3037.84,3040.64,3032.46,3034.49,13199.168
4737,2025-11-20 04:05:00+00:00,3034.5,3035.79,3026.02,3028.19,27376.915
4738,2025-11-20 04:10:00+00:00,3028.2,3034.66,3027.7,3029.27,14746.866
4739,2025-11-20 04:15:00+00:00,3029.27,3029.28,3017.09,3017.59,45455.115
4740,2025-11-20 04:20:00+00:00,3017.59,3026.21,3016.71,3016.71,23846.884
4741,2025-11-20 04:25:00+00:00,3016.72,3021.52,3015.6,3018.61,13479.908
4742,2025-11-20 04:30:00+00:00,3018.6,3023.62,3018.6,3021.71,7114.648
4743,2025-11-20 04:35:00+00:00,3021.71,3024.34,3016.39,3020.4,10152.312
4744,2025-11-20 04:40:00+00:00,3020.4,3027.28,3019.56,3025.64,11305.592
4745,2025-11-20 04:45:00+00:00,3025.65,3034.41,3025.64,3033.56,16276.418
4746,2025-11-20 04:50:00+00:00,3033.55,3042.41,3033.55,3040.48,20844.196
4747,2025-11-20 04:55:00+00:00,3040.48,3054.25,3040.19,3052.92,35821.711
4748,2025-11-20 05:00:00+00:00,3052.91,3054.53,3047.48,3049.18,21419.834
4749,2025-11-20 05:05:00+00:00,3049.19,3063.0,3048.08,3050.21,35953.122
4750,2025-11-20 05:10:00+00:00,3050.21,3051.36,3046.19,3048.34,17550.07
4751,2025-11-20 05:15:00+00:00,3048.35,3049.18,3041.25,3042.76,23017.059
4752,2025-11-20 05:20:00+00:00,3042.77,3046.5,3040.3,3040.49,16009.497
4753,2025-11-20 05:25:00+00:00,3040.48,3042.39,3035.71,3036.44,12962.088
4754,2025-11-20 05:30:00+00:00,3036.44,3037.3,3031.52,3036.86,11977.433
4755,2025-11-20 05:35:00+00:00,3036.87,3038.82,3031.48,3038.01,6918.477
4756,2025-11-20 05:40:00+00:00,3038.0,3039.0,3035.57,3036.12,5644.919
4757,2025-11-20 05:45:00+00:00,3036.12,3043.81,3035.26,3038.89,10814.508
4758,2025-11-20 05:50:00+00:00,3038.88,3041.1,3037.64,3040.91,6243.022
4759,2025-11-20 05:55:00+00:00,3040.9,3042.69,3033.07,3034.08,6740.997
4760,2025-11-20 06:00:00+00:00,3034.07,3037.68,3033.06,3034.76,5685.357
4761,2025-11-20 06:05:00+00:00,3034.77,3040.7,3033.35,3038.25,5467.723
4762,2025-11-20 06:10:00+00:00,3038.25,3041.5,3035.0,3035.88,3355.989
4763,2025-11-20 06:15:00+00:00,3035.88,3035.88,3031.0,3034.64,6586.003
4764,2025-11-20 06:20:00+00:00,3034.65,3034.65,3024.56,3025.22,14200.305
4765,2025-11-20 06:25:00+00:00,3025.21,3028.83,3024.12,3027.38,10244.708
4766,2025-11-20 06:30:00+00:00,3027.38,3029.4,3023.56,3023.93,8849.965
4767,2025-11-20 06:35:00+00:00,3023.94,3024.06,3020.42,3023.56,14969.757
4768,2025-11-20 06:40:00+00:00,3023.57,3025.09,3010.3,3012.11,35787.398
4769,2025-11-20 06:45:00+00:00,3012.1,3017.0,3012.1,3014.37,17264.746
4770,2025-11-20 06:50:00+00:00,3014.37,3014.37,3005.69,3011.75,27974.308
4771,2025-11-20 06:55:00+00:00,3011.75,3020.55,3011.75,3019.64,16085.405
4772,2025-11-20 07:00:00+00:00,3019.63,3021.89,3013.9,3018.83,9795.203
4773,2025-11-20 07:05:00+00:00,3018.83,3026.86,3018.83,3024.4,10822.664
4774,2025-11-20 07:10:00+00:00,3024.41,3031.18,3022.14,3031.18,14457.181
4775,2025-11-20 07:15:00+00:00,3031.18,3032.26,3024.46,3028.38,11701.314
4776,2025-11-20 07:20:00+00:00,3028.38,3029.76,3019.24,3020.39,8411.992
4777,2025-11-20 07:25:00+00:00,3020.39,3029.31,3020.38,3026.6,8452.45
4778,2025-11-20 07:30:00+00:00,3026.61,3030.64,3024.73,3029.57,7868.019
4779,2025-11-20 07:35:00+00:00,3029.57,3034.66,3024.71,3032.45,10237.597
4780,2025-11-20 07:40:00+00:00,3032.45,3037.72,3029.99,3032.22,11325.252
4781,2025-11-20 07:45:00+00:00,3032.23,3039.5,3031.58,3039.02,14690.22
4782,2025-11-20 07:50:00+00:00,3039.03,3042.0,3036.72,3040.68,11989.727
4783,2025-11-20 07:55:00+00:00,3040.68,3043.12,3036.71,3038.09,7135.248
4784,2025-11-20 08:00:00+00:00,3038.1,3039.41,3032.62,3034.77,10858.935
4785,2025-11-20 08:05:00+00:00,3034.78,3043.68,3034.27,3039.92,9834.182
4786,2025-11-20 08:10:00+00:00,3039.93,3039.93,3026.08,3026.73,13841.75
4787,2025-11-20 08:15:00+00:00,3026.74,3035.25,3021.5,3034.57,18546.986
4788,2025-11-20 08:20:00+00:00,3034.58,3039.78,3031.13,3031.26,8102.322
4789,2025-11-20 08:25:00+00:00,3031.27,3036.0,3029.18,3034.79,5211.666
4790,2025-11-20 08:30:00+00:00,3034.79,3035.66,3028.59,3033.74,4856.688
4791,2025-11-20 08:35:00+00:00,3033.74,3038.2,3033.34,3033.76,4546.204
4792,2025-11-20 08:40:00+00:00,3033.76,3035.32,3030.71,3033.42,6352.911
4793,2025-11-20 08:45:00+00:00,3033.43,3037.41,3031.88,3033.55,4543.118
4794,2025-11-20 08:50:00+00:00,3033.54,3033.55,3030.14,3032.14,3553.861
4795,2025-11-20 08:55:00+00:00,3032.13,3032.25,3027.0,3029.33,7663.359
4796,2025-11-20 09:00:00+00:00,3029.33,3031.14,3024.01,3024.49,7394.864
4797,2025-11-20 09:05:00+00:00,3024.49,3029.77,3024.11,3028.85,7908.812
4798,2025-11-20 09:10:00+00:00,3028.84,3032.97,3028.65,3029.82,4069.68
4799,2025-11-20 09:15:00+00:00,3029.82,3029.88,3020.89,3021.94,8366.442
4800,2025-11-20 09:20:00+00:00,3021.94,3023.27,3015.73,3019.37,13718.212
4801,2025-11-20 09:25:00+00:00,3019.37,3019.48,3010.61,3012.77,14704.874
4802,2025-11-20 09:30:00+00:00,3012.77,3016.17,3011.17,3015.68,12837.711
4803,2025-11-20 09:35:00+00:00,3015.68,3015.68,3010.0,3010.88,8724.983
4804,2025-11-20 09:40:00+00:00,3010.88,3011.49,3007.44,3009.95,15796.704
4805,2025-11-20 09:45:00+00:00,3009.96,3010.79,2990.47,2999.86,63920.755
4806,2025-11-20 09:50:00+00:00,2999.85,3012.82,2999.17,3008.06,24067.761
4807,2025-11-20 09:55:00+00:00,3008.06,3011.48,3007.76,3010.06,10523.573
4808,2025-11-20 10:00:00+00:00,3010.06,3012.4,3000.81,3005.07,15459.783
4809,2025-11-20 10:05:00+00:00,3005.07,3005.77,2992.0,2995.0,24743.083
4810,2025-11-20 10:10:00+00:00,2995.0,2999.35,2992.69,2998.01,18311.258
4811,2025-11-20 10:15:00+00:00,2998.01,3005.79,2997.64,3005.69,14618.243
4812,2025-11-20 10:20:00+00:00,3005.69,3007.97,3002.44,3003.42,9492.048
4813,2025-11-20 10:25:00+00:00,3003.42,3018.0,3002.64,3016.1,22473.764
4814,2025-11-20 10:30:00+00:00,3016.11,3019.6,3011.11,3011.22,13534.7
4815,2025-11-20 10:35:00+00:00,3011.22,3015.06,3006.35,3006.35,11168.661
4816,2025-11-20 10:40:00+00:00,3006.35,3008.95,3005.19,3007.92,4697.028
4817,2025-11-20 10:45:00+00:00,3007.92,3008.99,3005.24,3008.05,6897.983
4818,2025-11-20 10:50:00+00:00,3008.05,3013.03,3007.65,3011.81,8560.285
4819,2025-11-20 10:55:00+00:00,3011.81,3015.0,3010.35,3014.1,4907.356
4820,2025-11-20 11:00:00+00:00,3014.11,3016.15,3012.15,3012.43,5726.625
4821,2025-11-20 11:05:00+00:00,3012.42,3012.42,3006.46,3011.54,8401.716
4822,2025-11-20 11:10:00+00:00,3011.54,3015.79,3010.0,3011.95,4207.27
4823,2025-11-20 11:15:00+00:00,3011.95,3016.5,3006.96,3015.29,5214.521
4824,2025-11-20 11:20:00+00:00,3015.3,3015.79,3007.1,3009.01,4660.969
4825,2025-11-20 11:25:00+00:00,3009.01,3009.49,3000.67,3003.57,12989.226
4826,2025-11-20 11:30:00+00:00,3003.57,3007.32,3003.3,3006.49,5366.255
4827,2025-11-20 11:35:00+00:00,3006.49,3015.86,3006.49,3015.49,11735.073
4828,2025-11-20 11:40:00+00:00,3015.48,3023.16,3013.86,3018.14,17166.88
4829,2025-11-20 11:45:00+00:00,3018.15,3020.27,3016.0,3017.68,7443.317
4830,2025-11-20 11:50:00+00:00,3017.67,3026.33,3016.36,3022.09,14819.389
4831,2025-11-20 11:55:00+00:00,3022.09,3025.45,3021.05,3022.13,9649.104
4832,2025-11-20 12:00:00+00:00,3022.14,3023.26,3018.6,3021.0,7523.148
4833,2025-11-20 12:05:00+00:00,3021.0,3024.46,3018.27,3022.54,6381.965
4834,2025-11-20 12:10:00+00:00,3022.54,3025.92,3009.99,3011.1,14012.106
4835,2025-11-20 12:15:00+00:00,3011.1,3018.97,3009.0,3016.9,10610.278
4836,2025-11-20 12:20:00+00:00,3016.9,3020.91,3014.78,3019.71,5005.486
4837,2025-11-20 12:25:00+00:00,3019.72,3021.0,3016.29,3018.59,5312.267
4838,2025-11-20 12:30:00+00:00,3018.59,3027.9,3017.38,3025.33,10917.851
4839,2025-11-20 12:35:00+00:00,3025.33,3028.56,3019.93,3024.86,10966.104
4840,2025-11-20 12:40:00+00:00,3024.87,3025.39,3013.38,3016.5,9078.343
4841,2025-11-20 12:45:00+00:00,3016.51,3027.0,3016.0,3026.99,8679.379
4842,2025-11-20 12:50:00+00:00,3027.0,3031.59,3024.0,3030.46,17338.027
4843,2025-11-20 12:55:00+00:00,3030.46,3031.59,3026.12,3027.4,12504.874
4844,2025-11-20 13:00:00+00:00,3027.41,3030.88,3020.68,3022.4,10891.192
4845,2025-11-20 13:05:00+00:00,3022.4,3029.72,3022.39,3026.48,7513.111
4846,2025-11-20 13:10:00+00:00,3026.49,3037.72,3026.18,3034.99,18712.089
4847,2025-11-20 13:15:00+00:00,3034.99,3036.15,3022.0,3022.38,17944.82
4848,2025-11-20 13:20:00+00:00,3022.38,3026.87,3012.95,3015.33,30830.419
4849,2025-11-20 13:25:00+00:00,3015.34,3027.23,3015.0,3021.7,21954.425
4850,2025-11-20 13:30:00+00:00,3021.7,3048.0,3015.0,3017.01,93343.055
4851,2025-11-20 13:35:00+00:00,3017.01,3023.3,3003.77,3020.74,55385.051
4852,2025-11-20 13:40:00+00:00,3020.74,3021.18,2996.7,3000.34,49249.849
4853,2025-11-20 13:45:00+00:00,3000.35,3009.24,2994.67,3008.47,41854.615
4854,2025-11-20 13:50:00+00:00,3008.48,3021.8,3005.0,3012.97,31659.765
4855,2025-11-20 13:55:00+00:00,3012.98,3014.1,2998.0,2998.62,25030.604
4856,2025-11-20 14:00:00+00:00,2998.62,2999.76,2980.01,2980.99,83981.01
4857,2025-11-20 14:05:00+00:00,2981.0,2985.88,2962.45,2965.72,114806.83
4858,2025-11-20 14:10:00+00:00,2965.73,2974.43,2962.78,2968.59,43255.949
4859,2025-11-20 14:15:00+00:00,2968.59,3008.49,2966.41,2996.69,73931.158
4860,2025-11-20 14:20:00+00:00,2996.69,3010.99,2996.48,3003.95,44439.956
4861,2025-11-20 14:25:00+00:00,3003.95,3018.0,2999.81,3012.19,44183.799
4862,2025-11-20 14:30:00+00:00,3012.18,3021.32,2996.13,2998.54,62131.485
4863,2025-11-20 14:35:00+00:00,2998.55,3012.15,2991.02,2993.67,45710.276
4864,2025-11-20 14:40:00+00:00,2993.66,2999.53,2975.43,2991.93,93164.418
4865,2025-11-20 14:45:00+00:00,2991.94,3004.5,2985.29,2987.84,36583.627
4866,2025-11-20 14:50:00+00:00,2987.84,3002.65,2984.04,3000.64,30297.89
4867,2025-11-20 14:55:00+00:00,3000.64,3009.8,2998.01,2999.42,21963.761
4868,2025-11-20 15:00:00+00:00,2999.43,3002.36,2980.48,2984.43,33141.139
4869,2025-11-20 15:05:00+00:00,2984.42,2986.82,2960.01,2979.99,93833.671
4870,2025-11-20 15:10:00+00:00,2979.99,2988.2,2968.32,2971.85,23857.644
4871,2025-11-20 15:15:00+00:00,2971.86,2981.85,2962.5,2975.61,32998.087
4872,2025-11-20 15:20:00+00:00,2975.62,2998.52,2971.2,2994.09,40276.768
4873,2025-11-20 15:25:00+00:00,2994.09,2994.93,2980.29,2986.6,20433.93
4874,2025-11-20 15:30:00+00:00,2986.6,2993.71,2974.35,2975.92,22094.836
4875,2025-11-20 15:35:00+00:00,2975.91,2995.82,2973.07,2982.88,32586.043
4876,2025-11-20 15:40:00+00:00,2982.87,2988.1,2977.08,2986.34,14266.732
4877,2025-11-20 15:45:00+00:00,2986.33,2987.62,2968.0,2976.03,29022.622
4878,2025-11-20 15:50:00+00:00,2976.02,2977.41,2967.04,2973.88,32026.821
4879,2025-11-20 15:55:00+00:00,2973.87,2979.25,2950.0,2954.53,66174.354
4880,2025-11-20 16:00:00+00:00,2954.52,2960.11,2933.01,2939.49,126791.22
4881,2025-11-20 16:05:00+00:00,2939.49,2941.24,2908.9,2917.85,229685.4
4882,2025-11-20 16:10:00+00:00,2917.84,2924.37,2885.58,2897.5,181940.833
4883,2025-11-20 16:15:00+00:00,2897.5,2910.39,2888.0,2899.61,134281.012
4884,2025-11-20 16:20:00+00:00,2899.61,2906.56,2881.83,2898.97,99510.203
4885,2025-11-20 16:25:00+00:00,2898.96,2917.2,2887.82,2888.82,122640.851
4886,2025-11-20 16:30:00+00:00,2888.81,2897.61,2881.12,2889.46,71703.722
4887,2025-11-20 16:35:00+00:00,2889.46,2890.67,2870.0,2880.85,106054.026
4888,2025-11-20 16:40:00+00:00,2880.87,2880.89,2865.2,2867.29,68639.435
4889,2025-11-20 16:45:00+00:00,2867.3,2873.1,2852.01,2857.43,89296.574
4890,2025-11-20 16:50:00+00:00,2857.44,2874.31,2850.61,2851.5,101988.898
4891,2025-11-20 16:55:00+00:00,2851.49,2862.18,2846.0,2861.21,83682.301
4892,2025-11-20 17:00:00+00:00,2861.21,2872.61,2841.0,2843.86,114091.275
4893,2025-11-20 17:05:00+00:00,2843.87,2848.0,2820.19,2833.5,148261.888
4894,2025-11-20 17:10:00+00:00,2833.5,2833.93,2805.55,2817.88,149165.9
4895,2025-11-20 17:15:00+00:00,2817.88,2823.56,2807.51,2813.56,80541.548
4896,2025-11-20 17:20:00+00:00,2813.57,2833.6,2809.81,2818.21,88173.409
4897,2025-11-20 17:25:00+00:00,2818.2,2832.62,2810.11,2825.21,59960.957
4898,2025-11-20 17:30:00+00:00,2825.21,2833.99,2816.08,2824.71,65594.64
4899,2025-11-20 17:35:00+00:00,2824.66,2844.06,2815.58,2834.62,73048.681
4900,2025-11-20 17:40:00+00:00,2834.61,2837.15,2819.01,2819.96,55295.015
4901,2025-11-20 17:45:00+00:00,2819.94,2826.97,2812.68,2818.93,50129.667
4902,2025-11-20 17:50:00+00:00,2818.92,2834.91,2813.82,2827.85,66578.938
4903,2025-11-20 17:55:00+00:00,2827.86,2839.34,2825.43,2832.16,38038.024
4904,2025-11-20 18:00:00+00:00,2832.16,2832.16,2811.39,2822.18,69029.074
4905,2025-11-20 18:05:00+00:00,2822.18,2846.0,2821.0,2844.19,64259.327
4906,2025-11-20 18:10:00+00:00,2844.18,2857.98,2840.67,2856.91,77175.638
4907,2025-11-20 18:15:00+00:00,2856.9,2858.98,2835.98,2840.32,53159.467
4908,2025-11-20 18:20:00+00:00,2840.31,2848.31,2823.43,2825.9,50790.946
4909,2025-11-20 18:25:00+00:00,2825.9,2827.0,2819.57,2822.82,31152.222
4910,2025-11-20 18:30:00+00:00,2822.81,2827.85,2816.01,2827.11,29602.019
4911,2025-11-20 18:35:00+00:00,2827.12,2827.55,2818.92,2822.49,18636.095
4912,2025-11-20 18:40:00+00:00,2822.49,2830.0,2818.35,2821.48,23729.728
4913,2025-11-20 18:45:00+00:00,2821.49,2822.89,2815.83,2819.19,38796.031
4914,2025-11-20 18:50:00+00:00,2819.2,2819.77,2804.71,2808.85,57748.193
4915,2025-11-20 18:55:00+00:00,2808.85,2820.0,2806.63,2812.21,35958.501
4916,2025-11-20 19:00:00+00:00,2812.2,2813.77,2788.01,2798.53,132678.777
4917,2025-11-20 19:05:00+00:00,2798.53,2811.69,2795.17,2810.07,48321.572
4918,2025-11-20 19:10:00+00:00,2810.07,2819.82,2804.62,2810.43,51227.783
4919,2025-11-20 19:15:00+00:00,2810.43,2820.53,2805.34,2816.64,38207.061
4920,2025-11-20 19:20:00+00:00,2816.63,2832.29,2815.85,2827.72,43674.568
4921,2025-11-20 19:25:00+00:00,2827.72,2845.0,2826.99,2837.32,47992.922
4922,2025-11-20 19:30:00+00:00,2837.31,2837.32,2829.4,2831.6,26288.64
4923,2025-11-20 19:35:00+00:00,2831.59,2838.74,2820.49,2825.49,22002.043
4924,2025-11-20 19:40:00+00:00,2825.49,2835.29,2821.14,2833.32,14277.423
4925,2025-11-20 19:45:00+00:00,2833.31,2836.55,2828.0,2830.75,12273.425
4926,2025-11-20 19:50:00+00:00,2830.74,2842.3,2830.39,2838.1,16331.582
4927,2025-11-20 19:55:00+00:00,2838.1,2854.88,2837.96,2846.39,34239.479
4928,2025-11-20 20:00:00+00:00,2846.39,2846.39,2832.75,2835.31,23376.011
4929,2025-11-20 20:05:00+00:00,2835.3,2839.43,2830.77,2831.36,12400.387
4930,2025-11-20 20:10:00+00:00,2831.36,2832.56,2818.0,2821.3,31237.561
4931,2025-11-20 20:15:00+00:00,2821.3,2834.87,2819.22,2833.36,22654.698
4932,2025-11-20 20:20:00+00:00,2833.35,2854.69,2832.68,2834.29,30021.816
4933,2025-11-20 20:25:00+00:00,2834.3,2850.19,2834.29,2850.16,13923.71
4934,2025-11-20 20:30:00+00:00,2850.17,2855.0,2838.15,2838.16,23743.883
4935,2025-11-20 20:35:00+00:00,2838.15,2844.13,2835.1,2840.65,28375.87
4936,2025-11-20 20:40:00+00:00,2840.65,2844.7,2832.81,2838.3,8477.394
4937,2025-11-20 20:45:00+00:00,2838.3,2840.49,2831.67,2839.56,12494.283
4938,2025-11-20 20:50:00+00:00,2839.56,2849.37,2835.07,2835.55,12777.802
4939,2025-11-20 20:55:00+00:00,2835.56,2840.99,2828.12,2833.97,16463.698
4940,2025-11-20 21:00:00+00:00,2833.97,2849.38,2833.05,2845.88,29187.256
4941,2025-11-20 21:05:00+00:00,2845.88,2853.2,2843.78,2847.62,14249.241
4942,2025-11-20 21:10:00+00:00,2847.62,2851.33,2846.86,2847.28,7386.442
4943,2025-11-20 21:15:00+00:00,2847.28,2863.0,2844.38,2861.39,19606.166
4944,2025-11-20 21:20:00+00:00,2861.39,2883.76,2860.32,2878.0,52978.143
4945,2025-11-20 21:25:00+00:00,2878.0,2879.18,2861.72,2863.56,19442.971
4946,2025-11-20 21:30:00+00:00,2863.56,2878.47,2861.97,2874.41,12970.11
4947,2025-11-20 21:35:00+00:00,2874.41,2883.36,2874.41,2876.79,13959.37
4948,2025-11-20 21:40:00+00:00,2876.8,2887.54,2876.8,2887.06,13631.691
4949,2025-11-20 21:45:00+00:00,2887.06,2896.17,2885.0,2889.21,22340.929
4950,2025-11-20 21:50:00+00:00,2889.22,2892.4,2883.04,2886.29,14410.466
4951,2025-11-20 21:55:00+00:00,2886.28,2889.36,2876.02,2877.96,15611.285
4952,2025-11-20 22:00:00+00:00,2877.96,2888.48,2874.8,2885.39,13326.764
4953,2025-11-20 22:05:00+00:00,2885.4,2896.14,2885.09,2894.03,12289.673
4954,2025-11-20 22:10:00+00:00,2894.03,2901.39,2889.34,2896.7,19600.184
4955,2025-11-20 22:15:00+00:00,2896.7,2903.35,2895.06,2901.35,13411.824
4956,2025-11-20 22:20:00+00:00,2901.34,2901.65,2894.0,2900.07,8214.01
4957,2025-11-20 22:25:00+00:00,2900.07,2904.3,2894.95,2900.26,18574.13
4958,2025-11-20 22:30:00+00:00,2900.26,2904.83,2890.01,2890.24,17577.8
4959,2025-11-20 22:35:00+00:00,2890.24,2891.15,2880.7,2884.11,16683.216
4960,2025-11-20 22:40:00+00:00,2884.12,2891.42,2882.2,2887.43,8161.087
4961,2025-11-20 22:45:00+00:00,2887.43,2893.99,2885.54,2885.59,5340.365
4962,2025-11-20 22:50:00+00:00,2885.6,2887.75,2883.9,2885.0,4009.985
4963,2025-11-20 22:55:00+00:00,2885.0,2890.0,2884.0,2885.07,3857.123
4964,2025-11-20 23:00:00+00:00,2885.07,2890.66,2872.09,2882.03,26474.22
4965,2025-11-20 23:05:00+00:00,2882.03,2882.72,2866.8,2869.25,18265.239
4966,2025-11-20 23:10:00+00:00,2869.26,2874.27,2857.44,2866.92,40870.296
4967,2025-11-20 23:15:00+00:00,2866.91,2873.87,2860.73,2863.45,10133.324
4968,2025-11-20 23:20:00+00:00,2863.45,2870.2,2855.06,2870.17,20319.736
4969,2025-11-20 23:25:00+00:00,2870.16,2870.57,2861.08,2863.43,6799.831
4970,2025-11-20 23:30:00+00:00,2863.44,2865.0,2857.0,2860.22,14340.733
4971,2025-11-20 23:35:00+00:00,2860.21,2860.22,2831.67,2836.31,53502.143
4972,2025-11-20 23:40:00+00:00,2836.31,2853.11,2834.56,2848.17,21907.812
4973,2025-11-20 23:45:00+00:00,2848.16,2851.81,2836.92,2840.91,14108.725
4974,2025-11-20 23:50:00+00:00,2840.91,2842.65,2825.62,2834.24,27971.345
4975,2025-11-20 23:55:00+00:00,2834.25,2839.73,2828.01,2832.97,11939.952
4976,2025-11-21 00:00:00+00:00,2832.96,2854.86,2831.25,2836.42,43433.324
4977,2025-11-21 00:05:00+00:00,2836.41,2848.34,2833.39,2846.77,22512.908
4978,2025-11-21 00:10:00+00:00,2846.77,2858.14,2845.51,2856.79,21684.93
4979,2025-11-21 00:15:00+00:00,2856.78,2862.57,2850.0,2850.0,15850.506
4980,2025-11-21 00:20:00+00:00,2850.0,2856.28,2846.06,2849.64,12420.373
4981,2025-11-21 00:25:00+00:00,2849.63,2858.19,2849.63,2854.98,9123.073
4982,2025-11-21 00:30:00+00:00,2854.98,2860.3,2847.81,2849.6,9440.333
4983,2025-11-21 00:35:00+00:00,2849.59,2867.0,2846.95,2860.86,13006.509
4984,2025-11-21 00:40:00+00:00,2860.85,2869.6,2856.57,2860.24,12784.641
4985,2025-11-21 00:45:00+00:00,2860.24,2866.14,2858.1,2862.48,7391.497
4986,2025-11-21 00:50:00+00:00,2862.48,2868.9,2860.18,2864.54,6760.872
4987,2025-11-21 00:55:00+00:00,2864.54,2866.32,2857.01,2860.35,9652.431
4988,2025-11-21 01:00:00+00:00,2860.34,2870.46,2855.51,2864.72,19018.273
4989,2025-11-21 01:05:00+00:00,2864.73,2868.95,2862.26,2862.26,12222.522
4990,2025-11-21 01:10:00+00:00,2862.27,2866.92,2860.32,2862.88,6105.245
4991,2025-11-21 01:15:00+00:00,2862.88,2867.38,2853.29,2854.67,11910.944
4992,2025-11-21 01:20:00+00:00,2854.67,2877.0,2850.5,2872.43,31959.626
4993,2025-11-21 01:25:00+00:00,2872.43,2885.84,2869.05,2880.75,30219.918
4994,2025-11-21 01:30:00+00:00,2880.75,2881.85,2869.06,2869.06,10728.148
4995,2025-11-21 01:35:00+00:00,2869.07,2873.51,2859.0,2870.72,18156.266
4996,2025-11-21 01:40:00+00:00,2870.71,2872.19,2866.75,2868.32,8725.629
4997,2025-11-21 01:45:00+00:00,2868.33,2871.46,2864.26,2865.11,4269.326
4998,2025-11-21 01:50:00+00:00,2865.12,2872.41,2858.04,2859.93,8268.28
4999,2025-11-21 01:55:00+00:00,2859.93,2865.78,2859.25,2861.03,5226.14
5000,2025-11-21 02:00:00+00:00,2861.04,2861.29,2853.34,2854.73,15656.965
5001,2025-11-21 02:05:00+00:00,2854.73,2855.61,2841.42,2846.29,23199.591
5002,2025-11-21 02:10:00+00:00,2846.29,2847.82,2834.21,2835.67,27763.328
5003,2025-11-21 02:15:00+00:00,2835.68,2844.52,2820.73,2831.35,38574.908
5004,2025-11-21 02:20:00+00:00,2831.35,2856.53,2829.08,2846.97,30167.415
5005,2025-11-21 02:25:00+00:00,2846.98,2848.38,2837.18,2837.18,11090.353
5006,2025-11-21 02:30:00+00:00,2837.18,2839.65,2825.0,2838.75,26056.14
5007,2025-11-21 02:35:00+00:00,2838.75,2847.11,2822.19,2825.88,36182.71
5008,2025-11-21 02:40:00+00:00,2825.88,2832.87,2808.7,2810.8,64793.063
5009,2025-11-21 02:45:00+00:00,2810.8,2828.67,2810.02,2827.06,24480.644
5010,2025-11-21 02:50:00+00:00,2827.05,2832.58,2803.03,2814.85,58721.704
5011,2025-11-21 02:55:00+00:00,2814.86,2815.02,2768.86,2781.62,159567.601
5012,2025-11-21 03:00:00+00:00,2781.6,2799.44,2781.18,2798.07,49379.347
5013,2025-11-21 03:05:00+00:00,2798.07,2822.76,2798.07,2813.11,54923.081
5014,2025-11-21 03:10:00+00:00,2813.1,2817.01,2805.68,2809.57,22973.376
5015,2025-11-21 03:15:00+00:00,2809.57,2816.29,2788.13,2791.38,48044.647
5016,2025-11-21 03:20:00+00:00,2791.38,2808.0,2788.49,2796.9,21735.598
5017,2025-11-21 03:25:00+00:00,2796.9,2808.96,2793.73,2806.88,15214.886
5018,2025-11-21 03:30:00+00:00,2806.88,2812.32,2797.76,2800.44,13807.328
5019,2025-11-21 03:35:00+00:00,2800.45,2816.32,2795.72,2812.69,21640.978
5020,2025-11-21 03:40:00+00:00,2812.69,2824.78,2811.69,2821.36,25551.248
5021,2025-11-21 03:45:00+00:00,2821.37,2823.62,2813.19,2813.2,13478.758
5022,2025-11-21 03:50:00+00:00,2813.19,2815.0,2810.38,2813.37,9146.152
5023,2025-11-21 03:55:00+00:00,2813.37,2818.45,2807.49,2807.76,9441.393
5024,2025-11-21 04:00:00+00:00,2807.76,2811.23,2804.45,2809.31,12587.283
5025,2025-11-21 04:05:00+00:00,2809.32,2812.0,2797.34,2799.86,20192.111
5026,2025-11-21 04:10:00+00:00,2799.87,2812.11,2799.86,2807.28,11310.116
5027,2025-11-21 04:15:00+00:00,2807.27,2809.52,2798.74,2801.29,13008.74
5028,2025-11-21 04:20:00+00:00,2801.29,2808.47,2798.69,2802.76,12253.847
5029,2025-11-21 04:25:00+00:00,2802.77,2810.66,2802.04,2808.49,12153.649
5030,2025-11-21 04:30:00+00:00,2808.5,2810.49,2782.62,2789.45,46260.352
5031,2025-11-21 04:35:00+00:00,2789.45,2791.03,2781.08,2783.7,22096.738
5032,2025-11-21 04:40:00+00:00,2783.71,2811.46,2781.68,2808.96,38412.71
5033,2025-11-21 04:45:00+00:00,2808.96,2816.82,2801.0,2802.7,27878.32
5034,2025-11-21 04:50:00+00:00,2802.69,2814.9,2801.54,2814.73,11581.092
5035,2025-11-21 04:55:00+00:00,2814.72,2820.78,2814.34,2817.71,20349.727
5036,2025-11-21 05:00:00+00:00,2817.71,2823.65,2813.93,2816.95,14377.224
5037,2025-11-21 05:05:00+00:00,2816.94,2827.89,2813.0,2819.21,15591.836
5038,2025-11-21 05:10:00+00:00,2819.2,2824.32,2813.77,2823.07,22291.314
5039,2025-11-21 05:15:00+00:00,2823.07,2831.85,2819.33,2826.24,38570.239
5040,2025-11-21 05:20:00+00:00,2826.24,2828.82,2820.59,2822.87,11098.472
5041,2025-11-21 05:25:00+00:00,2822.87,2826.0,2819.67,2820.61,7625.705
5042,2025-11-21 05:30:00+00:00,2820.61,2827.05,2820.14,2822.68,10136.789
5043,2025-11-21 05:35:00+00:00,2822.68,2822.78,2803.5,2803.9,24382.548
5044,2025-11-21 05:40:00+00:00,2803.9,2811.94,2799.72,2805.08,20199.7
5045,2025-11-21 05:45:00+00:00,2805.08,2807.29,2800.16,2802.3,14353.137
5046,2025-11-21 05:50:00+00:00,2802.3,2805.72,2798.31,2801.59,10157.88
5047,2025-11-21 05:55:00+00:00,2801.6,2809.75,2801.59,2808.53,8012.161
5048,2025-11-21 06:00:00+00:00,2808.54,2813.74,2798.7,2798.97,19603.824
5049,2025-11-21 06:05:00+00:00,2798.96,2802.95,2787.65,2797.49,28724.746
5050,2025-11-21 06:10:00+00:00,2797.5,2810.53,2796.0,2807.14,18804.672
5051,2025-11-21 06:15:00+00:00,2807.13,2809.0,2797.8,2799.26,11300.263
5052,2025-11-21 06:20:00+00:00,2799.26,2804.34,2793.7,2798.0,12018.182
5053,2025-11-21 06:25:00+00:00,2798.0,2800.35,2790.02,2790.98,17169.251
5054,2025-11-21 06:30:00+00:00,2790.97,2795.13,2788.34,2793.34,16004.658
5055,2025-11-21 06:35:00+00:00,2793.35,2798.27,2777.77,2792.56,40987.703
5056,2025-11-21 06:40:00+00:00,2792.56,2799.12,2789.14,2795.12,19431.918
5057,2025-11-21 06:45:00+00:00,2795.12,2799.41,2791.4,2796.24,23579.785
5058,2025-11-21 06:50:00+00:00,2796.23,2799.61,2791.2,2793.28,13153.918
5059,2025-11-21 06:55:00+00:00,2793.28,2796.0,2788.0,2788.85,17970.757
5060,2025-11-21 07:00:00+00:00,2788.86,2796.9,2780.24,2796.13,31751.859
5061,2025-11-21 07:05:00+00:00,2796.13,2799.27,2785.04,2789.24,24548.433
5062,2025-11-21 07:10:00+00:00,2789.23,2790.0,2770.0,2778.61,36621.768
5063,2025-11-21 07:15:00+00:00,2778.6,2780.59,2760.0,2768.96,80625.942
5064,2025-11-21 07:20:00+00:00,2768.96,2769.74,2756.94,2762.17,63273.272
5065,2025-11-21 07:25:00+00:00,2762.17,2767.87,2753.33,2755.45,42674.021
5066,2025-11-21 07:30:00+00:00,2755.46,2760.88,2642.65,2681.56,526755.494
5067,2025-11-21 07:35:00+00:00,2681.51,2724.34,2679.64,2719.67,237079.362
5068,2025-11-21 07:40:00+00:00,2719.67,2737.99,2717.27,2731.13,128365.115
5069,2025-11-21 07:45:00+00:00,2731.13,2733.0,2701.42,2711.29,93662.65
5070,2025-11-21 07:50:00+00:00,2711.29,2732.0,2710.01,2712.21,64519.462
5071,2025-11-21 07:55:00+00:00,2712.21,2723.5,2708.0,2718.66,48279.467
5072,2025-11-21 08:00:00+00:00,2718.67,2718.95,2705.0,2709.57,60780.355
5073,2025-11-21 08:05:00+00:00,2709.56,2737.77,2708.47,2734.77,76069.158
5074,2025-11-21 08:10:00+00:00,2734.52,2750.57,2728.87,2741.67,67900.609
5075,2025-11-21 08:15:00+00:00,2741.67,2753.18,2738.38,2739.18,53288.021
5076,2025-11-21 08:20:00+00:00,2739.19,2752.62,2736.6,2745.95,36340.024
5077,2025-11-21 08:25:00+00:00,2745.94,2746.49,2733.46,2734.82,25934.147
5078,2025-11-21 08:30:00+00:00,2734.82,2748.02,2730.0,2731.96,26973.573
5079,2025-11-21 08:35:00+00:00,2731.96,2733.47,2722.07,2729.9,38153.937
5080,2025-11-21 08:40:00+00:00,2729.88,2730.08,2720.46,2727.64,23063.883
5081,2025-11-21 08:45:00+00:00,2727.65,2737.5,2725.21,2730.15,26088.588
5082,2025-11-21 08:50:00+00:00,2730.16,2742.12,2726.45,2735.42,22236.769
5083,2025-11-21 08:55:00+00:00,2735.4,2745.71,2735.33,2736.7,18867.345
5084,2025-11-21 09:00:00+00:00,2736.71,2746.62,2736.71,2745.11,19333.004
5085,2025-11-21 09:05:00+00:00,2745.11,2747.58,2732.16,2733.34,18665.688
5086,2025-11-21 09:10:00+00:00,2733.35,2742.6,2730.28,2735.71,21645.668
5087,2025-11-21 09:15:00+00:00,2735.71,2738.65,2729.31,2731.86,10793.108
5088,2025-11-21 09:20:00+00:00,2731.86,2732.93,2719.34,2719.63,35741.415
5089,2025-11-21 09:25:00+00:00,2719.64,2720.92,2707.66,2709.06,56059.244
5090,2025-11-21 09:30:00+00:00,2709.06,2714.0,2692.72,2698.02,94907.629
5091,2025-11-21 09:35:00+00:00,2698.03,2702.31,2683.2,2687.1,73889.87
5092,2025-11-21 09:40:00+00:00,2687.09,2693.0,2683.03,2688.85,45890.307
5093,2025-11-21 09:45:00+00:00,2688.84,2691.72,2682.26,2686.32,47049.744
5094,2025-11-21 09:50:00+00:00,2686.31,2688.95,2680.0,2680.42,52172.365
5095,2025-11-21 09:55:00+00:00,2680.42,2690.19,2680.0,2680.73,46754.806
5096,2025-11-21 10:00:00+00:00,2680.73,2683.38,2661.92,2673.72,98476.931
5097,2025-11-21 10:05:00+00:00,2673.72,2693.45,2670.99,2690.11,77256.793
5098,2025-11-21 10:10:00+00:00,2690.11,2708.68,2689.56,2692.25,58335.317
5099,2025-11-21 10:15:00+00:00,2692.25,2702.36,2677.83,2692.75,48483.325
5100,2025-11-21 10:20:00+00:00,2692.74,2698.79,2683.98,2693.44,25513.806
5101,2025-11-21 10:25:00+00:00,2693.43,2704.69,2681.89,2685.31,50799.795
5102,2025-11-21 10:30:00+00:00,2685.3,2706.56,2685.27,2697.62,40805.124
5103,2025-11-21 10:35:00+00:00,2697.62,2715.96,2695.33,2709.96,48175.423
5104,2025-11-21 10:40:00+00:00,2709.97,2716.28,2704.14,2706.65,25099.685
5105,2025-11-21 10:45:00+00:00,2706.65,2707.06,2697.75,2697.76,19166.077
5106,2025-11-21 10:50:00+00:00,2697.76,2708.16,2694.29,2700.9,22624.669
5107,2025-11-21 10:55:00+00:00,2700.89,2702.94,2694.87,2695.87,12280.493
5108,2025-11-21 11:00:00+00:00,2695.88,2707.21,2694.15,2703.09,29309.1
5109,2025-11-21 11:05:00+00:00,2703.09,2722.0,2701.62,2719.01,31750.855
5110,2025-11-21 11:10:00+00:00,2719.03,2721.97,2710.88,2719.87,22069.302
5111,2025-11-21 11:15:00+00:00,2719.88,2721.58,2709.1,2710.25,16732.407
5112,2025-11-21 11:20:00+00:00,2710.25,2720.86,2709.5,2713.84,14269.242
5113,2025-11-21 11:25:00+00:00,2713.84,2717.66,2709.16,2709.49,10169.757
5114,2025-11-21 11:30:00+00:00,2709.49,2717.9,2704.05,2704.73,12354.012
5115,2025-11-21 11:35:00+00:00,2704.73,2706.66,2694.16,2694.48,21886.489
5116,2025-11-21 11:40:00+00:00,2694.47,2698.44,2686.07,2692.89,34608.087
5117,2025-11-21 11:45:00+00:00,2692.89,2693.96,2680.54,2683.39,24923.908
5118,2025-11-21 11:50:00+00:00,2683.39,2684.99,2672.93,2681.64,43712.386
5119,2025-11-21 11:55:00+00:00,2681.64,2690.53,2680.43,2687.44,21099.84
5120,2025-11-21 12:00:00+00:00,2687.44,2692.99,2681.47,2687.02,23333.849
5121,2025-11-21 12:05:00+00:00,2687.02,2689.27,2678.79,2684.22,27891.121
5122,2025-11-21 12:10:00+00:00,2684.22,2688.0,2669.34,2685.11,46312.053
5123,2025-11-21 12:15:00+00:00,2685.1,2685.11,2656.94,2666.02,59063.554
5124,2025-11-21 12:20:00+00:00,2666.03,2668.58,2620.0,2632.15,183478.722
5125,2025-11-21 12:25:00+00:00,2632.14,2648.56,2625.01,2638.2,102943.547
5126,2025-11-21 12:30:00+00:00,2638.22,2675.2,2638.11,2667.32,135089.539
5127,2025-11-21 12:35:00+00:00,2667.31,2719.67,2659.02,2719.15,147973.61
5128,2025-11-21 12:40:00+00:00,2719.09,2731.72,2706.66,2728.16,123609.489
5129,2025-11-21 12:45:00+00:00,2728.15,2742.99,2720.0,2728.89,100863.154
5130,2025-11-21 12:50:00+00:00,2728.88,2739.03,2725.82,2735.49,46229.215
5131,2025-11-21 12:55:00+00:00,2735.49,2735.64,2721.72,2726.4,35105.626
5132,2025-11-21 13:00:00+00:00,2726.4,2735.33,2710.0,2716.59,71283.92
5133,2025-11-21 13:05:00+00:00,2716.59,2746.32,2713.2,2746.32,59017.613
5134,2025-11-21 13:10:00+00:00,2746.2,2748.66,2726.72,2737.99,58879.707
5135,2025-11-21 13:15:00+00:00,2737.99,2760.87,2735.68,2749.49,70703.022
5136,2025-11-21 13:20:00+00:00,2749.49,2754.55,2732.05,2733.62,42595.141
5137,2025-11-21 13:25:00+00:00,2733.62,2744.2,2730.11,2735.37,36425.364
5138,2025-11-21 13:30:00+00:00,2735.37,2739.2,2728.53,2736.17,25216.346
5139,2025-11-21 13:35:00+00:00,2736.17,2752.77,2735.76,2744.72,32880.763
5140,2025-11-21 13:40:00+00:00,2744.73,2758.88,2744.39,2757.49,29538.149
5141,2025-11-21 13:45:00+00:00,2757.48,2764.61,2751.51,2756.67,49164.942
5142,2025-11-21 13:50:00+00:00,2756.67,2768.8,2752.4,2756.09,44696.349
5143,2025-11-21 13:55:00+00:00,2756.09,2757.28,2738.89,2740.49,55280.026
5144,2025-11-21 14:00:00+00:00,2740.49,2744.86,2733.73,2733.89,37283.007
5145,2025-11-21 14:05:00+00:00,2733.89,2747.27,2729.69,2744.99,28097.574
5146,2025-11-21 14:10:00+00:00,2744.99,2745.0,2729.82,2729.82,17923.492
5147,2025-11-21 14:15:00+00:00,2729.81,2729.81,2717.08,2721.72,40087.641
5148,2025-11-21 14:20:00+00:00,2721.72,2730.6,2721.56,2727.85,23569.332
5149,2025-11-21 14:25:00+00:00,2727.86,2728.97,2721.01,2726.3,14199.396
5150,2025-11-21 14:30:00+00:00,2726.3,2769.0,2722.5,2768.17,158705.739
5151,2025-11-21 14:35:00+00:00,2768.17,2776.5,2753.43,2756.08,138567.842
5152,2025-11-21 14:40:00+00:00,2756.07,2770.92,2748.87,2759.09,43626.255
5153,2025-11-21 14:45:00+00:00,2759.09,2763.21,2740.35,2751.34,51868.063
5154,2025-11-21 14:50:00+00:00,2751.34,2778.77,2749.41,2777.97,49816.235
5155,2025-11-21 14:55:00+00:00,2777.96,2779.56,2765.1,2768.87,83880.229
5156,2025-11-21 15:00:00+00:00,2768.87,2776.92,2743.0,2751.77,91987.574
5157,2025-11-21 15:05:00+00:00,2751.77,2764.3,2746.52,2750.45,48954.406
5158,2025-11-21 15:10:00+00:00,2750.45,2750.45,2732.52,2740.78,61481.263
5159,2025-11-21 15:15:00+00:00,2740.77,2746.3,2727.63,2741.45,88481.49
5160,2025-11-21 15:20:00+00:00,2741.45,2742.75,2723.01,2740.95,55717.672
5161,2025-11-21 15:25:00+00:00,2740.97,2754.14,2725.17,2728.27,47927.893
5162,2025-11-21 15:30:00+00:00,2728.26,2735.0,2715.0,2718.13,43984.838
5163,2025-11-21 15:35:00+00:00,2718.12,2719.64,2689.79,2695.25,138969.074
5164,2025-11-21 15:40:00+00:00,2695.24,2713.27,2690.24,2710.94,74385.41
5165,2025-11-21 15:45:00+00:00,2710.93,2722.15,2703.88,2715.23,91628.792
5166,2025-11-21 15:50:00+00:00,2715.24,2715.31,2685.76,2702.88,75396.344
5167,2025-11-21 15:55:00+00:00,2702.89,2709.1,2692.9,2703.7,109977.629
5168,2025-11-21 16:00:00+00:00,2703.69,2708.88,2678.33,2682.94,86925.138
5169,2025-11-21 16:05:00+00:00,2682.96,2709.51,2673.58,2700.61,99410.123
5170,2025-11-21 16:10:00+00:00,2700.61,2705.34,2687.84,2697.81,30469.757
5171,2025-11-21 16:15:00+00:00,2697.8,2700.94,2676.25,2684.64,50712.338
5172,2025-11-21 16:20:00+00:00,2684.64,2718.0,2683.06,2700.84,60879.964
5173,2025-11-21 16:25:00+00:00,2700.84,2718.24,2697.36,2717.23,30790.072
5174,2025-11-21 16:30:00+00:00,2717.22,2724.42,2706.53,2707.85,46919.194
5175,2025-11-21 16:35:00+00:00,2707.85,2738.68,2707.4,2727.46,59969.828
5176,2025-11-21 16:40:00+00:00,2727.46,2731.4,2706.86,2713.43,39963.03
5177,2025-11-21 16:45:00+00:00,2713.42,2730.0,2701.59,2726.41,40364.924
5178,2025-11-21 16:50:00+00:00,2726.41,2757.74,2722.78,2746.59,76248.736
5179,2025-11-21 16:55:00+00:00,2746.59,2762.8,2746.15,2761.32,36943.243
5180,2025-11-21 17:00:00+00:00,2761.31,2775.51,2753.44,2772.74,57521.316
5181,2025-11-21 17:05:00+00:00,2772.74,2792.27,2768.37,2788.32,76558.376
5182,2025-11-21 17:10:00+00:00,2788.32,2788.85,2777.0,2783.36,47938.805
5183,2025-11-21 17:15:00+00:00,2783.36,2798.69,2777.68,2783.47,43081.249
5184,2025-11-21 17:20:00+00:00,2783.67,2799.24,2778.0,2798.13,34691.91
5185,2025-11-21 17:25:00+00:00,2798.13,2805.94,2785.72,2793.36,44632.653
5186,2025-11-21 17:30:00+00:00,2793.37,2804.52,2792.7,2799.41,28689.511
5187,2025-11-21 17:35:00+00:00,2799.42,2802.72,2784.34,2789.81,34774.619
5188,2025-11-21 17:40:00+00:00,2789.82,2795.82,2785.01,2792.7,15944.328
5189,2025-11-21 17:45:00+00:00,2792.7,2802.0,2790.32,2801.27,24160.74
5190,2025-11-21 17:50:00+00:00,2801.27,2801.27,2777.6,2782.7,32791.688
5191,2025-11-21 17:55:00+00:00,2782.7,2790.68,2778.21,2779.4,27665.375
5192,2025-11-21 18:00:00+00:00,2779.39,2782.11,2755.98,2756.88,58634.577
5193,2025-11-21 18:05:00+00:00,2756.86,2759.5,2745.26,2752.22,53671.912
5194,2025-11-21 18:10:00+00:00,2752.22,2753.03,2723.23,2728.92,51240.351
5195,2025-11-21 18:15:00+00:00,2728.92,2733.79,2714.85,2723.06,50733.27
5196,2025-11-21 18:20:00+00:00,2723.06,2734.0,2719.28,2732.09,39046.178
5197,2025-11-21 18:25:00+00:00,2732.09,2747.58,2730.12,2746.5,40200.632
5198,2025-11-21 18:30:00+00:00,2746.49,2764.31,2743.37,2761.04,39916.3
5199,2025-11-21 18:35:00+00:00,2761.05,2776.8,2760.24,2771.98,35777.692
5200,2025-11-21 18:40:00+00:00,2771.98,2773.4,2759.24,2772.0,25565.143
5201,2025-11-21 18:45:00+00:00,2772.0,2792.27,2765.49,2780.75,34179.559
5202,2025-11-21 18:50:00+00:00,2780.76,2793.43,2777.23,2780.24,29771.352
5203,2025-11-21 18:55:00+00:00,2780.24,2784.59,2772.6,2777.74,15484.028
5204,2025-11-21 19:00:00+00:00,2777.71,2785.77,2774.86,2784.31,17940.517
5205,2025-11-21 19:05:00+00:00,2784.31,2784.83,2772.31,2780.57,15132.517
5206,2025-11-21 19:10:00+00:00,2780.58,2784.16,2762.05,2767.18,19096.531
5207,2025-11-21 19:15:00+00:00,2767.18,2772.45,2762.0,2771.16,13155.794
5208,2025-11-21 19:20:00+00:00,2771.16,2786.49,2768.8,2778.29,14221.769
5209,2025-11-21 19:25:00+00:00,2778.29,2783.12,2774.7,2776.49,7515.155
5210,2025-11-21 19:30:00+00:00,2776.49,2780.84,2762.58,2766.33,24882.34
5211,2025-11-21 19:35:00+00:00,2766.33,2774.1,2766.22,2768.77,7608.966
5212,2025-11-21 19:40:00+00:00,2768.77,2771.16,2750.68,2754.58,22357.9
5213,2025-11-21 19:45:00+00:00,2754.59,2756.04,2746.13,2752.75,20471.086
5214,2025-11-21 19:50:00+00:00,2752.75,2754.39,2738.35,2742.75,16425.736
5215,2025-11-21 19:55:00+00:00,2742.74,2751.55,2742.67,2750.62,13063.414
5216,2025-11-21 20:00:00+00:00,2750.62,2755.0,2742.81,2743.68,12505.22
5217,2025-11-21 20:05:00+00:00,2743.67,2744.0,2727.0,2730.84,23561.944
5218,2025-11-21 20:10:00+00:00,2730.83,2751.67,2729.07,2744.76,19478.995
5219,2025-11-21 20:15:00+00:00,2744.76,2744.98,2722.01,2726.06,25887.914
5220,2025-11-21 20:20:00+00:00,2726.05,2726.85,2717.66,2721.0,17754.74
5221,2025-11-21 20:25:00+00:00,2721.0,2729.51,2708.14,2710.15,29851.476
5222,2025-11-21 20:30:00+00:00,2710.16,2720.36,2707.0,2715.31,21085.475
5223,2025-11-21 20:35:00+00:00,2715.3,2733.8,2714.78,2728.16,29826.806
5224,2025-11-21 20:40:00+00:00,2728.16,2738.32,2725.0,2736.49,17440.811
5225,2025-11-21 20:45:00+00:00,2736.49,2748.9,2734.89,2745.96,21832.504
5226,2025-11-21 20:50:00+00:00,2745.95,2750.69,2735.65,2739.5,19499.304
5227,2025-11-21 20:55:00+00:00,2739.51,2744.44,2728.0,2736.46,23645.221
5228,2025-11-21 21:00:00+00:00,2736.45,2746.24,2729.85,2736.84,13745.279
5229,2025-11-21 21:05:00+00:00,2736.85,2743.48,2733.06,2735.93,8290.336
5230,2025-11-21 21:10:00+00:00,2735.94,2744.58,2733.29,2743.98,8908.485
5231,2025-11-21 21:15:00+00:00,2743.96,2754.29,2738.82,2746.97,13598.869
5232,2025-11-21 21:20:00+00:00,2746.98,2764.93,2746.2,2762.1,19809.857
5233,2025-11-21 21:25:00+00:00,2762.1,2769.0,2761.26,2763.44,14256.845
5234,2025-11-21 21:30:00+00:00,2763.43,2765.0,2758.57,2761.55,9319.549
5235,2025-11-21 21:35:00+00:00,2761.54,2770.82,2761.54,2769.76,8285.766
5236,2025-11-21 21:40:00+00:00,2769.75,2774.98,2767.65,2769.64,8973.412
5237,2025-11-21 21:45:00+00:00,2769.63,2770.41,2764.57,2769.06,11351.109
5238,2025-11-21 21:50:00+00:00,2769.06,2773.6,2766.48,2767.77,6795.844
5239,2025-11-21 21:55:00+00:00,2767.77,2770.38,2762.62,2765.68,7733.475
5240,2025-11-21 22:00:00+00:00,2765.68,2772.79,2764.32,2770.24,6202.063
5241,2025-11-21 22:05:00+00:00,2770.24,2771.01,2765.07,2768.09,4420.644
5242,2025-11-21 22:10:00+00:00,2768.09,2768.14,2760.71,2764.91,9112.43
5243,2025-11-21 22:15:00+00:00,2764.91,2768.62,2762.06,2763.31,5413.778
5244,2025-11-21 22:20:00+00:00,2763.31,2764.06,2747.2,2750.23,17733.418
5245,2025-11-21 22:25:00+00:00,2750.24,2760.97,2747.55,2750.44,11090.435
5246,2025-11-21 22:30:00+00:00,2750.43,2751.16,2736.09,2738.41,11296.798
5247,2025-11-21 22:35:00+00:00,2738.4,2747.41,2731.12,2738.52,13808.051
5248,2025-11-21 22:40:00+00:00,2738.52,2744.32,2735.18,2744.29,6761.115
5249,2025-11-21 22:45:00+00:00,2744.29,2753.84,2730.82,2733.24,11880.094
5250,2025-11-21 22:50:00+00:00,2733.24,2736.65,2718.93,2726.3,15074.145
5251,2025-11-21 22:55:00+00:00,2726.31,2731.5,2720.16,2720.6,10376.64
5252,2025-11-21 23:00:00+00:00,2720.62,2724.54,2713.69,2722.53,12918.712
5253,2025-11-21 23:05:00+00:00,2722.53,2724.96,2711.53,2720.77,14695.896
5254,2025-11-21 23:10:00+00:00,2720.77,2729.58,2719.04,2729.02,11827.69
5255,2025-11-21 23:15:00+00:00,2729.02,2739.25,2728.94,2737.81,15211.794
5256,2025-11-21 23:20:00+00:00,2737.81,2747.99,2737.01,2745.27,12179.91
5257,2025-11-21 23:25:00+00:00,2745.27,2759.97,2742.87,2759.96,16266.878
5258,2025-11-21 23:30:00+00:00,2759.95,2765.0,2756.09,2761.01,12795.626
5259,2025-11-21 23:35:00+00:00,2761.0,2762.0,2752.28,2755.35,14609.176
5260,2025-11-21 23:40:00+00:00,2755.35,2766.85,2755.35,2763.98,10507.118
5261,2025-11-21 23:45:00+00:00,2763.98,2767.98,2763.95,2767.49,9664.283
5262,2025-11-21 23:50:00+00:00,2767.5,2768.73,2763.0,2764.7,10999.542
5263,2025-11-21 23:55:00+00:00,2764.68,2767.93,2761.4,2764.69,7902.765
5264,2025-11-22 00:00:00+00:00,2764.7,2774.23,2762.22,2770.49,16509.004
5265,2025-11-22 00:05:00+00:00,2770.49,2777.98,2762.44,2774.28,12877.751
5266,2025-11-22 00:10:00+00:00,2774.28,2779.79,2770.83,2776.2,8985.215
5267,2025-11-22 00:15:00+00:00,2776.2,2776.74,2765.41,2768.57,9086.563
5268,2025-11-22 00:20:00+00:00,2768.57,2770.86,2763.65,2764.22,8787.6
5269,2025-11-22 00:25:00+00:00,2764.22,2765.51,2756.87,2757.3,12303.316
5270,2025-11-22 00:30:00+00:00,2757.3,2771.58,2757.3,2767.47,10038.384
5271,2025-11-22 00:35:00+00:00,2767.46,2776.95,2765.36,2771.6,9675.576
5272,2025-11-22 00:40:00+00:00,2771.58,2771.92,2766.1,2768.92,5247.108
5273,2025-11-22 00:45:00+00:00,2768.92,2769.85,2761.34,2764.38,7937.584
5274,2025-11-22 00:50:00+00:00,2764.38,2767.97,2757.95,2759.28,6170.65
5275,2025-11-22 00:55:00+00:00,2759.26,2767.19,2758.89,2764.91,4421.661
5276,2025-11-22 01:00:00+00:00,2764.91,2773.91,2761.21,2772.55,8529.017
5277,2025-11-22 01:05:00+00:00,2772.55,2772.66,2763.22,2763.77,3941.605
5278,2025-11-22 01:10:00+00:00,2763.78,2766.6,2759.78,2764.4,7222.369
5279,2025-11-22 01:15:00+00:00,2764.39,2772.14,2762.0,2770.29,5254.674
5280,2025-11-22 01:20:00+00:00,2770.29,2770.88,2766.55,2770.79,2991.172
5281,2025-11-22 01:25:00+00:00,2770.8,2773.23,2768.16,2770.2,4482.844
5282,2025-11-22 01:30:00+00:00,2770.19,2783.34,2770.06,2778.45,18619.999
5283,2025-11-22 01:35:00+00:00,2778.46,2783.18,2772.49,2775.6,7680.017
5284,2025-11-22 01:40:00+00:00,2775.6,2775.6,2766.54,2767.2,5657.052
5285,2025-11-22 01:45:00+00:00,2767.2,2773.68,2767.2,2773.07,4805.579
5286,2025-11-22 01:50:00+00:00,2773.07,2777.48,2772.13,2773.72,4237.445
5287,2025-11-22 01:55:00+00:00,2773.71,2774.9,2770.18,2773.35,3524.277
5288,2025-11-22 02:00:00+00:00,2773.35,2776.51,2771.0,2771.58,4079.354
5289,2025-11-22 02:05:00+00:00,2771.59,2771.92,2761.57,2765.11,8337.695
5290,2025-11-22 02:10:00+00:00,2765.12,2765.12,2758.45,2760.0,8446.632
5291,2025-11-22 02:15:00+00:00,2759.99,2761.0,2751.47,2753.04,12791.417
5292,2025-11-22 02:20:00+00:00,2753.03,2754.49,2749.08,2749.18,9990.689
5293,2025-11-22 02:25:00+00:00,2749.18,2757.58,2748.2,2755.8,8165.132
5294,2025-11-22 02:30:00+00:00,2755.8,2755.91,2744.46,2747.0,10092.022
5295,2025-11-22 02:35:00+00:00,2747.0,2750.86,2740.0,2742.07,18665.394
5296,2025-11-22 02:40:00+00:00,2742.07,2744.86,2740.21,2742.03,6166.816
5297,2025-11-22 02:45:00+00:00,2742.04,2745.85,2737.7,2741.82,9836.165
5298,2025-11-22 02:50:00+00:00,2741.82,2749.0,2740.21,2747.48,6937.924
5299,2025-11-22 02:55:00+00:00,2747.5,2753.79,2746.84,2751.9,9893.788
5300,2025-11-22 03:00:00+00:00,2751.9,2753.0,2747.68,2748.06,6631.863
5301,2025-11-22 03:05:00+00:00,2748.06,2756.1,2744.14,2754.31,8128.065
5302,2025-11-22 03:10:00+00:00,2754.3,2756.46,2751.76,2755.75,6618.299
5303,2025-11-22 03:15:00+00:00,2755.75,2756.72,2752.62,2754.59,4590.229
5304,2025-11-22 03:20:00+00:00,2754.59,2755.0,2741.0,2743.94,9303.031
5305,2025-11-22 03:25:00+00:00,2743.94,2747.22,2741.24,2746.56,4937.606
5306,2025-11-22 03:30:00+00:00,2746.56,2752.22,2745.85,2748.96,7054.161
5307,2025-11-22 03:35:00+00:00,2748.95,2748.95,2741.51,2747.99,5336.38
5308,2025-11-22 03:40:00+00:00,2747.99,2750.0,2746.03,2747.35,2229.173
5309,2025-11-22 03:45:00+00:00,2747.35,2747.47,2743.5,2744.43,4007.943
5310,2025-11-22 03:50:00+00:00,2744.42,2751.91,2743.21,2751.9,7011.1
5311,2025-11-22 03:55:00+00:00,2751.91,2754.6,2751.02,2751.17,4635.932
5312,2025-11-22 04:00:00+00:00,2751.16,2753.13,2740.55,2746.8,6450.385
5313,2025-11-22 04:05:00+00:00,2746.8,2748.82,2740.56,2741.27,12498.831
5314,2025-11-22 04:10:00+00:00,2741.28,2742.79,2731.45,2733.82,16395.484
5315,2025-11-22 04:15:00+00:00,2733.83,2734.8,2727.25,2727.42,14074.84
5316,2025-11-22 04:20:00+00:00,2727.42,2738.13,2725.24,2729.23,11889.999
5317,2025-11-22 04:25:00+00:00,2729.23,2741.59,2729.23,2735.35,9415.512
5318,2025-11-22 04:30:00+00:00,2735.35,2740.94,2735.35,2737.62,8352.361
5319,2025-11-22 04:35:00+00:00,2737.62,2738.14,2725.24,2729.19,12092.928
5320,2025-11-22 04:40:00+00:00,2729.19,2734.38,2726.55,2733.18,5462.811
5321,2025-11-22 04:45:00+00:00,2733.19,2737.76,2730.78,2737.45,8859.959
5322,2025-11-22 04:50:00+00:00,2737.44,2746.85,2737.11,2745.3,10411.376
5323,2025-11-22 04:55:00+00:00,2745.3,2748.99,2742.72,2746.4,5945.496
5324,2025-11-22 05:00:00+00:00,2746.4,2748.9,2743.02,2744.36,7390.993
5325,2025-11-22 05:05:00+00:00,2744.36,2748.41,2740.04,2746.03,6650.215
5326,2025-11-22 05:10:00+00:00,2746.04,2748.19,2742.76,2743.22,4804.659
5327,2025-11-22 05:15:00+00:00,2743.23,2743.4,2734.37,2737.82,8133.472
5328,2025-11-22 05:20:00+00:00,2737.82,2739.67,2728.59,2729.61,16812.204
5329,2025-11-22 05:25:00+00:00,2729.61,2737.41,2729.3,2736.01,4942.626
5330,2025-11-22 05:30:00+00:00,2736.02,2738.67,2727.0,2732.3,9021.849
5331,2025-11-22 05:35:00+00:00,2732.29,2736.56,2727.86,2729.1,5738.747
5332,2025-11-22 05:40:00+00:00,2729.1,2730.64,2726.0,2730.34,8096.733
5333,2025-11-22 05:45:00+00:00,2730.35,2738.01,2730.12,2734.22,9733.393
5334,2025-11-22 05:50:00+00:00,2734.23,2741.94,2731.3,2741.65,6983.854
5335,2025-11-22 05:55:00+00:00,2741.66,2745.0,2740.9,2743.15,5314.963
5336,2025-11-22 06:00:00+00:00,2743.16,2744.99,2739.69,2740.92,5387.286
5337,2025-11-22 06:05:00+00:00,2740.92,2741.23,2731.11,2732.0,9305.897
5338,2025-11-22 06:10:00+00:00,2732.01,2742.0,2731.57,2741.81,5550.053
5339,2025-11-22 06:15:00+00:00,2741.82,2744.92,2737.89,2742.26,8083.612
5340,2025-11-22 06:20:00+00:00,2742.26,2753.72,2741.22,2749.74,14072.884
5341,2025-11-22 06:25:00+00:00,2749.73,2753.0,2748.89,2749.99,6599.352
5342,2025-11-22 06:30:00+00:00,2750.0,2764.34,2749.16,2763.99,20883.939
5343,2025-11-22 06:35:00+00:00,2763.99,2767.64,2758.07,2761.74,21988.938
5344,2025-11-22 06:40:00+00:00,2761.75,2764.14,2757.21,2761.32,11190.071
5345,2025-11-22 06:45:00+00:00,2761.32,2766.0,2756.86,2757.29,10173.499
5346,2025-11-22 06:50:00+00:00,2757.29,2763.01,2756.66,2761.79,10177.818
5347,2025-11-22 06:55:00+00:00,2761.79,2766.56,2761.48,2764.76,16575.952
5348,2025-11-22 07:00:00+00:00,2764.76,2770.0,2757.16,2758.01,25328.576
5349,2025-11-22 07:05:00+00:00,2758.01,2764.17,2756.37,2758.91,14105.8
5350,2025-11-22 07:10:00+00:00,2758.9,2760.99,2756.37,2758.44,7087.62
5351,2025-11-22 07:15:00+00:00,2758.43,2762.44,2755.98,2759.33,9524.362
5352,2025-11-22 07:20:00+00:00,2759.34,2767.51,2758.69,2758.88,6241.477
5353,2025-11-22 07:25:00+00:00,2758.88,2759.67,2755.72,2759.17,4041.761
5354,2025-11-22 07:30:00+00:00,2759.17,2763.68,2758.41,2759.0,3946.571
5355,2025-11-22 07:35:00+00:00,2759.0,2759.67,2753.37,2758.29,6106.535
5356,2025-11-22 07:40:00+00:00,2758.29,2761.2,2754.15,2758.01,9974.446
5357,2025-11-22 07:45:00+00:00,2758.0,2761.5,2755.02,2755.36,8396.714
5358,2025-11-22 07:50:00+00:00,2755.35,2759.63,2754.7,2756.9,8175.492
5359,2025-11-22 07:55:00+00:00,2756.9,2758.22,2754.24,2755.13,8063.72
5360,2025-11-22 08:00:00+00:00,2755.14,2755.36,2745.99,2747.58,15698.633
5361,2025-11-22 08:05:00+00:00,2747.57,2749.94,2744.44,2745.61,15964.123
5362,2025-11-22 08:10:00+00:00,2745.62,2746.65,2743.11,2745.63,6728.949
5363,2025-11-22 08:15:00+00:00,2745.64,2745.78,2731.64,2732.58,21236.159
5364,2025-11-22 08:20:00+00:00,2732.57,2735.88,2730.0,2731.45,24777.903
5365,2025-11-22 08:25:00+00:00,2731.44,2732.81,2725.61,2727.88,27182.101
5366,2025-11-22 08:30:00+00:00,2727.89,2730.15,2717.32,2724.02,39069.161
5367,2025-11-22 08:35:00+00:00,2724.03,2736.62,2722.0,2722.47,37108.147
5368,2025-11-22 08:40:00+00:00,2722.46,2728.32,2722.1,2728.08,12609.645
5369,2025-11-22 08:45:00+00:00,2728.08,2735.72,2724.17,2732.34,24675.206
5370,2025-11-22 08:50:00+00:00,2732.33,2737.07,2730.3,2734.89,8466.709
5371,2025-11-22 08:55:00+00:00,2734.88,2734.88,2728.44,2728.92,6962.799
5372,2025-11-22 09:00:00+00:00,2728.92,2736.0,2728.91,2730.75,12274.35
5373,2025-11-22 09:05:00+00:00,2730.74,2735.15,2729.0,2734.93,7443.366
5374,2025-11-22 09:10:00+00:00,2734.93,2738.73,2733.08,2735.64,8361.071
5375,2025-11-22 09:15:00+00:00,2735.64,2735.64,2727.08,2727.99,7304.75
5376,2025-11-22 09:20:00+00:00,2727.99,2728.09,2720.01,2724.25,23530.181
5377,2025-11-22 09:25:00+00:00,2724.25,2726.08,2720.79,2725.86,6655.36
5378,2025-11-22 09:30:00+00:00,2725.86,2729.64,2720.52,2727.5,8983.816
5379,2025-11-22 09:35:00+00:00,2727.5,2738.0,2727.5,2737.15,13744.421
5380,2025-11-22 09:40:00+00:00,2737.15,2737.32,2726.71,2728.44,10540.525
5381,2025-11-22 09:45:00+00:00,2728.43,2734.0,2727.19,2730.93,6081.165
5382,2025-11-22 09:50:00+00:00,2730.94,2731.5,2727.0,2729.01,3856.589
5383,2025-11-22 09:55:00+00:00,2729.01,2729.01,2723.56,2724.81,8721.104
5384,2025-11-22 10:00:00+00:00,2724.82,2730.28,2724.43,2726.48,6249.784
5385,2025-11-22 10:05:00+00:00,2726.48,2728.71,2725.05,2725.54,5260.082
5386,2025-11-22 10:10:00+00:00,2725.54,2730.42,2725.13,2727.27,7207.914
5387,2025-11-22 10:15:00+00:00,2727.27,2727.28,2714.02,2715.43,23520.957
5388,2025-11-22 10:20:00+00:00,2715.43,2720.45,2713.22,2714.35,10027.085
5389,2025-11-22 10:25:00+00:00,2714.35,2714.35,2706.0,2709.4,29259.492
5390,2025-11-22 10:30:00+00:00,2709.4,2713.66,2709.39,2713.57,10626.818
5391,2025-11-22 10:35:00+00:00,2713.57,2716.29,2711.0,2712.58,8310.61
5392,2025-11-22 10:40:00+00:00,2712.59,2713.0,2707.42,2711.53,11327.473
5393,2025-11-22 10:45:00+00:00,2711.53,2716.13,2706.0,2706.53,14502.135
5394,2025-11-22 10:50:00+00:00,2706.54,2709.11,2703.38,2706.83,14266.441
5395,2025-11-22 10:55:00+00:00,2706.84,2713.13,2706.32,2711.71,10023.247
5396,2025-11-22 11:00:00+00:00,2711.71,2713.49,2705.18,2705.99,6628.834
5397,2025-11-22 11:05:00+00:00,2705.98,2724.76,2702.87,2721.99,27924.028
5398,2025-11-22 11:10:00+00:00,2722.0,2729.86,2721.32,2728.0,21373.267
5399,2025-11-22 11:15:00+00:00,2728.0,2729.9,2722.25,2723.08,8704.11
5400,2025-11-22 11:20:00+00:00,2723.09,2725.93,2721.0,2724.32,6595.828
5401,2025-11-22 11:25:00+00:00,2724.32,2739.55,2723.88,2735.04,27498.35
5402,2025-11-22 11:30:00+00:00,2735.05,2737.02,2733.58,2736.54,15960.157
5403,2025-11-22 11:35:00+00:00,2736.53,2742.05,2736.0,2737.38,11499.797
5404,2025-11-22 11:40:00+00:00,2737.37,2740.51,2736.0,2740.0,8234.753
5405,2025-11-22 11:45:00+00:00,2740.0,2741.72,2737.35,2737.8,8267.502
5406,2025-11-22 11:50:00+00:00,2737.8,2739.58,2735.11,2735.11,9166.606
5407,2025-11-22 11:55:00+00:00,2735.11,2737.78,2734.0,2734.0,10348.444
5408,2025-11-22 12:00:00+00:00,2734.01,2734.89,2728.26,2728.4,19939.605
5409,2025-11-22 12:05:00+00:00,2728.4,2729.14,2715.01,2715.97,21899.614
5410,2025-11-22 12:10:00+00:00,2715.97,2718.91,2712.15,2715.15,17295.154
5411,2025-11-22 12:15:00+00:00,2715.16,2721.48,2715.16,2719.71,16301.293
5412,2025-11-22 12:20:00+00:00,2719.72,2719.99,2715.15,2719.19,9135.198
5413,2025-11-22 12:25:00+00:00,2719.18,2719.18,2714.01,2716.08,6106.876
5414,2025-11-22 12:30:00+00:00,2716.09,2720.96,2716.0,2716.74,6720.605
5415,2025-11-22 12:35:00+00:00,2716.73,2722.22,2715.39,2719.49,5229.365
5416,2025-11-22 12:40:00+00:00,2719.49,2719.84,2712.73,2714.9,6007.112
5417,2025-11-22 12:45:00+00:00,2714.9,2716.65,2709.25,2710.58,8904.482
5418,2025-11-22 12:50:00+00:00,2710.59,2723.3,2710.04,2718.56,18249.677
5419,2025-11-22 12:55:00+00:00,2718.55,2720.99,2716.95,2719.7,4244.836
5420,2025-11-22 13:00:00+00:00,2719.7,2720.78,2712.3,2713.17,6326.382
5421,2025-11-22 13:05:00+00:00,2713.18,2724.77,2710.38,2724.16,7295.989
5422,2025-11-22 13:10:00+00:00,2724.17,2733.54,2723.35,2727.82,12592.875
5423,2025-11-22 13:15:00+00:00,2727.82,2729.29,2723.0,2723.79,6790.74
5424,2025-11-22 13:20:00+00:00,2723.79,2726.73,2714.34,2715.45,7743.524
5425,2025-11-22 13:25:00+00:00,2715.45,2717.28,2713.65,2716.98,6845.413
5426,2025-11-22 13:30:00+00:00,2716.98,2719.92,2714.4,2719.44,5464.086
5427,2025-11-22 13:35:00+00:00,2719.44,2720.68,2710.32,2714.0,8413.621
5428,2025-11-22 13:40:00+00:00,2713.99,2720.74,2711.95,2719.31,6498.561
5429,2025-11-22 13:45:00+00:00,2719.31,2723.75,2718.24,2721.53,6277.353
5430,2025-11-22 13:50:00+00:00,2721.52,2721.52,2714.14,2715.0,6280.693
5431,2025-11-22 13:55:00+00:00,2714.99,2719.0,2714.5,2718.08,3787.071
5432,2025-11-22 14:00:00+00:00,2718.08,2731.77,2717.12,2730.62,18808.157
5433,2025-11-22 14:05:00+00:00,2730.63,2737.61,2730.62,2732.51,17800.17
5434,2025-11-22 14:10:00+00:00,2732.52,2740.19,2727.41,2739.24,18350.344
5435,2025-11-22 14:15:00+00:00,2739.24,2754.41,2736.02,2741.0,46879.632
5436,2025-11-22 14:20:00+00:00,2741.01,2749.19,2741.01,2744.29,14184.357
5437,2025-11-22 14:25:00+00:00,2744.3,2748.78,2743.02,2743.82,10217.532
5438,2025-11-22 14:30:00+00:00,2743.81,2748.13,2740.05,2743.89,14107.14
5439,2025-11-22 14:35:00+00:00,2743.88,2751.47,2740.54,2745.09,14874.203
5440,2025-11-22 14:40:00+00:00,2745.09,2747.08,2738.92,2738.92,8990.172
5441,2025-11-22 14:45:00+00:00,2738.92,2742.96,2731.42,2742.58,18844.589
5442,2025-11-22 14:50:00+00:00,2742.58,2749.42,2741.71,2743.09,11431.65
5443,2025-11-22 14:55:00+00:00,2743.1,2745.01,2741.16,2744.67,4447.408
5444,2025-11-22 15:00:00+00:00,2744.66,2749.02,2737.52,2739.87,18756.045
5445,2025-11-22 15:05:00+00:00,2739.87,2745.71,2735.45,2739.13,6902.761
5446,2025-11-22 15:10:00+00:00,2739.13,2740.98,2737.41,2739.54,5382.653
5447,2025-11-22 15:15:00+00:00,2739.53,2744.87,2739.08,2741.33,6478.704
5448,2025-11-22 15:20:00+00:00,2741.34,2745.6,2740.19,2744.56,6508.211
5449,2025-11-22 15:25:00+00:00,2744.56,2749.6,2743.53,2746.02,7821.826
5450,2025-11-22 15:30:00+00:00,2746.01,2746.98,2742.28,2744.78,9672.67
5451,2025-11-22 15:35:00+00:00,2744.78,2745.9,2736.05,2736.56,6954.738
5452,2025-11-22 15:40:00+00:00,2736.55,2736.75,2725.0,2728.56,29195.795
5453,2025-11-22 15:45:00+00:00,2728.57,2731.88,2724.12,2729.84,16467.96
5454,2025-11-22 15:50:00+00:00,2729.85,2735.0,2728.75,2732.2,10914.427
5455,2025-11-22 15:55:00+00:00,2732.2,2741.04,2728.5,2737.62,12307.148
5456,2025-11-22 16:00:00+00:00,2737.61,2740.21,2734.2,2734.41,12702.543
5457,2025-11-22 16:05:00+00:00,2734.42,2745.0,2733.91,2743.3,13312.766
5458,2025-11-22 16:10:00+00:00,2743.3,2748.83,2742.75,2748.12,13729.617
5459,2025-11-22 16:15:00+00:00,2748.12,2752.59,2743.04,2743.23,17805.816
5460,2025-11-22 16:20:00+00:00,2743.23,2753.82,2743.05,2750.02,17130.104
5461,2025-11-22 16:25:00+00:00,2750.02,2751.29,2747.03,2747.75,4171.128
5462,2025-11-22 16:30:00+00:00,2747.75,2749.5,2745.55,2746.07,6487.37
5463,2025-11-22 16:35:00+00:00,2746.07,2749.86,2743.9,2745.1,6699.912
5464,2025-11-22 16:40:00+00:00,2745.11,2756.0,2744.14,2754.93,15720.475
5465,2025-11-22 16:45:00+00:00,2754.94,2758.0,2752.11,2756.14,14222.481
5466,2025-11-22 16:50:00+00:00,2756.13,2757.35,2750.63,2752.49,6261.363
5467,2025-11-22 16:55:00+00:00,2752.49,2756.7,2751.86,2753.99,6694.545
5468,2025-11-22 17:00:00+00:00,2753.98,2754.47,2745.43,2745.98,7812.655
5469,2025-11-22 17:05:00+00:00,2745.98,2752.35,2743.14,2751.29,7070.68
5470,2025-11-22 17:10:00+00:00,2751.29,2753.09,2746.08,2750.23,5409.82
5471,2025-11-22 17:15:00+00:00,2750.23,2751.0,2747.01,2747.67,4439.977
5472,2025-11-22 17:20:00+00:00,2747.67,2754.28,2747.07,2754.17,3660.694
5473,2025-11-22 17:25:00+00:00,2754.17,2757.37,2753.38,2755.3,7188.705
5474,2025-11-22 17:30:00+00:00,2755.31,2756.0,2751.28,2752.2,4815.363
5475,2025-11-22 17:35:00+00:00,2752.18,2752.18,2747.12,2749.06,9535.997
5476,2025-11-22 17:40:00+00:00,2749.07,2751.11,2745.36,2747.74,6911.352
5477,2025-11-22 17:45:00+00:00,2747.75,2748.49,2744.12,2746.0,4397.219
5478,2025-11-22 17:50:00+00:00,2745.99,2749.05,2745.72,2747.62,3134.445
5479,2025-11-22 17:55:00+00:00,2747.62,2750.71,2745.09,2748.64,5577.113
5480,2025-11-22 18:00:00+00:00,2748.64,2749.13,2745.03,2746.78,3181.383
5481,2025-11-22 18:05:00+00:00,2746.78,2753.45,2745.2,2752.88,4069.263
5482,2025-11-22 18:10:00+00:00,2752.88,2753.99,2750.15,2750.67,3843.024
5483,2025-11-22 18:15:00+00:00,2750.67,2751.06,2747.35,2749.99,2962.354
5484,2025-11-22 18:20:00+00:00,2750.0,2751.37,2747.68,2750.09,2633.721
5485,2025-11-22 18:25:00+00:00,2750.08,2751.2,2746.22,2749.6,2037.738
5486,2025-11-22 18:30:00+00:00,2749.61,2749.88,2743.02,2743.44,4822.573
5487,2025-11-22 18:35:00+00:00,2743.44,2747.0,2741.1,2745.9,6272.75
5488,2025-11-22 18:40:00+00:00,2745.91,2749.53,2745.9,2748.72,2745.674
5489,2025-11-22 18:45:00+00:00,2748.71,2752.85,2745.7,2752.74,3922.331
5490,2025-11-22 18:50:00+00:00,2752.73,2753.45,2750.89,2750.97,3182.089
5491,2025-11-22 18:55:00+00:00,2750.98,2751.28,2748.76,2751.06,1919.273
5492,2025-11-22 19:00:00+00:00,2751.07,2753.01,2747.5,2748.99,3669.581
5493,2025-11-22 19:05:00+00:00,2748.99,2756.13,2746.67,2753.81,5709.914
5494,2025-11-22 19:10:00+00:00,2753.81,2753.81,2748.86,2751.68,2337.507
5495,2025-11-22 19:15:00+00:00,2751.68,2754.43,2751.68,2753.29,2179.625
5496,2025-11-22 19:20:00+00:00,2753.28,2753.52,2747.5,2749.37,3477.206
5497,2025-11-22 19:25:00+00:00,2749.37,2750.17,2746.89,2749.43,1956.491
5498,2025-11-22 19:30:00+00:00,2749.42,2751.25,2747.96,2749.53,1618.793
5499,2025-11-22 19:35:00+00:00,2749.53,2750.56,2745.33,2746.79,4196.618
5500,2025-11-22 19:40:00+00:00,2746.79,2747.34,2743.2,2746.3,5772.137
5501,2025-11-22 19:45:00+00:00,2746.29,2749.95,2744.85,2749.95,4856.084
5502,2025-11-22 19:50:00+00:00,2749.96,2752.88,2749.52,2750.31,3188.534
5503,2025-11-22 19:55:00+00:00,2750.31,2752.05,2749.22,2749.26,3194.152
5504,2025-11-22 20:00:00+00:00,2749.26,2753.78,2749.04,2753.78,3155.645
5505,2025-11-22 20:05:00+00:00,2753.77,2754.12,2748.82,2750.0,4946.39
5506,2025-11-22 20:10:00+00:00,2750.0,2755.67,2750.0,2754.42,3520.614
5507,2025-11-22 20:15:00+00:00,2754.41,2755.38,2750.02,2750.72,3266.23
5508,2025-11-22 20:20:00+00:00,2750.73,2755.16,2749.6,2751.3,2732.038
5509,2025-11-22 20:25:00+00:00,2751.3,2753.96,2750.27,2753.34,1667.869
5510,2025-11-22 20:30:00+00:00,2753.34,2753.6,2748.87,2750.03,4248.424
5511,2025-11-22 20:35:00+00:00,2750.02,2750.41,2744.0,2747.12,6651.139
5512,2025-11-22 20:40:00+00:00,2747.13,2747.42,2741.47,2741.94,6352.428
5513,2025-11-22 20:45:00+00:00,2741.94,2744.56,2734.29,2734.36,15688.696
5514,2025-11-22 20:50:00+00:00,2734.37,2738.57,2732.34,2734.52,6568.614
5515,2025-11-22 20:55:00+00:00,2734.52,2741.95,2733.46,2739.99,9615.704
5516,2025-11-22 21:00:00+00:00,2739.99,2742.19,2738.1,2741.51,8863.05
5517,2025-11-22 21:05:00+00:00,2741.51,2744.64,2738.79,2738.79,6139.234
5518,2025-11-22 21:10:00+00:00,2738.79,2740.36,2735.6,2738.7,4779.64
5519,2025-11-22 21:15:00+00:00,2738.7,2743.69,2738.37,2742.64,2700.258
5520,2025-11-22 21:20:00+00:00,2742.64,2746.03,2741.21,2745.67,2771.671
5521,2025-11-22 21:25:00+00:00,2745.66,2747.4,2742.72,2744.98,3234.716
5522,2025-11-22 21:30:00+00:00,2744.99,2746.97,2744.94,2746.32,2181.8
5523,2025-11-22 21:35:00+00:00,2746.31,2746.31,2740.96,2741.84,2439.441
5524,2025-11-22 21:40:00+00:00,2741.84,2746.46,2741.84,2745.34,1877.541
5525,2025-11-22 21:45:00+00:00,2745.34,2747.5,2744.21,2745.12,2430.84
5526,2025-11-22 21:50:00+00:00,2745.11,2747.49,2742.82,2747.17,2258.61
5527,2025-11-22 21:55:00+00:00,2747.16,2747.63,2745.23,2746.54,1549.052
5528,2025-11-22 22:00:00+00:00,2746.53,2747.52,2741.69,2742.36,3353.573
5529,2025-11-22 22:05:00+00:00,2742.35,2744.0,2740.5,2744.0,3108.376
5530,2025-11-22 22:10:00+00:00,2744.01,2756.83,2743.81,2756.33,10252.441
5531,2025-11-22 22:15:00+00:00,2756.33,2770.0,2755.01,2761.1,24926.486
5532,2025-11-22 22:20:00+00:00,2761.09,2765.73,2759.44,2764.38,5088.66
5533,2025-11-22 22:25:00+00:00,2764.37,2764.83,2755.05,2757.89,8770.96
5534,2025-11-22 22:30:00+00:00,2757.89,2761.4,2755.91,2761.23,3287.145
5535,2025-11-22 22:35:00+00:00,2761.23,2766.3,2760.59,2764.77,5514.143
5536,2025-11-22 22:40:00+00:00,2764.77,2766.75,2764.0,2766.74,2939.952
5537,2025-11-22 22:45:00+00:00,2766.75,2769.65,2763.88,2764.29,5678.13
5538,2025-11-22 22:50:00+00:00,2764.29,2798.0,2764.16,2794.12,54305.465
5539,2025-11-22 22:55:00+00:00,2794.13,2797.68,2786.11,2788.01,15991.039
5540,2025-11-22 23:00:00+00:00,2788.0,2792.58,2780.94,2789.25,14227.472
5541,2025-11-22 23:05:00+00:00,2789.26,2789.46,2775.56,2779.21,13554.679
5542,2025-11-22 23:10:00+00:00,2779.21,2782.86,2776.87,2782.13,8859.22
5543,2025-11-22 23:15:00+00:00,2782.14,2782.86,2768.14,2769.21,13872.42
5544,2025-11-22 23:20:00+00:00,2769.21,2774.83,2766.32,2774.31,7215.101
5545,2025-11-22 23:25:00+00:00,2774.31,2778.58,2773.82,2777.05,7423.233
5546,2025-11-22 23:30:00+00:00,2777.06,2780.53,2771.49,2778.0,7300.224
5547,2025-11-22 23:35:00+00:00,2778.01,2779.39,2775.0,2778.24,3644.769
5548,2025-11-22 23:40:00+00:00,2778.24,2779.5,2767.35,2770.92,6507.262
5549,2025-11-22 23:45:00+00:00,2770.91,2773.02,2768.19,2770.42,5504.515
5550,2025-11-22 23:50:00+00:00,2770.41,2772.68,2767.42,2768.21,3991.592
5551,2025-11-22 23:55:00+00:00,2768.21,2770.24,2766.11,2769.06,5485.736
5552,2025-11-23 00:00:00+00:00,2769.06,2774.13,2767.1,2772.57,8365.354
5553,2025-11-23 00:05:00+00:00,2772.59,2776.01,2770.74,2775.45,5424.011
5554,2025-11-23 00:10:00+00:00,2775.45,2779.72,2773.83,2777.87,9666.823
5555,2025-11-23 00:15:00+00:00,2777.87,2786.2,2775.14,2781.61,9561.738
5556,2025-11-23 00:20:00+00:00,2781.6,2786.18,2777.31,2786.18,6653.006
5557,2025-11-23 00:25:00+00:00,2786.19,2788.44,2779.07,2779.2,7903.603
5558,2025-11-23 00:30:00+00:00,2779.2,2780.0,2772.22,2776.01,8557.527
5559,2025-11-23 00:35:00+00:00,2776.01,2777.06,2771.0,2772.48,6189.524
5560,2025-11-23 00:40:00+00:00,2772.48,2774.18,2769.0,2773.68,6027.964
5561,2025-11-23 00:45:00+00:00,2773.68,2774.55,2766.87,2770.04,5759.534
5562,2025-11-23 00:50:00+00:00,2770.04,2775.67,2769.26,2771.43,3349.893
5563,2025-11-23 00:55:00+00:00,2771.42,2771.78,2767.6,2771.78,2737.227
5564,2025-11-23 01:00:00+00:00,2771.78,2779.12,2770.23,2778.7,5832.578
5565,2025-11-23 01:05:00+00:00,2778.7,2782.23,2776.59,2781.99,4406.233
5566,2025-11-23 01:10:00+00:00,2782.0,2783.82,2779.19,2782.18,6759.524
5567,2025-11-23 01:15:00+00:00,2782.17,2792.13,2778.85,2783.96,12804.746
5568,2025-11-23 01:20:00+00:00,2783.97,2788.94,2778.81,2781.49,8009.175
5569,2025-11-23 01:25:00+00:00,2781.49,2787.35,2780.0,2786.18,5240.939
5570,2025-11-23 01:30:00+00:00,2786.17,2790.55,2783.7,2787.8,10921.69
5571,2025-11-23 01:35:00+00:00,2787.81,2802.4,2786.78,2799.05,29809.269
5572,2025-11-23 01:40:00+00:00,2799.04,2804.73,2797.4,2801.8,21514.463
5573,2025-11-23 01:45:00+00:00,2801.8,2805.0,2797.5,2800.78,12744.892
5574,2025-11-23 01:50:00+00:00,2800.78,2814.92,2799.31,2806.5,27521.362
5575,2025-11-23 01:55:00+00:00,2806.5,2812.1,2802.15,2807.08,12798.138
5576,2025-11-23 02:00:00+00:00,2807.08,2815.96,2802.51,2814.14,17736.276
5577,2025-11-23 02:05:00+00:00,2814.13,2817.59,2804.01,2805.71,16888.553
5578,2025-11-23 02:10:00+00:00,2805.71,2809.99,2804.14,2808.99,7397.968
5579,2025-11-23 02:15:00+00:00,2808.99,2813.76,2807.38,2810.09,9257.708
5580,2025-11-23 02:20:00+00:00,2810.1,2816.3,2806.05,2815.41,8727.261
5581,2025-11-23 02:25:00+00:00,2815.4,2823.9,2814.38,2816.7,22993.44
5582,2025-11-23 02:30:00+00:00,2816.7,2824.8,2816.01,2821.3,15036.664
5583,2025-11-23 02:35:00+00:00,2821.29,2827.41,2817.32,2826.75,17133.288
5584,2025-11-23 02:40:00+00:00,2826.74,2833.0,2824.08,2826.43,30457.52
5585,2025-11-23 02:45:00+00:00,2826.43,2830.71,2821.79,2829.96,17591.889
5586,2025-11-23 02:50:00+00:00,2829.96,2829.96,2818.43,2820.52,16856.398
5587,2025-11-23 02:55:00+00:00,2820.53,2822.58,2818.14,2819.72,12930.459
5588,2025-11-23 03:00:00+00:00,2819.71,2819.72,2808.68,2809.83,19828.943
5589,2025-11-23 03:05:00+00:00,2809.82,2818.66,2808.17,2818.51,9224.419
5590,2025-11-23 03:10:00+00:00,2818.51,2821.78,2810.52,2812.69,11642.091
5591,2025-11-23 03:15:00+00:00,2812.68,2816.6,2809.56,2816.03,9721.695
5592,2025-11-23 03:20:00+00:00,2816.03,2816.03,2808.66,2810.43,4915.642
5593,2025-11-23 03:25:00+00:00,2810.42,2813.36,2808.87,2812.58,3397.299
5594,2025-11-23 03:30:00+00:00,2812.58,2818.41,2810.1,2818.0,6721.163
5595,2025-11-23 03:35:00+00:00,2818.0,2820.88,2813.69,2816.62,6943.066
5596,2025-11-23 03:40:00+00:00,2816.63,2818.06,2814.9,2817.58,2929.157
5597,2025-11-23 03:45:00+00:00,2817.58,2820.68,2815.33,2817.91,4970.443
5598,2025-11-23 03:50:00+00:00,2817.9,2820.0,2815.77,2819.01,4268.876
5599,2025-11-23 03:55:00+00:00,2819.0,2823.41,2818.43,2823.02,7269.983
5600,2025-11-23 04:00:00+00:00,2823.01,2828.07,2821.39,2822.16,11228.083
5601,2025-11-23 04:05:00+00:00,2822.15,2831.0,2818.26,2828.68,14587.583
5602,2025-11-23 04:10:00+00:00,2828.67,2834.62,2827.02,2832.73,18728.206
5603,2025-11-23 04:15:00+00:00,2832.74,2843.15,2830.19,2842.38,30260.671
5604,2025-11-23 04:20:00+00:00,2842.37,2850.94,2835.0,2835.67,55058.588
5605,2025-11-23 04:25:00+00:00,2835.67,2840.07,2826.32,2827.08,30145.706
5606,2025-11-23 04:30:00+00:00,2827.08,2829.97,2825.0,2829.97,15091.942
5607,2025-11-23 04:35:00+00:00,2829.96,2830.0,2822.12,2826.58,16891.662
5608,2025-11-23 04:40:00+00:00,2826.58,2826.9,2820.01,2820.5,15720.802
5609,2025-11-23 04:45:00+00:00,2820.5,2830.8,2818.81,2827.24,31042.266
5610,2025-11-23 04:50:00+00:00,2827.25,2832.92,2825.1,2825.89,27522.491
5611,2025-11-23 04:55:00+00:00,2825.9,2827.38,2824.0,2826.19,8413.706
5612,2025-11-23 05:00:00+00:00,2826.2,2827.83,2824.32,2825.67,6467.225
5613,2025-11-23 05:05:00+00:00,2825.67,2828.55,2822.51,2824.95,7481.671
5614,2025-11-23 05:10:00+00:00,2824.96,2829.32,2822.43,2828.63,7526.412
5615,2025-11-23 05:15:00+00:00,2828.64,2829.77,2824.3,2825.99,7984.163
5616,2025-11-23 05:20:00+00:00,2826.0,2827.0,2822.43,2823.46,7937.804
5617,2025-11-23 05:25:00+00:00,2823.46,2824.18,2822.0,2822.76,6980.267
5618,2025-11-23 05:30:00+00:00,2822.75,2823.24,2819.8,2820.45,10874.204
5619,2025-11-23 05:35:00+00:00,2820.46,2821.57,2811.58,2815.9,15907.013
5620,2025-11-23 05:40:00+00:00,2815.91,2818.35,2814.79,2815.79,7789.505
5621,2025-11-23 05:45:00+00:00,2815.8,2825.18,2815.79,2824.33,11068.267
5622,2025-11-23 05:50:00+00:00,2824.33,2825.55,2819.66,2822.37,5516.279
5623,2025-11-23 05:55:00+00:00,2822.37,2824.45,2820.92,2823.72,5172.265
5624,2025-11-23 06:00:00+00:00,2823.71,2828.12,2821.65,2826.42,7308.894
5625,2025-11-23 06:05:00+00:00,2826.42,2831.47,2825.26,2825.54,11066.075
5626,2025-11-23 06:10:00+00:00,2825.54,2825.71,2823.13,2823.7,3898.002
5627,2025-11-23 06:15:00+00:00,2823.69,2825.12,2822.81,2823.87,6789.393
5628,2025-11-23 06:20:00+00:00,2823.88,2826.12,2817.54,2818.96,6764.664
5629,2025-11-23 06:25:00+00:00,2818.97,2820.92,2817.68,2819.43,4811.613
5630,2025-11-23 06:30:00+00:00,2819.42,2819.88,2812.65,2812.92,14901.668
5631,2025-11-23 06:35:00+00:00,2812.92,2813.6,2803.0,2808.47,24361.979
5632,2025-11-23 06:40:00+00:00,2808.46,2810.87,2806.74,2810.31,8519.389
5633,2025-11-23 06:45:00+00:00,2810.31,2813.68,2809.0,2809.35,9633.834
5634,2025-11-23 06:50:00+00:00,2809.35,2809.75,2806.0,2808.46,9146.952
5635,2025-11-23 06:55:00+00:00,2808.45,2811.38,2806.58,2808.43,5920.878
5636,2025-11-23 07:00:00+00:00,2808.42,2810.79,2797.0,2798.86,30036.838
5637,2025-11-23 07:05:00+00:00,2798.85,2798.86,2791.89,2796.87,22705.133
5638,2025-11-23 07:10:00+00:00,2796.87,2804.64,2796.87,2802.52,10426.775
5639,2025-11-23 07:15:00+00:00,2802.51,2803.08,2785.24,2788.99,32119.363
5640,2025-11-23 07:20:00+00:00,2788.98,2794.54,2787.27,2793.56,11720.702
5641,2025-11-23 07:25:00+00:00,2793.57,2794.04,2775.0,2780.71,49289.055
5642,2025-11-23 07:30:00+00:00,2780.71,2785.28,2778.39,2784.57,17255.878
5643,2025-11-23 07:35:00+00:00,2784.56,2788.3,2782.39,2786.73,14172.839
5644,2025-11-23 07:40:00+00:00,2786.73,2792.0,2786.52,2790.54,10893.245
5645,2025-11-23 07:45:00+00:00,2790.54,2792.78,2788.87,2791.54,7976.292
5646,2025-11-23 07:50:00+00:00,2791.53,2793.54,2789.49,2789.92,6625.362
5647,2025-11-23 07:55:00+00:00,2789.92,2792.71,2787.19,2792.16,7267.382
5648,2025-11-23 08:00:00+00:00,2792.16,2801.0,2792.02,2798.38,15232.464
5649,2025-11-23 08:05:00+00:00,2798.38,2801.98,2797.3,2800.55,7694.595
5650,2025-11-23 08:10:00+00:00,2800.54,2804.68,2799.4,2800.76,9561.75
5651,2025-11-23 08:15:00+00:00,2800.77,2803.88,2797.39,2802.74,7948.604
5652,2025-11-23 08:20:00+00:00,2802.75,2807.0,2802.09,2804.49,9457.582
5653,2025-11-23 08:25:00+00:00,2804.49,2807.7,2803.86,2805.64,8882.893
5654,2025-11-23 08:30:00+00:00,2805.64,2809.26,2803.5,2809.01,6491.13
5655,2025-11-23 08:35:00+00:00,2809.01,2809.02,2802.63,2804.82,8075.414
5656,2025-11-23 08:40:00+00:00,2804.82,2805.89,2801.88,2802.35,9107.671
5657,2025-11-23 08:45:00+00:00,2802.35,2814.5,2802.35,2812.44,15162.165
5658,2025-11-23 08:50:00+00:00,2812.44,2812.55,2806.93,2807.82,7210.327
5659,2025-11-23 08:55:00+00:00,2807.81,2813.25,2807.81,2810.0,7324.704
5660,2025-11-23 09:00:00+00:00,2810.0,2810.51,2808.0,2808.78,3173.802
5661,2025-11-23 09:05:00+00:00,2808.78,2810.0,2805.57,2807.15,5314.084
5662,2025-11-23 09:10:00+00:00,2807.15,2810.87,2806.8,2809.25,4831.856
5663,2025-11-23 09:15:00+00:00,2809.25,2813.7,2806.44,2810.86,11058.481
5664,2025-11-23 09:20:00+00:00,2810.86,2814.27,2807.34,2807.8,5443.948
5665,2025-11-23 09:25:00+00:00,2807.81,2809.73,2805.57,2808.31,4409.681
5666,2025-11-23 09:30:00+00:00,2808.31,2811.0,2806.37,2806.99,4517.157
5667,2025-11-23 09:35:00+00:00,2807.0,2813.06,2804.41,2809.99,7201.781
5668,2025-11-23 09:40:00+00:00,2809.99,2823.14,2809.3,2818.77,22149.138
5669,2025-11-23 09:45:00+00:00,2818.76,2819.46,2815.43,2815.44,6248.546
5670,2025-11-23 09:50:00+00:00,2815.43,2816.63,2812.83,2816.1,4866.132
5671,2025-11-23 09:55:00+00:00,2816.11,2816.73,2813.64,2815.06,3697.595
5672,2025-11-23 10:00:00+00:00,2815.06,2815.37,2809.14,2810.73,6928.805
5673,2025-11-23 10:05:00+00:00,2810.73,2811.29,2805.66,2808.47,9356.19
5674,2025-11-23 10:10:00+00:00,2808.46,2808.47,2802.0,2807.11,9355.424
5675,2025-11-23 10:15:00+00:00,2807.1,2807.36,2801.92,2803.69,11468.048
5676,2025-11-23 10:20:00+00:00,2803.7,2808.93,2801.33,2807.82,7712.381
5677,2025-11-23 10:25:00+00:00,2807.82,2811.84,2804.76,2805.52,6155.879
5678,2025-11-23 10:30:00+00:00,2805.52,2806.28,2802.56,2805.04,6208.93
5679,2025-11-23 10:35:00+00:00,2805.04,2809.29,2802.34,2807.68,4733.0
5680,2025-11-23 10:40:00+00:00,2807.68,2811.7,2807.24,2809.44,5173.726
5681,2025-11-23 10:45:00+00:00,2809.44,2811.67,2808.83,2810.35,3058.644
5682,2025-11-23 10:50:00+00:00,2810.34,2812.53,2808.05,2811.5,3226.197
5683,2025-11-23 10:55:00+00:00,2811.49,2811.86,2806.0,2807.25,4267.843
5684,2025-11-23 11:00:00+00:00,2807.25,2808.0,2803.02,2805.75,7075.088
5685,2025-11-23 11:05:00+00:00,2805.76,2810.27,2802.2,2806.7,8168.589
5686,2025-11-23 11:10:00+00:00,2806.69,2808.31,2803.01,2808.3,4593.414
5687,2025-11-23 11:15:00+00:00,2808.3,2811.34,2803.42,2808.66,5030.257
5688,2025-11-23 11:20:00+00:00,2808.66,2810.19,2805.82,2808.58,2791.255
5689,2025-11-23 11:25:00+00:00,2808.57,2816.82,2807.89,2811.56,11827.816
5690,2025-11-23 11:30:00+00:00,2811.55,2818.44,2811.29,2817.14,10605.322
5691,2025-11-23 11:35:00+00:00,2817.15,2817.72,2812.92,2814.36,5153.486
5692,2025-11-23 11:40:00+00:00,2814.37,2817.84,2814.26,2816.74,2383.753
5693,2025-11-23 11:45:00+00:00,2816.75,2819.65,2815.2,2815.63,6224.35
5694,2025-11-23 11:50:00+00:00,2815.62,2815.64,2811.34,2813.99,3759.738
5695,2025-11-23 11:55:00+00:00,2813.98,2815.6,2813.01,2814.41,1598.198
5696,2025-11-23 12:00:00+00:00,2814.42,2819.74,2812.31,2818.28,5938.2
5697,2025-11-23 12:05:00+00:00,2818.28,2820.83,2815.72,2816.5,7298.426
5698,2025-11-23 12:10:00+00:00,2816.5,2828.45,2816.27,2826.74,21276.233
5699,2025-11-23 12:15:00+00:00,2826.72,2844.44,2826.38,2837.86,62285.035
5700,2025-11-23 12:20:00+00:00,2837.85,2843.6,2833.52,2836.08,26099.435
5701,2025-11-23 12:25:00+00:00,2836.07,2837.45,2832.32,2833.94,13225.582
5702,2025-11-23 12:30:00+00:00,2833.95,2834.58,2829.13,2830.63,18782.615
5703,2025-11-23 12:35:00+00:00,2830.63,2840.62,2829.54,2835.74,20391.605
5704,2025-11-23 12:40:00+00:00,2835.73,2835.94,2831.18,2835.83,14195.453
5705,2025-11-23 12:45:00+00:00,2835.83,2837.16,2830.17,2832.23,15960.703
5706,2025-11-23 12:50:00+00:00,2832.24,2837.67,2832.23,2834.67,8992.244
5707,2025-11-23 12:55:00+00:00,2834.67,2835.0,2831.52,2833.82,5880.933
5708,2025-11-23 13:00:00+00:00,2833.81,2836.0,2831.22,2834.94,6514.373
5709,2025-11-23 13:05:00+00:00,2834.94,2835.82,2828.53,2829.65,12613.615
5710,2025-11-23 13:10:00+00:00,2829.64,2829.64,2821.24,2823.44,20583.724
5711,2025-11-23 13:15:00+00:00,2823.44,2831.52,2823.44,2830.12,12153.089
5712,2025-11-23 13:20:00+00:00,2830.12,2830.74,2823.72,2826.59,6992.904
5713,2025-11-23 13:25:00+00:00,2826.59,2831.31,2824.98,2830.94,6661.626
5714,2025-11-23 13:30:00+00:00,2830.94,2833.63,2826.8,2830.26,7373.799
5715,2025-11-23 13:35:00+00:00,2830.26,2836.71,2828.51,2835.39,8086.253
5716,2025-11-23 13:40:00+00:00,2835.4,2839.71,2835.24,2838.47,10288.983
5717,2025-11-23 13:45:00+00:00,2838.48,2843.57,2835.54,2842.8,12785.808
5718,2025-11-23 13:50:00+00:00,2842.8,2844.33,2838.72,2839.91,11428.212
5719,2025-11-23 13:55:00+00:00,2839.91,2843.54,2838.55,2842.47,6918.464
5720,2025-11-23 14:00:00+00:00,2842.46,2857.0,2840.92,2855.15,48378.326
5721,2025-11-23 14:05:00+00:00,2855.14,2855.7,2832.33,2834.99,43013.243
5722,2025-11-23 14:10:00+00:00,2835.0,2836.0,2831.08,2833.26,14464.457
5723,2025-11-23 14:15:00+00:00,2833.27,2835.11,2823.7,2824.01,18211.085
5724,2025-11-23 14:20:00+00:00,2824.0,2828.49,2823.18,2826.28,13566.428
5725,2025-11-23 14:25:00+00:00,2826.29,2830.47,2826.12,2827.85,8297.553
5726,2025-11-23 14:30:00+00:00,2827.84,2832.85,2825.64,2832.38,13951.15
5727,2025-11-23 14:35:00+00:00,2832.38,2837.6,2821.85,2827.49,14453.252
5728,2025-11-23 14:40:00+00:00,2827.48,2831.72,2826.17,2826.93,4348.058
5729,2025-11-23 14:45:00+00:00,2826.94,2830.9,2816.1,2822.3,13076.286
5730,2025-11-23 14:50:00+00:00,2822.3,2822.3,2811.41,2814.52,28909.946
5731,2025-11-23 14:55:00+00:00,2814.51,2817.5,2811.0,2813.55,11855.089
5732,2025-11-23 15:00:00+00:00,2813.55,2817.77,2808.0,2811.64,19000.244
5733,2025-11-23 15:05:00+00:00,2811.65,2816.54,2808.63,2814.26,11246.364
5734,2025-11-23 15:10:00+00:00,2814.25,2821.83,2814.25,2819.19,10123.686
5735,2025-11-23 15:15:00+00:00,2819.18,2821.4,2816.5,2820.7,8035.273
5736,2025-11-23 15:20:00+00:00,2820.69,2824.92,2813.0,2818.54,13563.24
5737,2025-11-23 15:25:00+00:00,2818.53,2821.36,2815.0,2817.76,5302.641
5738,2025-11-23 15:30:00+00:00,2817.76,2825.73,2814.61,2825.33,10919.252
5739,2025-11-23 15:35:00+00:00,2825.34,2834.84,2822.67,2833.0,21877.163
5740,2025-11-23 15:40:00+00:00,2832.99,2836.4,2830.55,2831.42,15033.464
5741,2025-11-23 15:45:00+00:00,2831.43,2833.86,2827.98,2831.59,11489.721
5742,2025-11-23 15:50:00+00:00,2831.59,2832.0,2828.0,2831.22,9451.44
5743,2025-11-23 15:55:00+00:00,2831.21,2838.79,2831.21,2835.01,13736.067
5744,2025-11-23 16:00:00+00:00,2835.01,2839.78,2832.65,2838.45,12760.138
5745,2025-11-23 16:05:00+00:00,2838.45,2845.53,2834.4,2835.64,28430.266
5746,2025-11-23 16:10:00+00:00,2835.64,2836.5,2828.49,2830.24,13811.325
5747,2025-11-23 16:15:00+00:00,2830.23,2833.14,2826.29,2827.29,12810.72
5748,2025-11-23 16:20:00+00:00,2827.3,2827.4,2823.18,2823.18,10531.764
5749,2025-11-23 16:25:00+00:00,2823.18,2826.34,2818.1,2821.39,12211.429
5750,2025-11-23 16:30:00+00:00,2821.39,2828.79,2816.0,2826.95,12314.001
5751,2025-11-23 16:35:00+00:00,2827.0,2830.96,2824.99,2828.56,8191.666
5752,2025-11-23 16:40:00+00:00,2828.56,2829.71,2826.46,2829.47,5447.792
5753,2025-11-23 16:45:00+00:00,2829.47,2829.48,2823.07,2823.78,6195.705
5754,2025-11-23 16:50:00+00:00,2823.77,2824.78,2818.9,2819.98,6964.581
5755,2025-11-23 16:55:00+00:00,2819.98,2821.56,2796.06,2798.65,55562.667
5756,2025-11-23 17:00:00+00:00,2798.66,2801.9,2787.44,2795.88,52127.458
5757,2025-11-23 17:05:00+00:00,2795.88,2799.14,2793.81,2795.02,20764.365
5758,2025-11-23 17:10:00+00:00,2795.03,2799.76,2792.44,2795.67,10173.93
5759,2025-11-23 17:15:00+00:00,2795.67,2798.22,2785.27,2789.66,22794.498
5760,2025-11-23 17:20:00+00:00,2789.65,2792.69,2786.16,2789.45,15994.991
5761,2025-11-23 17:25:00+00:00,2789.45,2807.11,2787.9,2806.03,20287.372
5762,2025-11-23 17:30:00+00:00,2806.04,2806.04,2795.28,2801.64,12161.422
5763,2025-11-23 17:35:00+00:00,2801.64,2806.0,2800.2,2800.21,7440.226
5764,2025-11-23 17:40:00+00:00,2800.21,2802.88,2800.0,2802.24,3747.847
5765,2025-11-23 17:45:00+00:00,2802.24,2802.54,2785.0,2789.27,20502.411
5766,2025-11-23 17:50:00+00:00,2789.26,2792.49,2786.3,2790.25,9170.551
5767,2025-11-23 17:55:00+00:00,2790.25,2795.17,2789.6,2791.3,5279.895
5768,2025-11-23 18:00:00+00:00,2791.3,2800.37,2791.29,2796.16,7826.893
5769,2025-11-23 18:05:00+00:00,2796.15,2799.79,2796.15,2798.24,3042.136
5770,2025-11-23 18:10:00+00:00,2798.23,2798.24,2791.52,2795.9,7878.089
5771,2025-11-23 18:15:00+00:00,2795.89,2811.07,2795.08,2807.71,17613.533
5772,2025-11-23 18:20:00+00:00,2807.71,2810.92,2802.36,2804.79,8472.16
5773,2025-11-23 18:25:00+00:00,2804.79,2805.69,2799.3,2802.03,4833.737
5774,2025-11-23 18:30:00+00:00,2802.03,2806.24,2800.28,2805.49,9064.993
5775,2025-11-23 18:35:00+00:00,2805.5,2810.54,2804.64,2810.16,6114.909
5776,2025-11-23 18:40:00+00:00,2810.17,2815.93,2810.16,2812.03,16654.001
5777,2025-11-23 18:45:00+00:00,2812.03,2812.03,2803.84,2804.27,7451.961
5778,2025-11-23 18:50:00+00:00,2804.27,2805.88,2802.24,2805.36,4419.478
5779,2025-11-23 18:55:00+00:00,2805.36,2807.6,2802.12,2807.33,3803.543
5780,2025-11-23 19:00:00+00:00,2807.33,2813.61,2805.75,2811.47,5604.509
5781,2025-11-23 19:05:00+00:00,2811.47,2813.83,2807.4,2812.59,4448.094
5782,2025-11-23 19:10:00+00:00,2812.59,2813.87,2810.39,2811.08,3325.37
5783,2025-11-23 19:15:00+00:00,2811.08,2822.08,2811.08,2821.7,11556.233
5784,2025-11-23 19:20:00+00:00,2821.7,2826.8,2819.24,2826.57,12030.905
5785,2025-11-23 19:25:00+00:00,2826.56,2827.3,2819.61,2819.65,7453.576
5786,2025-11-23 19:30:00+00:00,2819.65,2834.0,2818.96,2833.14,15117.251
5787,2025-11-23 19:35:00+00:00,2833.15,2836.67,2832.1,2834.19,12235.568
5788,2025-11-23 19:40:00+00:00,2834.18,2834.18,2826.72,2829.12,11025.027
5789,2025-11-23 19:45:00+00:00,2829.12,2830.2,2822.69,2825.64,9740.428
5790,2025-11-23 19:50:00+00:00,2825.63,2829.2,2824.68,2827.25,5212.968
5791,2025-11-23 19:55:00+00:00,2827.28,2829.24,2818.15,2821.52,10723.14
5792,2025-11-23 20:00:00+00:00,2821.51,2830.46,2820.04,2830.45,9122.507
5793,2025-11-23 20:05:00+00:00,2830.46,2832.41,2822.4,2824.59,7901.223
5794,2025-11-23 20:10:00+00:00,2824.59,2829.7,2821.5,2828.99,5158.397
5795,2025-11-23 20:15:00+00:00,2828.99,2829.94,2825.0,2829.81,3101.775
5796,2025-11-23 20:20:00+00:00,2829.81,2835.0,2823.95,2833.99,10928.678
5797,2025-11-23 20:25:00+00:00,2833.99,2834.08,2830.01,2831.22,3219.168
5798,2025-11-23 20:30:00+00:00,2831.22,2831.67,2822.45,2823.33,7080.135
5799,2025-11-23 20:35:00+00:00,2823.33,2829.96,2823.33,2828.85,2549.258
5800,2025-11-23 20:40:00+00:00,2828.85,2829.33,2825.22,2827.55,2491.648
5801,2025-11-23 20:45:00+00:00,2827.55,2829.54,2825.71,2827.27,2405.581
5802,2025-11-23 20:50:00+00:00,2827.28,2831.65,2827.28,2828.0,2734.421
5803,2025-11-23 20:55:00+00:00,2828.0,2830.28,2825.16,2827.08,3734.28
5804,2025-11-23 21:00:00+00:00,2827.09,2827.26,2821.78,2823.74,5115.968
5805,2025-11-23 21:05:00+00:00,2823.74,2829.54,2817.12,2818.42,10569.496
5806,2025-11-23 21:10:00+00:00,2818.41,2823.64,2815.12,2821.67,11160.69
5807,2025-11-23 21:15:00+00:00,2821.68,2829.0,2821.11,2828.98,4426.982
5808,2025-11-23 21:20:00+00:00,2828.99,2832.59,2825.67,2830.93,6639.4
5809,2025-11-23 21:25:00+00:00,2830.93,2839.0,2830.7,2837.6,9159.743
5810,2025-11-23 21:30:00+00:00,2837.61,2839.29,2832.62,2836.8,6246.228
5811,2025-11-23 21:35:00+00:00,2836.79,2836.91,2829.28,2830.1,5894.161
5812,2025-11-23 21:40:00+00:00,2830.1,2834.23,2827.42,2827.91,4326.854
5813,2025-11-23 21:45:00+00:00,2827.91,2836.7,2827.26,2835.03,4101.007
5814,2025-11-23 21:50:00+00:00,2835.03,2841.42,2833.9,2840.64,6074.233
5815,2025-11-23 21:55:00+00:00,2840.61,2843.99,2838.91,2839.9,10196.497
5816,2025-11-23 22:00:00+00:00,2839.91,2843.45,2826.5,2828.43,12384.727
5817,2025-11-23 22:05:00+00:00,2828.43,2832.44,2823.0,2824.65,8108.163
5818,2025-11-23 22:10:00+00:00,2824.65,2834.62,2824.24,2834.62,4587.237
5819,2025-11-23 22:15:00+00:00,2834.64,2836.8,2823.65,2829.3,7636.235
5820,2025-11-23 22:20:00+00:00,2829.31,2836.0,2827.77,2832.28,4059.467
5821,2025-11-23 22:25:00+00:00,2832.27,2839.9,2828.34,2838.3,8557.168
5822,2025-11-23 22:30:00+00:00,2838.31,2838.31,2832.48,2832.48,4584.216
5823,2025-11-23 22:35:00+00:00,2832.48,2835.0,2828.35,2829.17,3203.194
5824,2025-11-23 22:40:00+00:00,2829.17,2832.85,2825.3,2829.58,3906.671
5825,2025-11-23 22:45:00+00:00,2829.59,2838.49,2829.59,2834.54,3561.732
5826,2025-11-23 22:50:00+00:00,2834.54,2834.58,2831.39,2833.0,1625.874
5827,2025-11-23 22:55:00+00:00,2832.99,2838.55,2832.99,2836.85,8901.337
5828,2025-11-23 23:00:00+00:00,2836.87,2842.5,2822.0,2823.07,15966.029
5829,2025-11-23 23:05:00+00:00,2823.06,2823.85,2815.59,2818.24,27004.736
5830,2025-11-23 23:10:00+00:00,2818.24,2823.51,2812.28,2813.67,11434.3
5831,2025-11-23 23:15:00+00:00,2813.67,2817.0,2801.09,2803.92,26448.176
5832,2025-11-23 23:20:00+00:00,2803.91,2806.44,2794.14,2802.87,28898.713
5833,2025-11-23 23:25:00+00:00,2802.87,2807.53,2800.41,2805.0,7905.93
5834,2025-11-23 23:30:00+00:00,2804.99,2804.99,2795.6,2798.88,13922.067
5835,2025-11-23 23:35:00+00:00,2798.88,2801.2,2793.19,2795.24,10798.091
5836,2025-11-23 23:40:00+00:00,2795.24,2806.15,2794.96,2801.79,16554.067
5837,2025-11-23 23:45:00+00:00,2801.8,2805.55,2798.75,2802.43,7858.962
5838,2025-11-23 23:50:00+00:00,2802.42,2807.06,2797.08,2798.9,11666.983
5839,2025-11-23 23:55:00+00:00,2798.89,2801.98,2798.19,2800.73,4368.815
5840,2025-11-24 00:00:00+00:00,2800.74,2800.74,2786.15,2787.53,27718.16
5841,2025-11-24 00:05:00+00:00,2787.54,2788.73,2777.77,2780.1,26210.313
5842,2025-11-24 00:10:00+00:00,2780.11,2783.44,2775.68,2778.39,18441.001
5843,2025-11-24 00:15:00+00:00,2778.39,2781.57,2766.66,2768.35,34751.986
5844,2025-11-24 00:20:00+00:00,2768.35,2779.44,2761.38,2778.59,48866.853
5845,2025-11-24 00:25:00+00:00,2778.58,2786.26,2775.22,2783.63,19942.48
5846,2025-11-24 00:30:00+00:00,2783.64,2783.97,2773.52,2781.4,22799.409
5847,2025-11-24 00:35:00+00:00,2781.39,2793.69,2781.39,2791.43,23317.274
5848,2025-11-24 00:40:00+00:00,2791.42,2794.65,2781.68,2788.12,14863.07
5849,2025-11-24 00:45:00+00:00,2788.12,2791.88,2780.02,2791.88,15627.598
5850,2025-11-24 00:50:00+00:00,2791.88,2802.08,2791.02,2794.79,21357.668
5851,2025-11-24 00:55:00+00:00,2794.8,2795.48,2784.88,2786.69,12693.731
5852,2025-11-24 01:00:00+00:00,2786.68,2786.93,2780.98,2782.82,14529.868
5853,2025-11-24 01:05:00+00:00,2782.8,2793.92,2778.1,2793.07,23514.859
5854,2025-11-24 01:10:00+00:00,2793.06,2797.88,2786.41,2787.99,9109.408
5855,2025-11-24 01:15:00+00:00,2787.98,2792.11,2780.18,2784.88,9565.562
5856,2025-11-24 01:20:00+00:00,2784.87,2787.54,2780.53,2787.08,7355.675
5857,2025-11-24 01:25:00+00:00,2787.07,2794.63,2784.88,2790.25,8755.434
5858,2025-11-24 01:30:00+00:00,2790.26,2791.24,2782.3,2785.33,7188.621
5859,2025-11-24 01:35:00+00:00,2785.34,2787.74,2781.02,2782.43,6794.378
5860,2025-11-24 01:40:00+00:00,2782.44,2788.59,2776.5,2780.26,9984.44
5861,2025-11-24 01:45:00+00:00,2780.26,2787.59,2777.49,2787.19,10082.84
5862,2025-11-24 01:50:00+00:00,2787.22,2801.95,2787.21,2796.01,21898.703
5863,2025-11-24 01:55:00+00:00,2796.0,2806.29,2796.0,2804.76,17223.509
5864,2025-11-24 02:00:00+00:00,2804.75,2836.15,2802.65,2834.34,102503.098
5865,2025-11-24 02:05:00+00:00,2834.34,2853.82,2834.1,2843.79,82163.978
5866,2025-11-24 02:10:00+00:00,2843.79,2859.94,2843.54,2857.99,35223.981
5867,2025-11-24 02:15:00+00:00,2857.98,2865.3,2853.66,2861.64,44272.429
5868,2025-11-24 02:20:00+00:00,2861.63,2864.5,2855.01,2862.09,19374.588
5869,2025-11-24 02:25:00+00:00,2862.1,2863.79,2851.44,2852.71,20768.024
5870,2025-11-24 02:30:00+00:00,2852.71,2858.0,2836.25,2838.68,45400.139
5871,2025-11-24 02:35:00+00:00,2838.68,2845.71,2836.97,2841.41,27084.06
5872,2025-11-24 02:40:00+00:00,2841.42,2844.99,2838.79,2840.14,11003.876
5873,2025-11-24 02:45:00+00:00,2840.15,2842.8,2828.42,2831.4,25393.952
5874,2025-11-24 02:50:00+00:00,2831.4,2835.59,2825.19,2834.03,18491.478
5875,2025-11-24 02:55:00+00:00,2834.04,2839.93,2832.13,2839.24,12270.19
5876,2025-11-24 03:00:00+00:00,2839.23,2848.0,2838.14,2846.01,20092.408
5877,2025-11-24 03:05:00+00:00,2846.01,2846.49,2834.99,2835.0,12969.107
5878,2025-11-24 03:10:00+00:00,2835.0,2841.02,2833.7,2839.96,13693.656
5879,2025-11-24 03:15:00+00:00,2839.95,2859.5,2836.92,2858.77,27823.452
5880,2025-11-24 03:20:00+00:00,2858.76,2865.3,2851.22,2851.63,28018.027
5881,2025-11-24 03:25:00+00:00,2851.63,2857.2,2851.0,2856.57,11646.134
5882,2025-11-24 03:30:00+00:00,2856.58,2866.34,2853.83,2858.5,18664.918
5883,2025-11-24 03:35:00+00:00,2858.5,2862.55,2852.35,2853.93,14005.305
5884,2025-11-24 03:40:00+00:00,2853.93,2857.57,2851.23,2857.3,9968.998
5885,2025-11-24 03:45:00+00:00,2857.3,2859.68,2850.3,2852.93,10296.712
5886,2025-11-24 03:50:00+00:00,2852.93,2855.89,2850.51,2853.19,8921.37
5887,2025-11-24 03:55:00+00:00,2853.19,2858.38,2852.92,2855.52,7684.652
5888,2025-11-24 04:00:00+00:00,2855.51,2857.62,2852.7,2855.27,10401.287
5889,2025-11-24 04:05:00+00:00,2855.28,2861.05,2853.96,2859.7,10117.403
5890,2025-11-24 04:10:00+00:00,2859.7,2869.99,2857.3,2857.3,32244.572
5891,2025-11-24 04:15:00+00:00,2857.31,2857.31,2827.05,2828.01,63511.4
5892,2025-11-24 04:20:00+00:00,2828.01,2828.76,2805.8,2808.48,72116.814
5893,2025-11-24 04:25:00+00:00,2808.48,2813.97,2800.99,2813.64,47972.772
5894,2025-11-24 04:30:00+00:00,2813.64,2827.3,2812.11,2827.3,35859.463
5895,2025-11-24 04:35:00+00:00,2827.3,2827.3,2819.18,2823.72,16036.611
5896,2025-11-24 04:40:00+00:00,2823.72,2829.57,2820.7,2826.89,12215.163
5897,2025-11-24 04:45:00+00:00,2826.88,2829.18,2819.12,2819.68,13025.333
5898,2025-11-24 04:50:00+00:00,2819.67,2823.57,2817.42,2823.1,6055.743
5899,2025-11-24 04:55:00+00:00,2823.11,2826.05,2821.99,2823.71,5605.04
5900,2025-11-24 05:00:00+00:00,2823.7,2830.17,2821.28,2828.59,17469.183
5901,2025-11-24 05:05:00+00:00,2828.6,2874.84,2828.6,2872.46,112143.33
5902,2025-11-24 05:10:00+00:00,2872.46,2884.38,2871.39,2878.77,65480.945
5903,2025-11-24 05:15:00+00:00,2878.78,2884.8,2873.2,2874.26,30285.134
5904,2025-11-24 05:20:00+00:00,2874.26,2884.36,2874.26,2879.59,19758.229
5905,2025-11-24 05:25:00+00:00,2879.59,2883.0,2875.46,2876.76,14464.016
5906,2025-11-24 05:30:00+00:00,2876.75,2877.74,2862.05,2862.06,35280.888
5907,2025-11-24 05:35:00+00:00,2862.06,2872.71,2861.81,2871.31,16513.135
5908,2025-11-24 05:40:00+00:00,2871.3,2874.0,2866.86,2868.73,10130.711
5909,2025-11-24 05:45:00+00:00,2868.72,2870.81,2859.89,2862.99,17115.763
5910,2025-11-24 05:50:00+00:00,2862.99,2868.75,2861.45,2865.41,8946.662
5911,2025-11-24 05:55:00+00:00,2865.41,2867.0,2861.0,2866.13,7509.676
5912,2025-11-24 06:00:00+00:00,2866.13,2867.65,2859.48,2859.91,8799.614
5913,2025-11-24 06:05:00+00:00,2859.91,2860.0,2834.45,2839.72,73886.01
5914,2025-11-24 06:10:00+00:00,2839.73,2843.93,2836.1,2838.05,17842.759
5915,2025-11-24 06:15:00+00:00,2838.04,2848.76,2838.04,2844.95,30256.836
5916,2025-11-24 06:20:00+00:00,2844.95,2845.4,2837.94,2840.64,11517.827
5917,2025-11-24 06:25:00+00:00,2840.65,2841.48,2832.89,2839.83,13404.121
5918,2025-11-24 06:30:00+00:00,2839.83,2839.83,2831.37,2835.48,9622.899
5919,2025-11-24 06:35:00+00:00,2835.48,2843.18,2832.59,2841.73,10268.645
5920,2025-11-24 06:40:00+00:00,2841.73,2844.0,2833.0,2836.27,15973.148
5921,2025-11-24 06:45:00+00:00,2836.27,2839.0,2832.18,2837.37,10049.793
5922,2025-11-24 06:50:00+00:00,2837.37,2837.61,2826.41,2836.14,19139.119
5923,2025-11-24 06:55:00+00:00,2836.15,2838.68,2832.41,2837.81,11800.697
5924,2025-11-24 07:00:00+00:00,2837.81,2837.81,2826.74,2829.36,12119.151
5925,2025-11-24 07:05:00+00:00,2829.35,2833.14,2827.38,2833.12,6848.402
5926,2025-11-24 07:10:00+00:00,2833.11,2835.61,2827.65,2830.68,7099.838
5927,2025-11-24 07:15:00+00:00,2830.68,2834.86,2821.49,2833.39,16459.483
5928,2025-11-24 07:20:00+00:00,2833.4,2833.58,2823.28,2828.1,7859.448
5929,2025-11-24 07:25:00+00:00,2828.11,2828.85,2825.0,2827.94,7003.374
5930,2025-11-24 07:30:00+00:00,2827.94,2833.69,2825.22,2831.48,13432.848
5931,2025-11-24 07:35:00+00:00,2831.49,2836.26,2830.5,2835.48,9532.235
5932,2025-11-24 07:40:00+00:00,2835.49,2843.78,2831.12,2841.51,16591.867
5933,2025-11-24 07:45:00+00:00,2841.51,2843.35,2834.62,2841.9,16710.048
5934,2025-11-24 07:50:00+00:00,2841.9,2842.8,2835.73,2835.96,6263.978
5935,2025-11-24 07:55:00+00:00,2835.96,2836.57,2826.26,2828.77,15328.212
5936,2025-11-24 08:00:00+00:00,2828.76,2828.76,2820.04,2821.83,17101.781
5937,2025-11-24 08:05:00+00:00,2821.83,2827.54,2820.79,2824.86,12837.277
5938,2025-11-24 08:10:00+00:00,2824.86,2830.59,2823.7,2828.69,9314.389
5939,2025-11-24 08:15:00+00:00,2828.69,2831.8,2825.01,2825.56,8789.678
5940,2025-11-24 08:20:00+00:00,2825.55,2831.0,2822.91,2827.88,7339.146
5941,2025-11-24 08:25:00+00:00,2827.89,2827.89,2822.63,2824.33,4971.019
5942,2025-11-24 08:30:00+00:00,2824.34,2827.01,2820.79,2820.86,8044.9
5943,2025-11-24 08:35:00+00:00,2820.86,2827.44,2820.79,2825.6,5941.279
5944,2025-11-24 08:40:00+00:00,2825.6,2828.28,2824.69,2827.44,4454.81
5945,2025-11-24 08:45:00+00:00,2827.43,2828.87,2822.0,2827.92,7086.058
5946,2025-11-24 08:50:00+00:00,2827.92,2830.75,2825.41,2830.42,4932.662
5947,2025-11-24 08:55:00+00:00,2830.42,2841.92,2830.24,2837.37,19049.618
5948,2025-11-24 09:00:00+00:00,2837.38,2837.38,2827.15,2835.27,14525.952
5949,2025-11-24 09:05:00+00:00,2835.26,2835.26,2810.1,2811.48,32755.525
5950,2025-11-24 09:10:00+00:00,2811.48,2817.78,2810.88,2813.95,16404.8
5951,2025-11-24 09:15:00+00:00,2813.95,2814.2,2803.12,2804.41,27521.852
5952,2025-11-24 09:20:00+00:00,2804.41,2804.42,2790.06,2793.69,53639.961
5953,2025-11-24 09:25:00+00:00,2793.69,2795.95,2786.01,2793.19,34887.242
5954,2025-11-24 09:30:00+00:00,2793.19,2799.26,2789.45,2795.36,24191.641
5955,2025-11-24 09:35:00+00:00,2795.36,2811.93,2795.0,2807.73,29069.034
5956,2025-11-24 09:40:00+00:00,2807.72,2807.96,2798.75,2799.24,20624.875
5957,2025-11-24 09:45:00+00:00,2799.23,2802.73,2792.79,2797.2,23029.721
5958,2025-11-24 09:50:00+00:00,2797.19,2800.13,2794.38,2796.0,9747.054
5959,2025-11-24 09:55:00+00:00,2796.0,2797.72,2794.0,2796.45,7851.464
5960,2025-11-24 10:00:00+00:00,2796.46,2803.91,2794.0,2802.88,13040.632
5961,2025-11-24 10:05:00+00:00,2802.88,2805.61,2796.72,2800.01,13874.638
5962,2025-11-24 10:10:00+00:00,2800.0,2800.0,2793.01,2794.73,8331.899
5963,2025-11-24 10:15:00+00:00,2794.72,2800.14,2794.2,2799.56,7450.32
5964,2025-11-24 10:20:00+00:00,2799.56,2802.38,2795.73,2796.02,12215.703
5965,2025-11-24 10:25:00+00:00,2796.02,2799.95,2793.0,2799.76,9192.964
5966,2025-11-24 10:30:00+00:00,2799.76,2799.89,2792.08,2795.58,10309.797
5967,2025-11-24 10:35:00+00:00,2795.59,2803.98,2794.05,2802.44,8561.246
5968,2025-11-24 10:40:00+00:00,2802.43,2805.75,2800.34,2800.42,6595.783
5969,2025-11-24 10:45:00+00:00,2800.41,2802.17,2798.75,2801.4,6062.853
5970,2025-11-24 10:50:00+00:00,2801.39,2802.66,2795.44,2796.88,6251.49
5971,2025-11-24 10:55:00+00:00,2796.88,2801.08,2796.76,2797.85,5818.574
5972,2025-11-24 11:00:00+00:00,2797.84,2801.77,2797.38,2800.0,5838.195
5973,2025-11-24 11:05:00+00:00,2800.0,2800.0,2787.56,2794.04,15558.432
5974,2025-11-24 11:10:00+00:00,2794.04,2799.51,2794.0,2798.35,5132.313
5975,2025-11-24 11:15:00+00:00,2798.35,2800.1,2794.73,2797.76,4841.924
5976,2025-11-24 11:20:00+00:00,2797.75,2797.75,2794.0,2795.43,3499.549
5977,2025-11-24 11:25:00+00:00,2795.44,2796.39,2793.12,2794.33,3724.02
5978,2025-11-24 11:30:00+00:00,2794.33,2800.31,2794.33,2798.27,6775.676
5979,2025-11-24 11:35:00+00:00,2798.26,2807.28,2795.58,2800.04,13824.639
5980,2025-11-24 11:40:00+00:00,2800.04,2804.74,2797.64,2804.42,9715.646
5981,2025-11-24 11:45:00+00:00,2804.42,2806.0,2801.56,2803.17,6530.868
5982,2025-11-24 11:50:00+00:00,2803.16,2804.44,2799.37,2799.76,7571.492
5983,2025-11-24 11:55:00+00:00,2799.75,2804.3,2799.59,2802.07,6238.124
5984,2025-11-24 12:00:00+00:00,2802.06,2802.06,2795.83,2798.51,8400.789
5985,2025-11-24 12:05:00+00:00,2798.52,2804.98,2793.72,2797.34,12534.538
5986,2025-11-24 12:10:00+00:00,2797.34,2797.49,2793.88,2795.41,8173.528
5987,2025-11-24 12:15:00+00:00,2795.41,2799.97,2794.69,2795.23,5782.046
5988,2025-11-24 12:20:00+00:00,2795.23,2800.82,2795.07,2799.11,6217.71
5989,2025-11-24 12:25:00+00:00,2799.11,2806.48,2799.11,2806.48,8646.93
5990,2025-11-24 12:30:00+00:00,2806.48,2810.97,2805.93,2808.0,16024.898
5991,2025-11-24 12:35:00+00:00,2808.0,2808.42,2797.01,2798.94,10884.107
5992,2025-11-24 12:40:00+00:00,2798.95,2801.64,2795.62,2799.12,7979.889
5993,2025-11-24 12:45:00+00:00,2799.12,2805.56,2797.84,2800.28,8899.887
5994,2025-11-24 12:50:00+00:00,2800.28,2801.59,2796.87,2800.9,6154.106
5995,2025-11-24 12:55:00+00:00,2800.9,2803.28,2800.47,2802.24,3366.246
5996,2025-11-24 13:00:00+00:00,2802.25,2804.9,2801.0,2804.66,4382.869
5997,2025-11-24 13:05:00+00:00,2804.65,2821.67,2804.37,2817.81,32388.194
5998,2025-11-24 13:10:00+00:00,2817.82,2821.77,2813.75,2815.55,18238.545
5999,2025-11-24 13:15:00+00:00,2815.54,2817.31,2809.24,2814.0,11861.022
6000,2025-11-24 13:20:00+00:00,2813.99,2814.73,2810.36,2812.71,5898.458
6001,2025-11-24 13:25:00+00:00,2812.71,2820.81,2809.58,2819.22,12193.464
6002,2025-11-24 13:30:00+00:00,2819.23,2819.82,2815.0,2815.65,8115.477
6003,2025-11-24 13:35:00+00:00,2815.64,2827.36,2813.44,2824.35,17691.16
6004,2025-11-24 13:40:00+00:00,2824.35,2826.77,2821.12,2825.45,18074.181
6005,2025-11-24 13:45:00+00:00,2825.44,2825.59,2818.5,2819.44,11638.18
6006,2025-11-24 13:50:00+00:00,2819.43,2824.41,2817.28,2820.62,14271.872
6007,2025-11-24 13:55:00+00:00,2820.62,2822.53,2812.56,2813.91,14435.489
6008,2025-11-24 14:00:00+00:00,2813.9,2813.9,2799.25,2808.23,28253.542
6009,2025-11-24 14:05:00+00:00,2808.24,2808.96,2803.28,2805.19,10587.272
6010,2025-11-24 14:10:00+00:00,2805.19,2808.88,2804.26,2806.42,6893.316
6011,2025-11-24 14:15:00+00:00,2806.42,2808.0,2802.07,2804.12,8568.643
6012,2025-11-24 14:20:00+00:00,2804.11,2805.61,2800.02,2803.27,6403.09
6013,2025-11-24 14:25:00+00:00,2803.27,2803.97,2795.18,2796.69,10324.657
6014,2025-11-24 14:30:00+00:00,2796.69,2840.17,2795.91,2839.77,110603.254
6015,2025-11-24 14:35:00+00:00,2839.76,2848.28,2820.0,2828.07,74594.599
6016,2025-11-24 14:40:00+00:00,2828.08,2833.82,2796.59,2802.35,98723.501
6017,2025-11-24 14:45:00+00:00,2802.34,2812.61,2797.44,2798.23,55708.844
6018,2025-11-24 14:50:00+00:00,2798.23,2814.96,2782.2,2808.29,95482.897
6019,2025-11-24 14:55:00+00:00,2808.29,2831.92,2805.12,2831.16,51031.529
6020,2025-11-24 15:00:00+00:00,2831.23,2840.8,2824.26,2830.62,65652.203
6021,2025-11-24 15:05:00+00:00,2830.63,2837.53,2824.69,2828.29,30330.454
6022,2025-11-24 15:10:00+00:00,2828.3,2837.97,2815.31,2832.16,47204.268
6023,2025-11-24 15:15:00+00:00,2832.13,2834.88,2818.2,2819.85,22575.279
6024,2025-11-24 15:20:00+00:00,2819.85,2834.3,2817.5,2824.92,20828.864
6025,2025-11-24 15:25:00+00:00,2824.94,2826.0,2810.86,2820.86,25997.921
6026,2025-11-24 15:30:00+00:00,2820.87,2843.98,2815.98,2842.54,42196.429
6027,2025-11-24 15:35:00+00:00,2842.56,2846.53,2834.71,2842.87,34033.296
6028,2025-11-24 15:40:00+00:00,2842.87,2847.98,2841.08,2845.52,18574.8
6029,2025-11-24 15:45:00+00:00,2845.52,2859.5,2845.52,2851.45,44612.544
6030,2025-11-24 15:50:00+00:00,2851.46,2853.58,2838.12,2838.88,31386.697
6031,2025-11-24 15:55:00+00:00,2838.87,2846.87,2836.0,2845.16,21415.956
6032,2025-11-24 16:00:00+00:00,2845.15,2863.0,2844.21,2861.11,49487.916
6033,2025-11-24 16:05:00+00:00,2861.1,2862.5,2841.63,2851.26,37842.597
6034,2025-11-24 16:10:00+00:00,2851.26,2851.43,2841.29,2843.28,14297.823
6035,2025-11-24 16:15:00+00:00,2843.29,2856.52,2842.5,2851.09,19260.042
6036,2025-11-24 16:20:00+00:00,2851.08,2852.72,2845.87,2849.67,11531.196
6037,2025-11-24 16:25:00+00:00,2849.66,2858.0,2847.5,2849.7,15763.593
6038,2025-11-24 16:30:00+00:00,2849.7,2856.3,2845.3,2853.3,15307.871
6039,2025-11-24 16:35:00+00:00,2853.3,2854.85,2848.69,2852.74,8358.741
6040,2025-11-24 16:40:00+00:00,2852.74,2864.75,2851.98,2863.41,20969.216
6041,2025-11-24 16:45:00+00:00,2863.41,2875.0,2862.74,2864.91,47569.094
6042,2025-11-24 16:50:00+00:00,2864.91,2871.26,2856.88,2860.09,30908.41
6043,2025-11-24 16:55:00+00:00,2860.08,2860.89,2856.82,2857.46,9341.936
6044,2025-11-24 17:00:00+00:00,2857.47,2865.0,2857.47,2861.44,19794.803
6045,2025-11-24 17:05:00+00:00,2861.44,2863.89,2856.49,2857.96,15014.287
6046,2025-11-24 17:10:00+00:00,2857.97,2861.08,2856.75,2857.4,8807.649
6047,2025-11-24 17:15:00+00:00,2857.4,2872.59,2855.17,2872.43,22468.985
6048,2025-11-24 17:20:00+00:00,2872.43,2893.01,2867.68,2890.5,115879.159
6049,2025-11-24 17:25:00+00:00,2890.49,2918.24,2890.18,2914.97,124584.502
6050,2025-11-24 17:30:00+00:00,2914.97,2931.61,2903.83,2920.11,114677.664
6051,2025-11-24 17:35:00+00:00,2920.1,2927.14,2913.71,2925.19,44058.619
6052,2025-11-24 17:40:00+00:00,2925.19,2929.97,2915.11,2920.98,47444.497
6053,2025-11-24 17:45:00+00:00,2920.98,2929.49,2915.13,2928.53,33648.354
6054,2025-11-24 17:50:00+00:00,2928.53,2934.8,2920.0,2930.55,29757.058
6055,2025-11-24 17:55:00+00:00,2930.55,2942.99,2927.92,2938.62,61169.924
6056,2025-11-24 18:00:00+00:00,2938.63,2951.63,2938.62,2940.92,95709.174
6057,2025-11-24 18:05:00+00:00,2940.92,2952.86,2935.62,2943.56,80890.688
6058,2025-11-24 18:10:00+00:00,2943.56,2952.46,2939.69,2945.63,29168.766
6059,2025-11-24 18:15:00+00:00,2945.63,2950.24,2938.41,2943.46,29629.427
6060,2025-11-24 18:20:00+00:00,2943.45,2944.88,2937.2,2939.82,26664.138
6061,2025-11-24 18:25:00+00:00,2939.83,2939.93,2935.64,2936.12,19675.553
6062,2025-11-24 18:30:00+00:00,2936.13,2943.46,2927.89,2939.93,39298.773
6063,2025-11-24 18:35:00+00:00,2939.92,2946.73,2936.77,2945.84,24106.705
6064,2025-11-24 18:40:00+00:00,2945.84,2946.87,2941.42,2943.13,12204.46
6065,2025-11-24 18:45:00+00:00,2943.12,2959.0,2942.88,2955.88,33966.795
6066,2025-11-24 18:50:00+00:00,2955.87,2963.0,2951.15,2952.99,22450.406
6067,2025-11-24 18:55:00+00:00,2952.99,2956.25,2951.24,2955.68,12282.126
6068,2025-11-24 19:00:00+00:00,2955.67,2969.55,2953.19,2968.92,40068.147
6069,2025-11-24 19:05:00+00:00,2968.91,2978.99,2966.99,2971.25,60009.688
6070,2025-11-24 19:10:00+00:00,2971.25,2971.5,2963.05,2970.24,22087.644
6071,2025-11-24 19:15:00+00:00,2970.24,2976.87,2967.77,2973.17,15282.891
6072,2025-11-24 19:20:00+00:00,2973.17,2974.04,2964.4,2966.95,15009.967
6073,2025-11-24 19:25:00+00:00,2966.95,2972.0,2965.26,2971.51,11441.259
6074,2025-11-24 19:30:00+00:00,2971.52,2975.45,2965.38,2967.5,16068.606
6075,2025-11-24 19:35:00+00:00,2967.5,2974.2,2965.08,2970.54,12442.922
6076,2025-11-24 19:40:00+00:00,2970.54,2971.36,2952.17,2956.69,34783.37
6077,2025-11-24 19:45:00+00:00,2956.69,2960.47,2953.59,2957.27,15343.494
6078,2025-11-24 19:50:00+00:00,2957.27,2964.17,2955.04,2956.33,12021.133
6079,2025-11-24 19:55:00+00:00,2956.33,2961.76,2954.63,2957.8,18202.571
6080,2025-11-24 20:00:00+00:00,2957.81,2964.44,2953.0,2954.98,22810.726
6081,2025-11-24 20:05:00+00:00,2954.97,2967.13,2951.0,2967.1,24692.864
6082,2025-11-24 20:10:00+00:00,2967.1,2986.98,2965.64,2974.83,51591.53
6083,2025-11-24 20:15:00+00:00,2974.83,2983.18,2970.67,2977.7,15299.874
6084,2025-11-24 20:20:00+00:00,2977.7,2981.09,2973.77,2975.62,17545.734
6085,2025-11-24 20:25:00+00:00,2975.62,2977.88,2968.5,2977.09,15516.856
6086,2025-11-24 20:30:00+00:00,2977.1,2977.42,2969.39,2973.03,8600.459
6087,2025-11-24 20:35:00+00:00,2973.03,2978.4,2971.25,2976.07,17009.988
6088,2025-11-24 20:40:00+00:00,2976.08,2981.22,2971.67,2976.17,15947.364
6089,2025-11-24 20:45:00+00:00,2976.17,2982.92,2974.94,2980.04,20388.011
6090,2025-11-24 20:50:00+00:00,2980.05,2981.57,2971.42,2979.08,16022.081
6091,2025-11-24 20:55:00+00:00,2979.08,2980.0,2968.1,2971.25,15016.891
6092,2025-11-24 21:00:00+00:00,2971.25,2972.96,2963.75,2968.15,21863.122
6093,2025-11-24 21:05:00+00:00,2968.15,2970.42,2964.73,2966.33,9112.131
6094,2025-11-24 21:10:00+00:00,2966.33,2969.1,2962.3,2966.62,11254.587
6095,2025-11-24 21:15:00+00:00,2966.61,2968.09,2961.27,2961.87,7482.267
6096,2025-11-24 21:20:00+00:00,2961.88,2966.96,2959.63,2965.49,10544.797
6097,2025-11-24 21:25:00+00:00,2965.49,2966.97,2960.05,2964.7,6624.271
6098,2025-11-24 21:30:00+00:00,2964.7,2972.63,2964.7,2967.32,11530.76
6099,2025-11-24 21:35:00+00:00,2967.31,2967.31,2959.85,2961.46,7981.401
6100,2025-11-24 21:40:00+00:00,2961.47,2966.67,2954.25,2954.26,18197.174
6101,2025-11-24 21:45:00+00:00,2954.26,2957.99,2944.7,2955.94,41871.556
6102,2025-11-24 21:50:00+00:00,2955.95,2960.34,2955.08,2955.75,8185.083
6103,2025-11-24 21:55:00+00:00,2955.75,2962.86,2955.48,2957.98,6848.618
6104,2025-11-24 22:00:00+00:00,2957.97,2963.94,2956.75,2963.94,7917.086
6105,2025-11-24 22:05:00+00:00,2963.93,2979.42,2962.26,2967.2,23637.985
6106,2025-11-24 22:10:00+00:00,2967.2,2970.3,2965.61,2967.86,6650.197
6107,2025-11-24 22:15:00+00:00,2967.87,2968.24,2960.01,2961.47,5559.886
6108,2025-11-24 22:20:00+00:00,2961.46,2963.56,2954.71,2956.88,7728.31
6109,2025-11-24 22:25:00+00:00,2956.89,2960.59,2955.68,2959.78,5550.281
6110,2025-11-24 22:30:00+00:00,2959.78,2963.26,2957.11,2963.26,4210.489
6111,2025-11-24 22:35:00+00:00,2963.25,2965.48,2958.19,2959.62,3461.742
6112,2025-11-24 22:40:00+00:00,2959.63,2960.43,2956.2,2957.29,2553.279
6113,2025-11-24 22:45:00+00:00,2957.29,2957.52,2953.12,2953.12,3878.367
6114,2025-11-24 22:50:00+00:00,2953.13,2957.47,2950.72,2953.6,7030.308
6115,2025-11-24 22:55:00+00:00,2953.6,2963.39,2953.59,2959.23,8209.728
6116,2025-11-24 23:00:00+00:00,2959.22,2960.99,2954.82,2957.28,8147.633
6117,2025-11-24 23:05:00+00:00,2957.28,2958.0,2954.16,2954.78,4694.534
6118,2025-11-24 23:10:00+00:00,2954.78,2961.62,2953.3,2960.41,11263.578
6119,2025-11-24 23:15:00+00:00,2960.41,2967.59,2959.76,2966.06,11094.478
6120,2025-11-24 23:20:00+00:00,2966.05,2966.83,2962.01,2965.26,6234.181
6121,2025-11-24 23:25:00+00:00,2965.26,2966.5,2964.24,2965.97,3894.611
6122,2025-11-24 23:30:00+00:00,2965.96,2966.08,2961.56,2962.35,5593.299
6123,2025-11-24 23:35:00+00:00,2962.34,2962.4,2955.17,2955.21,7416.062
6124,2025-11-24 23:40:00+00:00,2955.21,2962.96,2955.2,2961.44,9764.15
6125,2025-11-24 23:45:00+00:00,2961.45,2961.45,2955.9,2958.74,6250.615
6126,2025-11-24 23:50:00+00:00,2958.74,2958.87,2950.43,2952.38,29667.222
6127,2025-11-24 23:55:00+00:00,2952.38,2953.51,2951.36,2952.19,5573.394
6128,2025-11-25 00:00:00+00:00,2952.18,2952.51,2941.0,2944.17,25820.105
6129,2025-11-25 00:05:00+00:00,2944.16,2949.51,2942.26,2945.53,13908.06
6130,2025-11-25 00:10:00+00:00,2945.52,2947.99,2937.16,2938.49,14587.802
6131,2025-11-25 00:15:00+00:00,2938.49,2940.58,2933.34,2940.0,17632.445
6132,2025-11-25 00:20:00+00:00,2940.01,2940.24,2931.72,2933.67,19376.379
6133,2025-11-25 00:25:00+00:00,2933.66,2936.6,2931.83,2932.87,7938.324
6134,2025-11-25 00:30:00+00:00,2932.87,2942.82,2930.52,2942.03,11704.043
6135,2025-11-25 00:35:00+00:00,2942.02,2947.98,2941.16,2942.2,13003.73
6136,2025-11-25 00:40:00+00:00,2942.2,2949.99,2942.04,2944.7,11356.17
6137,2025-11-25 00:45:00+00:00,2944.7,2949.91,2940.34,2941.43,10176.414
6138,2025-11-25 00:50:00+00:00,2941.43,2946.9,2939.05,2945.21,6103.621
6139,2025-11-25 00:55:00+00:00,2945.21,2945.21,2940.39,2941.98,5194.14
6140,2025-11-25 01:00:00+00:00,2941.97,2942.69,2934.28,2939.29,11668.844
6141,2025-11-25 01:05:00+00:00,2939.28,2943.75,2935.42,2941.48,4487.041
6142,2025-11-25 01:10:00+00:00,2941.49,2947.22,2939.58,2945.46,8492.014
6143,2025-11-25 01:15:00+00:00,2945.47,2946.0,2937.06,2938.38,5490.487
6144,2025-11-25 01:20:00+00:00,2938.39,2945.0,2938.23,2944.52,6046.848
6145,2025-11-25 01:25:00+00:00,2944.54,2946.27,2938.01,2939.27,6260.647
6146,2025-11-25 01:30:00+00:00,2939.26,2943.6,2937.66,2939.34,5060.894
6147,2025-11-25 01:35:00+00:00,2939.34,2944.56,2935.61,2936.06,5516.926
6148,2025-11-25 01:40:00+00:00,2936.07,2937.26,2931.16,2935.94,7783.233
6149,2025-11-25 01:45:00+00:00,2935.94,2937.62,2924.27,2925.48,19127.052
6150,2025-11-25 01:50:00+00:00,2925.47,2927.6,2921.99,2925.19,13764.038
6151,2025-11-25 01:55:00+00:00,2925.19,2927.22,2916.59,2917.98,26052.954
6152,2025-11-25 02:00:00+00:00,2917.99,2926.44,2909.54,2920.96,44070.53
6153,2025-11-25 02:05:00+00:00,2920.97,2922.05,2914.35,2916.51,12846.494
6154,2025-11-25 02:10:00+00:00,2916.51,2921.44,2915.81,2916.92,9476.129
6155,2025-11-25 02:15:00+00:00,2916.93,2921.47,2916.54,2919.55,11182.543
6156,2025-11-25 02:20:00+00:00,2919.55,2921.99,2914.81,2915.01,6918.8
6157,2025-11-25 02:25:00+00:00,2915.0,2916.66,2909.71,2913.31,17972.406
6158,2025-11-25 02:30:00+00:00,2913.32,2914.79,2907.0,2912.8,13704.327
6159,2025-11-25 02:35:00+00:00,2912.8,2916.35,2910.12,2915.0,9061.797
6160,2025-11-25 02:40:00+00:00,2914.99,2924.74,2914.44,2922.8,15535.64
6161,2025-11-25 02:45:00+00:00,2922.79,2930.0,2922.79,2928.5,13302.058
6162,2025-11-25 02:50:00+00:00,2928.49,2933.52,2924.66,2925.82,15603.337
6163,2025-11-25 02:55:00+00:00,2925.82,2929.97,2925.82,2929.75,5789.376
6164,2025-11-25 03:00:00+00:00,2929.75,2929.76,2923.01,2926.37,13526.005
6165,2025-11-25 03:05:00+00:00,2926.37,2935.75,2924.37,2929.4,31426.889
6166,2025-11-25 03:10:00+00:00,2929.39,2929.39,2921.63,2923.17,8098.066
6167,2025-11-25 03:15:00+00:00,2923.18,2924.86,2919.29,2922.71,5990.057
6168,2025-11-25 03:20:00+00:00,2922.71,2929.1,2920.19,2928.0,4944.58
6169,2025-11-25 03:25:00+00:00,2927.99,2928.76,2922.99,2925.72,4700.44
6170,2025-11-25 03:30:00+00:00,2925.72,2925.72,2914.0,2914.58,8324.241
6171,2025-11-25 03:35:00+00:00,2914.59,2915.0,2906.39,2907.67,21080.91
6172,2025-11-25 03:40:00+00:00,2907.68,2910.53,2905.26,2909.84,13804.167
6173,2025-11-25 03:45:00+00:00,2909.84,2911.67,2908.06,2909.53,7231.553
6174,2025-11-25 03:50:00+00:00,2909.54,2911.96,2902.5,2911.45,18749.951
6175,2025-11-25 03:55:00+00:00,2911.46,2912.52,2908.59,2910.29,8110.619
6176,2025-11-25 04:00:00+00:00,2910.29,2912.18,2908.35,2911.73,8106.848
6177,2025-11-25 04:05:00+00:00,2911.72,2919.71,2911.45,2919.28,13476.918
6178,2025-11-25 04:10:00+00:00,2919.28,2923.21,2916.15,2922.62,10823.554
6179,2025-11-25 04:15:00+00:00,2922.61,2923.59,2919.31,2921.93,9223.623
6180,2025-11-25 04:20:00+00:00,2921.92,2924.6,2917.14,2920.28,8965.356
6181,2025-11-25 04:25:00+00:00,2920.28,2928.75,2919.0,2926.61,14557.83
6182,2025-11-25 04:30:00+00:00,2926.61,2934.5,2925.85,2933.99,22768.497
6183,2025-11-25 04:35:00+00:00,2933.99,2939.62,2929.62,2933.23,18598.97
6184,2025-11-25 04:40:00+00:00,2933.22,2933.72,2928.65,2930.25,6405.926
6185,2025-11-25 04:45:00+00:00,2930.24,2933.24,2929.53,2931.6,7202.764
6186,2025-11-25 04:50:00+00:00,2931.59,2941.39,2931.02,2939.62,17001.95
6187,2025-11-25 04:55:00+00:00,2939.61,2939.61,2936.06,2936.06,10137.313
6188,2025-11-25 05:00:00+00:00,2936.05,2937.36,2932.83,2933.38,10739.829
6189,2025-11-25 05:05:00+00:00,2933.38,2933.38,2928.3,2928.3,10327.909
6190,2025-11-25 05:10:00+00:00,2928.31,2930.46,2926.66,2928.0,8541.683
6191,2025-11-25 05:15:00+00:00,2928.0,2930.69,2925.64,2930.2,7620.548
6192,2025-11-25 05:20:00+00:00,2930.2,2930.48,2928.0,2928.75,4757.884
6193,2025-11-25 05:25:00+00:00,2928.75,2928.75,2916.9,2920.27,15187.197
6194,2025-11-25 05:30:00+00:00,2920.26,2930.53,2920.0,2928.75,10086.221
6195,2025-11-25 05:35:00+00:00,2928.74,2931.91,2928.44,2931.48,4786.029
6196,2025-11-25 05:40:00+00:00,2931.49,2932.0,2928.1,2931.0,4789.274
6197,2025-11-25 05:45:00+00:00,2931.0,2932.8,2928.91,2931.16,4586.821
6198,2025-11-25 05:50:00+00:00,2931.16,2935.52,2930.73,2931.82,7076.019
6199,2025-11-25 05:55:00+00:00,2931.81,2931.82,2927.07,2927.25,5199.475
6200,2025-11-25 06:00:00+00:00,2927.26,2927.63,2923.08,2924.8,12545.632
6201,2025-11-25 06:05:00+00:00,2924.8,2925.97,2918.9,2925.6,9199.792
6202,2025-11-25 06:10:00+00:00,2925.6,2925.7,2921.1,2922.24,4009.987
6203,2025-11-25 06:15:00+00:00,2922.25,2924.26,2918.24,2922.58,4447.319
6204,2025-11-25 06:20:00+00:00,2922.57,2922.57,2917.03,2917.96,5315.45
6205,2025-11-25 06:25:00+00:00,2917.95,2917.96,2913.15,2914.38,6850.973
6206,2025-11-25 06:30:00+00:00,2914.38,2920.0,2911.0,2919.25,22114.677
6207,2025-11-25 06:35:00+00:00,2919.24,2921.75,2916.98,2917.2,4694.483
6208,2025-11-25 06:40:00+00:00,2917.2,2918.91,2912.53,2915.26,4395.712
6209,2025-11-25 06:45:00+00:00,2915.26,2919.1,2914.25,2915.02,4552.345
6210,2025-11-25 06:50:00+00:00,2915.01,2918.78,2912.4,2917.63,6077.312
6211,2025-11-25 06:55:00+00:00,2917.62,2925.61,2917.62,2921.09,12546.755
6212,2025-11-25 07:00:00+00:00,2921.08,2921.39,2915.57,2917.26,4446.421
6213,2025-11-25 07:05:00+00:00,2917.26,2923.12,2915.0,2922.36,3334.724
6214,2025-11-25 07:10:00+00:00,2922.36,2924.65,2920.86,2920.87,4841.774
6215,2025-11-25 07:15:00+00:00,2920.86,2920.95,2914.02,2915.85,5526.478
6216,2025-11-25 07:20:00+00:00,2915.85,2921.57,2914.7,2915.44,4879.768
6217,2025-11-25 07:25:00+00:00,2915.45,2915.73,2912.22,2913.71,7596.774
6218,2025-11-25 07:30:00+00:00,2913.71,2920.27,2913.71,2916.11,6285.558
6219,2025-11-25 07:35:00+00:00,2916.11,2917.92,2914.0,2916.24,4640.719
6220,2025-11-25 07:40:00+00:00,2916.23,2919.23,2915.06,2916.96,4915.969
6221,2025-11-25 07:45:00+00:00,2916.96,2917.41,2900.01,2901.0,33543.25
6222,2025-11-25 07:50:00+00:00,2900.98,2911.8,2900.98,2904.77,34097.531
6223,2025-11-25 07:55:00+00:00,2904.78,2907.23,2900.54,2901.56,16270.947
6224,2025-11-25 08:00:00+00:00,2901.56,2904.75,2895.89,2898.64,29947.43
6225,2025-11-25 08:05:00+00:00,2898.63,2905.07,2898.48,2903.37,15092.794
6226,2025-11-25 08:10:00+00:00,2903.37,2904.33,2896.03,2897.34,11967.28
6227,2025-11-25 08:15:00+00:00,2897.34,2903.76,2896.65,2902.64,14132.726
6228,2025-11-25 08:20:00+00:00,2902.63,2907.67,2902.63,2905.87,10440.335
6229,2025-11-25 08:25:00+00:00,2905.87,2906.64,2901.0,2903.38,6658.349
6230,2025-11-25 08:30:00+00:00,2903.37,2903.38,2892.77,2901.01,18225.887
6231,2025-11-25 08:35:00+00:00,2901.0,2901.42,2894.0,2895.53,7133.879
6232,2025-11-25 08:40:00+00:00,2895.52,2899.82,2894.33,2896.49,4712.789
6233,2025-11-25 08:45:00+00:00,2896.49,2899.22,2882.69,2889.73,31934.534
6234,2025-11-25 08:50:00+00:00,2889.73,2891.26,2877.55,2878.45,54408.137
6235,2025-11-25 08:55:00+00:00,2878.45,2879.66,2868.01,2870.19,62005.693
6236,2025-11-25 09:00:00+00:00,2870.18,2874.84,2867.17,2873.46,36128.869
6237,2025-11-25 09:05:00+00:00,2873.47,2876.91,2870.88,2873.09,22508.588
6238,2025-11-25 09:10:00+00:00,2873.08,2873.77,2864.96,2868.57,23841.067
6239,2025-11-25 09:15:00+00:00,2868.58,2871.83,2863.39,2870.26,24498.315
6240,2025-11-25 09:20:00+00:00,2870.26,2871.18,2866.49,2867.6,14610.673
6241,2025-11-25 09:25:00+00:00,2867.6,2871.24,2866.0,2869.64,12262.571
6242,2025-11-25 09:30:00+00:00,2869.65,2876.66,2869.55,2875.62,28833.538
6243,2025-11-25 09:35:00+00:00,2875.63,2879.99,2873.0,2876.6,21444.87
6244,2025-11-25 09:40:00+00:00,2876.59,2889.74,2873.05,2887.0,26177.714
6245,2025-11-25 09:45:00+00:00,2887.0,2890.99,2882.06,2889.76,18599.468
6246,2025-11-25 09:50:00+00:00,2889.75,2889.76,2883.01,2884.25,11163.965
6247,2025-11-25 09:55:00+00:00,2884.26,2891.85,2884.25,2890.35,10460.249
6248,2025-11-25 10:00:00+00:00,2890.34,2890.63,2883.31,2884.96,9686.514
6249,2025-11-25 10:05:00+00:00,2884.95,2887.0,2883.07,2885.55,5900.325
6250,2025-11-25 10:10:00+00:00,2885.56,2889.96,2884.59,2886.13,4938.688
6251,2025-11-25 10:15:00+00:00,2886.13,2887.0,2878.53,2879.5,14955.395
6252,2025-11-25 10:20:00+00:00,2879.5,2890.62,2878.38,2889.1,13976.568
6253,2025-11-25 10:25:00+00:00,2889.1,2891.23,2888.65,2889.88,15205.627
6254,2025-11-25 10:30:00+00:00,2889.87,2897.62,2887.61,2896.37,23813.036
6255,2025-11-25 10:35:00+00:00,2896.36,2896.37,2890.18,2892.21,11989.192
6256,2025-11-25 10:40:00+00:00,2892.2,2894.76,2891.56,2893.64,5217.839
6257,2025-11-25 10:45:00+00:00,2893.64,2896.71,2890.9,2894.9,7339.863
6258,2025-11-25 10:50:00+00:00,2894.9,2895.28,2892.5,2895.21,5478.958
6259,2025-11-25 10:55:00+00:00,2895.2,2898.57,2893.61,2896.69,11734.12
6260,2025-11-25 11:00:00+00:00,2896.68,2897.07,2888.74,2888.76,13005.182
6261,2025-11-25 11:05:00+00:00,2888.76,2894.5,2888.76,2893.53,5732.197
6262,2025-11-25 11:10:00+00:00,2893.52,2896.01,2891.28,2892.46,5032.153
6263,2025-11-25 11:15:00+00:00,2892.46,2898.65,2889.57,2890.82,12435.823
6264,2025-11-25 11:20:00+00:00,2890.83,2893.48,2887.04,2891.93,11091.874
6265,2025-11-25 11:25:00+00:00,2891.93,2894.01,2891.76,2892.66,3106.345
6266,2025-11-25 11:30:00+00:00,2892.66,2892.66,2889.99,2891.22,4103.686
6267,2025-11-25 11:35:00+00:00,2891.22,2896.7,2890.57,2895.97,5054.127
6268,2025-11-25 11:40:00+00:00,2895.96,2897.2,2891.88,2893.93,5706.416
6269,2025-11-25 11:45:00+00:00,2893.92,2894.9,2892.34,2893.79,2653.641
6270,2025-11-25 11:50:00+00:00,2893.79,2896.34,2890.44,2890.99,5668.572
6271,2025-11-25 11:55:00+00:00,2890.98,2890.98,2886.7,2889.53,7435.34
6272,2025-11-25 12:00:00+00:00,2889.54,2895.99,2888.28,2894.09,9206.126
6273,2025-11-25 12:05:00+00:00,2894.08,2896.44,2890.94,2895.17,5696.315
6274,2025-11-25 12:10:00+00:00,2895.16,2923.88,2893.38,2920.78,74146.517
6275,2025-11-25 12:15:00+00:00,2920.78,2922.27,2909.36,2919.3,36715.38
6276,2025-11-25 12:20:00+00:00,2919.31,2930.0,2917.33,2927.01,38019.037
6277,2025-11-25 12:25:00+00:00,2927.0,2927.0,2917.66,2919.53,15960.945
6278,2025-11-25 12:30:00+00:00,2919.54,2920.37,2912.2,2912.21,14446.465
6279,2025-11-25 12:35:00+00:00,2912.21,2919.61,2912.21,2917.73,13567.582
6280,2025-11-25 12:40:00+00:00,2917.72,2931.65,2914.73,2926.11,19272.672
6281,2025-11-25 12:45:00+00:00,2926.11,2929.78,2921.44,2923.35,16765.223
6282,2025-11-25 12:50:00+00:00,2923.34,2927.0,2920.57,2926.62,8683.072
6283,2025-11-25 12:55:00+00:00,2926.63,2930.0,2924.83,2926.0,11540.682
6284,2025-11-25 13:00:00+00:00,2925.99,2929.93,2921.93,2924.51,10200.088
6285,2025-11-25 13:05:00+00:00,2924.5,2924.93,2917.83,2923.91,18357.68
6286,2025-11-25 13:10:00+00:00,2923.92,2929.05,2920.01,2927.49,9927.779
6287,2025-11-25 13:15:00+00:00,2927.5,2933.5,2925.33,2928.06,13008.536
6288,2025-11-25 13:20:00+00:00,2928.06,2929.6,2922.0,2926.55,12591.338
6289,2025-11-25 13:25:00+00:00,2926.56,2930.0,2924.46,2926.72,10256.807
6290,2025-11-25 13:30:00+00:00,2926.73,2932.38,2925.73,2929.01,15954.852
6291,2025-11-25 13:35:00+00:00,2929.0,2929.0,2907.46,2908.63,44001.201
6292,2025-11-25 13:40:00+00:00,2908.62,2910.9,2902.03,2903.49,31139.334
6293,2025-11-25 13:45:00+00:00,2903.5,2909.61,2896.39,2908.47,33131.291
6294,2025-11-25 13:50:00+00:00,2908.47,2912.35,2898.74,2901.85,20686.392
6295,2025-11-25 13:55:00+00:00,2901.85,2909.59,2901.34,2906.07,17019.07
6296,2025-11-25 14:00:00+00:00,2906.07,2910.32,2903.75,2909.0,12122.77
6297,2025-11-25 14:05:00+00:00,2909.0,2921.17,2904.03,2904.99,26781.425
6298,2025-11-25 14:10:00+00:00,2905.0,2912.5,2903.01,2911.11,10853.788
6299,2025-11-25 14:15:00+00:00,2911.11,2915.91,2907.49,2909.67,11731.582
6300,2025-11-25 14:20:00+00:00,2909.67,2914.67,2906.04,2912.88,7238.414
6301,2025-11-25 14:25:00+00:00,2912.88,2916.3,2910.27,2911.81,10107.768
6302,2025-11-25 14:30:00+00:00,2911.81,2911.81,2896.0,2909.33,44271.806
6303,2025-11-25 14:35:00+00:00,2909.33,2911.12,2901.0,2904.26,17483.39
6304,2025-11-25 14:40:00+00:00,2904.26,2905.44,2876.0,2878.9,70079.437
6305,2025-11-25 14:45:00+00:00,2878.89,2878.9,2856.71,2857.97,103611.579
6306,2025-11-25 14:50:00+00:00,2857.96,2877.0,2855.49,2868.45,72600.882
6307,2025-11-25 14:55:00+00:00,2868.45,2883.62,2868.44,2879.41,84572.776
6308,2025-11-25 15:00:00+00:00,2879.41,2879.99,2855.0,2858.81,73995.822
6309,2025-11-25 15:05:00+00:00,2858.81,2884.39,2855.88,2884.39,50632.037
6310,2025-11-25 15:10:00+00:00,2884.4,2896.47,2872.9,2875.65,54130.161
6311,2025-11-25 15:15:00+00:00,2875.64,2884.02,2868.01,2876.14,27157.378
6312,2025-11-25 15:20:00+00:00,2876.14,2876.44,2864.02,2871.0,24945.737
6313,2025-11-25 15:25:00+00:00,2871.0,2883.51,2870.87,2883.51,15055.36
6314,2025-11-25 15:30:00+00:00,2883.5,2909.0,2883.3,2902.24,64111.64
6315,2025-11-25 15:35:00+00:00,2902.24,2902.76,2893.0,2899.81,21629.584
6316,2025-11-25 15:40:00+00:00,2899.82,2907.25,2896.75,2906.55,12655.191
6317,2025-11-25 15:45:00+00:00,2906.55,2914.27,2896.22,2897.84,36184.115
6318,2025-11-25 15:50:00+00:00,2897.83,2900.42,2893.8,2897.71,12809.129
6319,2025-11-25 15:55:00+00:00,2897.72,2898.17,2887.44,2894.18,14948.345
6320,2025-11-25 16:00:00+00:00,2894.19,2900.7,2891.44,2898.45,13248.41
6321,2025-11-25 16:05:00+00:00,2898.44,2899.12,2885.58,2888.49,12872.982
6322,2025-11-25 16:10:00+00:00,2888.49,2897.88,2888.49,2892.1,10349.496
6323,2025-11-25 16:15:00+00:00,2892.1,2907.52,2889.0,2905.79,18467.533
6324,2025-11-25 16:20:00+00:00,2905.78,2924.24,2905.12,2915.97,39284.126
6325,2025-11-25 16:25:00+00:00,2915.97,2928.75,2912.02,2928.41,25925.922
6326,2025-11-25 16:30:00+00:00,2928.4,2936.99,2922.99,2925.09,35656.403
6327,2025-11-25 16:35:00+00:00,2925.09,2928.03,2915.25,2919.3,15513.808
6328,2025-11-25 16:40:00+00:00,2919.3,2931.65,2919.3,2924.04,16525.376
6329,2025-11-25 16:45:00+00:00,2924.04,2927.13,2917.63,2924.16,13805.39
6330,2025-11-25 16:50:00+00:00,2924.17,2930.0,2922.49,2926.93,13189.029
6331,2025-11-25 16:55:00+00:00,2926.92,2930.2,2923.33,2927.66,10288.917
6332,2025-11-25 17:00:00+00:00,2927.65,2933.15,2918.69,2919.33,17286.272
6333,2025-11-25 17:05:00+00:00,2919.33,2926.09,2919.33,2925.97,9081.758
6334,2025-11-25 17:10:00+00:00,2925.97,2952.99,2924.85,2947.02,54130.763
6335,2025-11-25 17:15:00+00:00,2947.02,2948.24,2932.59,2934.33,29767.846
6336,2025-11-25 17:20:00+00:00,2934.34,2943.3,2934.0,2934.85,21198.112
6337,2025-11-25 17:25:00+00:00,2934.84,2936.6,2927.84,2929.87,21994.858
6338,2025-11-25 17:30:00+00:00,2929.87,2947.82,2926.97,2946.42,20856.293
6339,2025-11-25 17:35:00+00:00,2946.43,2949.7,2940.51,2945.21,22587.092
6340,2025-11-25 17:40:00+00:00,2945.22,2949.99,2940.58,2942.13,13096.158
6341,2025-11-25 17:45:00+00:00,2942.14,2943.64,2934.28,2939.68,13612.859
6342,2025-11-25 17:50:00+00:00,2939.67,2946.87,2939.55,2940.28,12080.816
6343,2025-11-25 17:55:00+00:00,2940.28,2941.59,2933.81,2934.85,12169.893
6344,2025-11-25 18:00:00+00:00,2934.86,2938.95,2933.8,2937.81,9161.47
6345,2025-11-25 18:05:00+00:00,2937.81,2946.17,2937.81,2946.16,11300.305
6346,2025-11-25 18:10:00+00:00,2946.17,2948.49,2940.75,2944.45,8804.552
6347,2025-11-25 18:15:00+00:00,2944.46,2954.7,2943.29,2953.38,17107.791
6348,2025-11-25 18:20:00+00:00,2953.38,2957.0,2949.04,2949.71,17992.952
6349,2025-11-25 18:25:00+00:00,2949.7,2950.88,2944.79,2948.07,12998.475
6350,2025-11-25 18:30:00+00:00,2948.07,2955.45,2947.94,2952.58,7946.807
6351,2025-11-25 18:35:00+00:00,2952.58,2952.58,2938.11,2940.15,18126.628
6352,2025-11-25 18:40:00+00:00,2940.16,2943.9,2935.58,2937.52,13557.978
6353,2025-11-25 18:45:00+00:00,2937.51,2942.45,2936.41,2939.69,7648.175
6354,2025-11-25 18:50:00+00:00,2939.69,2940.97,2930.73,2931.76,17646.496
6355,2025-11-25 18:55:00+00:00,2931.77,2932.66,2921.37,2922.89,21321.925
6356,2025-11-25 19:00:00+00:00,2922.89,2927.0,2906.12,2906.13,35376.301
6357,2025-11-25 19:05:00+00:00,2906.13,2914.23,2893.5,2897.54,38842.369
6358,2025-11-25 19:10:00+00:00,2897.54,2904.23,2897.01,2902.53,20985.987
6359,2025-11-25 19:15:00+00:00,2902.53,2903.24,2880.5,2882.06,42400.91
6360,2025-11-25 19:20:00+00:00,2882.06,2883.98,2870.03,2878.49,41561.415
6361,2025-11-25 19:25:00+00:00,2878.5,2884.68,2873.61,2883.62,18217.134
6362,2025-11-25 19:30:00+00:00,2883.62,2891.88,2880.9,2890.88,22185.044
6363,2025-11-25 19:35:00+00:00,2890.88,2894.66,2885.96,2894.34,13286.864
6364,2025-11-25 19:40:00+00:00,2894.33,2907.37,2892.38,2906.57,25710.251
6365,2025-11-25 19:45:00+00:00,2906.56,2907.0,2900.06,2906.47,13224.768
6366,2025-11-25 19:50:00+00:00,2906.48,2922.38,2906.47,2919.7,25045.024
6367,2025-11-25 19:55:00+00:00,2919.7,2922.69,2916.24,2921.19,10582.531
6368,2025-11-25 20:00:00+00:00,2921.18,2924.0,2918.69,2921.81,18899.447
6369,2025-11-25 20:05:00+00:00,2921.81,2931.48,2915.0,2925.21,39825.53
6370,2025-11-25 20:10:00+00:00,2925.22,2933.65,2921.0,2931.66,14036.673
6371,2025-11-25 20:15:00+00:00,2931.65,2936.42,2929.56,2934.15,11759.141
6372,2025-11-25 20:20:00+00:00,2934.15,2936.55,2925.1,2925.85,12893.151
6373,2025-11-25 20:25:00+00:00,2925.86,2935.51,2925.03,2929.9,12242.544
6374,2025-11-25 20:30:00+00:00,2929.9,2942.84,2929.62,2931.86,17068.849
6375,2025-11-25 20:35:00+00:00,2931.87,2936.42,2928.44,2932.6,7961.28
6376,2025-11-25 20:40:00+00:00,2932.6,2934.52,2927.21,2932.48,4910.243
6377,2025-11-25 20:45:00+00:00,2932.49,2938.0,2930.0,2936.06,8264.317
6378,2025-11-25 20:50:00+00:00,2936.06,2939.38,2931.19,2933.03,12965.733
6379,2025-11-25 20:55:00+00:00,2933.03,2934.64,2927.02,2927.73,13066.903
6380,2025-11-25 21:00:00+00:00,2927.73,2929.68,2924.1,2927.45,12898.288
6381,2025-11-25 21:05:00+00:00,2927.44,2928.42,2921.55,2925.34,11297.31
6382,2025-11-25 21:10:00+00:00,2925.35,2929.7,2924.67,2927.55,6607.388
6383,2025-11-25 21:15:00+00:00,2927.56,2939.1,2927.56,2930.9,14915.551
6384,2025-11-25 21:20:00+00:00,2930.89,2936.37,2929.33,2935.16,4307.881
6385,2025-11-25 21:25:00+00:00,2935.16,2937.53,2934.94,2935.7,4096.903
6386,2025-11-25 21:30:00+00:00,2935.7,2938.3,2930.2,2931.26,6522.95
6387,2025-11-25 21:35:00+00:00,2931.25,2935.14,2930.75,2935.1,3253.95
6388,2025-11-25 21:40:00+00:00,2935.1,2944.64,2935.1,2938.32,10081.482
6389,2025-11-25 21:45:00+00:00,2938.32,2941.84,2935.77,2939.26,6348.646
6390,2025-11-25 21:50:00+00:00,2939.25,2943.29,2935.35,2936.53,5454.149
6391,2025-11-25 21:55:00+00:00,2936.52,2937.25,2929.23,2929.65,8579.845
6392,2025-11-25 22:00:00+00:00,2929.65,2929.65,2908.74,2910.47,32295.656
6393,2025-11-25 22:05:00+00:00,2910.47,2919.45,2905.59,2918.43,20518.363
6394,2025-11-25 22:10:00+00:00,2918.42,2918.43,2905.74,2910.63,14658.66
6395,2025-11-25 22:15:00+00:00,2910.64,2924.56,2908.13,2922.11,15111.738
6396,2025-11-25 22:20:00+00:00,2922.1,2924.92,2919.0,2924.77,5891.685
6397,2025-11-25 22:25:00+00:00,2924.76,2935.47,2924.76,2929.79,10440.218
6398,2025-11-25 22:30:00+00:00,2929.79,2935.12,2926.45,2933.04,6532.452
6399,2025-11-25 22:35:00+00:00,2933.03,2952.34,2933.03,2951.71,26972.051
6400,2025-11-25 22:40:00+00:00,2951.7,2955.8,2944.0,2946.4,17530.585
6401,2025-11-25 22:45:00+00:00,2946.39,2950.03,2940.14,2946.19,8696.717
6402,2025-11-25 22:50:00+00:00,2946.19,2955.0,2945.34,2947.71,8410.304
6403,2025-11-25 22:55:00+00:00,2947.7,2976.61,2947.43,2968.75,53878.688
6404,2025-11-25 23:00:00+00:00,2968.74,2974.54,2958.38,2960.8,25302.78
6405,2025-11-25 23:05:00+00:00,2960.81,2974.9,2960.69,2974.43,15901.359
6406,2025-11-25 23:10:00+00:00,2974.42,2979.31,2972.56,2975.38,19891.778
6407,2025-11-25 23:15:00+00:00,2975.38,2975.6,2966.98,2969.04,17209.098
6408,2025-11-25 23:20:00+00:00,2969.05,2974.32,2961.64,2963.14,16002.644
6409,2025-11-25 23:25:00+00:00,2963.14,2968.51,2961.22,2961.62,9911.597
6410,2025-11-25 23:30:00+00:00,2961.63,2967.36,2958.95,2967.36,13874.208
6411,2025-11-25 23:35:00+00:00,2967.36,2970.0,2962.07,2964.74,7908.123
6412,2025-11-25 23:40:00+00:00,2964.75,2968.0,2963.99,2966.65,5417.85
6413,2025-11-25 23:45:00+00:00,2966.64,2968.87,2958.15,2958.16,11381.22
6414,2025-11-25 23:50:00+00:00,2958.15,2959.35,2952.5,2955.76,15851.907
6415,2025-11-25 23:55:00+00:00,2955.77,2962.01,2954.74,2958.24,7831.16
6416,2025-11-26 00:00:00+00:00,2958.24,2961.98,2954.43,2959.18,13810.249
6417,2025-11-26 00:05:00+00:00,2959.17,2960.16,2953.46,2954.27,7861.849
6418,2025-11-26 00:10:00+00:00,2954.28,2956.55,2952.66,2953.66,5757.592
6419,2025-11-26 00:15:00+00:00,2953.67,2962.45,2952.51,2961.75,7064.665
6420,2025-11-26 00:20:00+00:00,2961.76,2971.24,2960.13,2966.72,21001.786
6421,2025-11-26 00:25:00+00:00,2966.72,2967.23,2953.41,2960.26,8879.363
6422,2025-11-26 00:30:00+00:00,2960.26,2961.27,2953.2,2955.6,4522.177
6423,2025-11-26 00:35:00+00:00,2955.6,2959.33,2949.06,2949.56,9431.331
6424,2025-11-26 00:40:00+00:00,2949.55,2956.59,2948.0,2955.87,9902.807
6425,2025-11-26 00:45:00+00:00,2955.87,2958.68,2953.2,2955.62,5149.09
6426,2025-11-26 00:50:00+00:00,2955.62,2957.85,2953.46,2954.33,4001.034
6427,2025-11-26 00:55:00+00:00,2954.34,2955.0,2950.01,2953.08,5812.145
6428,2025-11-26 01:00:00+00:00,2953.07,2953.16,2948.09,2948.97,7122.534
6429,2025-11-26 01:05:00+00:00,2948.97,2952.52,2943.45,2951.27,13075.954
6430,2025-11-26 01:10:00+00:00,2951.27,2954.68,2948.89,2951.44,5040.747
6431,2025-11-26 01:15:00+00:00,2951.44,2952.77,2948.8,2949.52,4493.297
6432,2025-11-26 01:20:00+00:00,2949.52,2952.01,2948.02,2948.09,5170.289
6433,2025-11-26 01:25:00+00:00,2948.08,2962.0,2947.66,2958.93,10269.325
6434,2025-11-26 01:30:00+00:00,2958.93,2973.77,2956.18,2965.35,20253.241
6435,2025-11-26 01:35:00+00:00,2965.35,2971.9,2965.35,2971.53,11558.858
6436,2025-11-26 01:40:00+00:00,2971.52,2983.8,2968.99,2975.71,31537.178
6437,2025-11-26 01:45:00+00:00,2975.71,2977.94,2967.0,2969.41,12880.319
6438,2025-11-26 01:50:00+00:00,2969.41,2971.42,2967.28,2970.0,7191.96
6439,2025-11-26 01:55:00+00:00,2970.01,2970.01,2963.68,2968.82,10251.726
6440,2025-11-26 02:00:00+00:00,2968.81,2971.96,2967.07,2967.35,5558.444
6441,2025-11-26 02:05:00+00:00,2967.35,2970.97,2966.33,2966.85,4649.629
6442,2025-11-26 02:10:00+00:00,2966.85,2972.46,2966.62,2970.82,7533.162
6443,2025-11-26 02:15:00+00:00,2970.8,2975.39,2969.0,2971.08,6158.337
6444,2025-11-26 02:20:00+00:00,2971.09,2971.14,2963.53,2965.0,5115.301
6445,2025-11-26 02:25:00+00:00,2965.0,2965.21,2960.83,2963.01,6334.911
6446,2025-11-26 02:30:00+00:00,2963.0,2964.01,2957.4,2960.9,9791.451
6447,2025-11-26 02:35:00+00:00,2960.91,2966.7,2957.32,2965.49,9542.776
6448,2025-11-26 02:40:00+00:00,2965.5,2968.73,2963.24,2963.86,4699.845
6449,2025-11-26 02:45:00+00:00,2963.86,2964.03,2959.1,2959.84,4787.387
6450,2025-11-26 02:50:00+00:00,2959.84,2961.97,2959.01,2960.7,3492.956
6451,2025-11-26 02:55:00+00:00,2960.7,2961.23,2955.19,2955.41,5451.436
6452,2025-11-26 03:00:00+00:00,2955.42,2956.36,2953.01,2955.25,9496.583
6453,2025-11-26 03:05:00+00:00,2955.24,2957.66,2951.37,2951.98,8899.005
6454,2025-11-26 03:10:00+00:00,2951.98,2955.86,2951.22,2954.92,8387.391
6455,2025-11-26 03:15:00+00:00,2954.91,2959.54,2954.0,2958.32,4802.29
6456,2025-11-26 03:20:00+00:00,2958.33,2963.74,2957.37,2961.0,7622.721
6457,2025-11-26 03:25:00+00:00,2960.99,2962.0,2957.55,2958.09,3013.208
6458,2025-11-26 03:30:00+00:00,2958.08,2958.18,2936.22,2938.43,30925.139
6459,2025-11-26 03:35:00+00:00,2938.43,2942.0,2937.32,2939.73,17220.804
6460,2025-11-26 03:40:00+00:00,2939.74,2939.99,2932.0,2934.99,23605.829
6461,2025-11-26 03:45:00+00:00,2934.99,2935.2,2928.41,2933.28,17040.939
6462,2025-11-26 03:50:00+00:00,2933.28,2933.6,2920.26,2921.87,31071.222
6463,2025-11-26 03:55:00+00:00,2921.86,2927.15,2921.86,2925.54,21425.4
6464,2025-11-26 04:00:00+00:00,2925.54,2931.77,2925.53,2930.64,15574.221
6465,2025-11-26 04:05:00+00:00,2930.64,2930.65,2920.07,2925.24,17807.882
6466,2025-11-26 04:10:00+00:00,2925.24,2925.41,2918.56,2922.0,12723.751
6467,2025-11-26 04:15:00+00:00,2922.01,2925.81,2921.53,2925.79,7686.314
6468,2025-11-26 04:20:00+00:00,2925.8,2933.78,2925.5,2931.73,13501.907
6469,2025-11-26 04:25:00+00:00,2931.72,2936.77,2929.92,2932.9,14335.785
6470,2025-11-26 04:30:00+00:00,2932.89,2934.98,2930.0,2931.54,10284.509
6471,2025-11-26 04:35:00+00:00,2931.53,2936.5,2931.32,2936.33,5153.409
6472,2025-11-26 04:40:00+00:00,2936.32,2937.86,2930.97,2932.68,9417.427
6473,2025-11-26 04:45:00+00:00,2932.68,2933.65,2928.85,2928.92,4158.63
6474,2025-11-26 04:50:00+00:00,2928.92,2931.83,2928.91,2930.08,4212.01
6475,2025-11-26 04:55:00+00:00,2930.08,2931.0,2928.59,2928.9,2253.208
6476,2025-11-26 05:00:00+00:00,2928.9,2931.08,2928.08,2930.88,5873.154
6477,2025-11-26 05:05:00+00:00,2930.87,2938.0,2930.17,2936.0,11949.868
6478,2025-11-26 05:10:00+00:00,2935.99,2936.67,2933.33,2935.41,3965.921
6479,2025-11-26 05:15:00+00:00,2935.41,2944.88,2934.18,2944.35,19956.19
6480,2025-11-26 05:20:00+00:00,2944.35,2951.7,2936.0,2936.46,22588.56
6481,2025-11-26 05:25:00+00:00,2936.46,2940.01,2935.01,2939.62,6429.19
6482,2025-11-26 05:30:00+00:00,2939.62,2945.34,2939.6,2943.46,7319.982
6483,2025-11-26 05:35:00+00:00,2943.46,2946.0,2942.44,2945.0,4402.949
6484,2025-11-26 05:40:00+00:00,2945.0,2946.79,2943.12,2943.5,4531.183
6485,2025-11-26 05:45:00+00:00,2943.49,2944.8,2940.4,2943.56,5874.324
6486,2025-11-26 05:50:00+00:00,2943.55,2944.04,2939.52,2944.04,4211.639
6487,2025-11-26 05:55:00+00:00,2944.04,2947.7,2940.72,2942.74,5818.336
6488,2025-11-26 06:00:00+00:00,2942.74,2947.15,2940.45,2946.04,6726.198
6489,2025-11-26 06:05:00+00:00,2946.04,2953.81,2944.64,2951.23,12277.922
6490,2025-11-26 06:10:00+00:00,2951.22,2951.23,2944.44,2948.67,9114.106
6491,2025-11-26 06:15:00+00:00,2948.67,2950.43,2933.39,2936.67,23472.345
6492,2025-11-26 06:20:00+00:00,2936.67,2940.19,2933.82,2938.47,12808.997
6493,2025-11-26 06:25:00+00:00,2938.47,2939.75,2935.84,2937.77,4120.361
6494,2025-11-26 06:30:00+00:00,2937.76,2938.06,2930.98,2932.73,7884.489
6495,2025-11-26 06:35:00+00:00,2932.74,2940.21,2932.6,2938.91,6715.349
6496,2025-11-26 06:40:00+00:00,2938.92,2943.08,2938.91,2942.75,6347.399
6497,2025-11-26 06:45:00+00:00,2942.74,2943.49,2936.63,2940.11,9512.704
6498,2025-11-26 06:50:00+00:00,2940.12,2947.77,2939.21,2946.1,10589.729
6499,2025-11-26 06:55:00+00:00,2946.1,2947.43,2944.26,2944.64,5885.745
6500,2025-11-26 07:00:00+00:00,2944.65,2947.42,2940.03,2940.87,6828.018
6501,2025-11-26 07:05:00+00:00,2940.86,2942.3,2937.81,2940.94,4298.976
6502,2025-11-26 07:10:00+00:00,2940.94,2940.94,2938.21,2939.3,3823.591
6503,2025-11-26 07:15:00+00:00,2939.31,2946.36,2938.79,2942.41,6419.391
6504,2025-11-26 07:20:00+00:00,2942.41,2948.17,2940.54,2945.39,5487.624
6505,2025-11-26 07:25:00+00:00,2945.39,2945.39,2940.76,2944.31,3420.701
6506,2025-11-26 07:30:00+00:00,2944.3,2944.6,2940.0,2944.15,6247.111
6507,2025-11-26 07:35:00+00:00,2944.15,2944.16,2938.0,2938.36,5778.194
6508,2025-11-26 07:40:00+00:00,2938.36,2938.36,2933.35,2936.38,8868.955
6509,2025-11-26 07:45:00+00:00,2936.38,2940.93,2934.47,2939.77,5845.604
6510,2025-11-26 07:50:00+00:00,2939.76,2939.76,2935.35,2935.82,3310.02
6511,2025-11-26 07:55:00+00:00,2935.81,2944.12,2935.0,2943.04,7814.463
6512,2025-11-26 08:00:00+00:00,2943.04,2949.25,2938.0,2938.69,14059.584
6513,2025-11-26 08:05:00+00:00,2938.68,2938.68,2934.44,2935.02,8622.24
6514,2025-11-26 08:10:00+00:00,2935.02,2936.0,2928.3,2930.95,8441.501
6515,2025-11-26 08:15:00+00:00,2930.96,2934.54,2926.33,2927.83,12606.712
6516,2025-11-26 08:20:00+00:00,2927.83,2928.98,2926.0,2926.4,8324.189
6517,2025-11-26 08:25:00+00:00,2926.39,2926.47,2921.3,2923.32,13802.823
6518,2025-11-26 08:30:00+00:00,2923.33,2926.7,2921.45,2921.46,11159.684
6519,2025-11-26 08:35:00+00:00,2921.46,2921.81,2912.53,2918.18,29201.162
6520,2025-11-26 08:40:00+00:00,2918.18,2920.27,2917.86,2918.19,8204.823
6521,2025-11-26 08:45:00+00:00,2918.18,2920.25,2914.16,2919.71,10843.447
6522,2025-11-26 08:50:00+00:00,2919.72,2919.84,2912.5,2913.75,10783.325
6523,2025-11-26 08:55:00+00:00,2913.75,2913.77,2910.1,2911.83,12112.801
6524,2025-11-26 09:00:00+00:00,2911.82,2915.24,2908.01,2914.21,18807.487
6525,2025-11-26 09:05:00+00:00,2914.22,2914.4,2906.07,2906.91,19296.329
6526,2025-11-26 09:10:00+00:00,2906.92,2916.28,2906.39,2914.58,15024.284
6527,2025-11-26 09:15:00+00:00,2914.58,2914.91,2909.0,2914.31,10513.636
6528,2025-11-26 09:20:00+00:00,2914.32,2914.47,2908.33,2912.81,7754.752
6529,2025-11-26 09:25:00+00:00,2912.8,2914.41,2909.91,2909.92,9496.512
6530,2025-11-26 09:30:00+00:00,2909.91,2913.0,2901.59,2902.83,23336.173
6531,2025-11-26 09:35:00+00:00,2902.82,2908.18,2901.26,2906.1,14988.645
6532,2025-11-26 09:40:00+00:00,2906.11,2910.0,2905.12,2907.38,8298.722
6533,2025-11-26 09:45:00+00:00,2907.38,2908.29,2903.59,2903.86,8387.769
6534,2025-11-26 09:50:00+00:00,2903.86,2906.3,2900.97,2901.2,9708.503
6535,2025-11-26 09:55:00+00:00,2901.2,2905.89,2901.1,2905.84,9982.112
6536,2025-11-26 10:00:00+00:00,2905.84,2917.0,2905.83,2915.36,29973.693
6537,2025-11-26 10:05:00+00:00,2915.36,2915.56,2910.89,2911.32,14416.664
6538,2025-11-26 10:10:00+00:00,2911.33,2914.14,2910.72,2911.49,10379.901
6539,2025-11-26 10:15:00+00:00,2911.48,2912.46,2907.0,2909.86,10298.483
6540,2025-11-26 10:20:00+00:00,2909.85,2909.85,2904.18,2907.53,10991.253
6541,2025-11-26 10:25:00+00:00,2907.53,2915.58,2907.53,2913.82,9621.819
6542,2025-11-26 10:30:00+00:00,2913.82,2914.41,2906.77,2907.63,8208.227
6543,2025-11-26 10:35:00+00:00,2907.63,2909.24,2904.14,2907.6,9532.63
6544,2025-11-26 10:40:00+00:00,2907.6,2912.92,2907.59,2911.21,4224.747
6545,2025-11-26 10:45:00+00:00,2911.22,2911.96,2908.55,2911.35,4514.148
6546,2025-11-26 10:50:00+00:00,2911.36,2914.39,2909.94,2913.59,6516.035
6547,2025-11-26 10:55:00+00:00,2913.59,2914.21,2912.53,2912.73,2874.423
6548,2025-11-26 11:00:00+00:00,2912.74,2912.74,2907.8,2908.71,7039.111
6549,2025-11-26 11:05:00+00:00,2908.7,2914.35,2908.01,2912.34,6733.241
6550,2025-11-26 11:10:00+00:00,2912.34,2916.89,2912.29,2914.63,9024.017
6551,2025-11-26 11:15:00+00:00,2914.62,2916.0,2910.22,2912.46,6840.005
6552,2025-11-26 11:20:00+00:00,2912.46,2913.76,2911.55,2911.55,4960.132
6553,2025-11-26 11:25:00+00:00,2911.56,2913.36,2908.48,2909.39,6911.292
6554,2025-11-26 11:30:00+00:00,2909.4,2910.04,2905.93,2907.92,8962.479
6555,2025-11-26 11:35:00+00:00,2907.92,2911.37,2907.16,2908.76,4991.854
6556,2025-11-26 11:40:00+00:00,2908.77,2914.41,2908.29,2913.34,6655.339
6557,2025-11-26 11:45:00+00:00,2913.34,2914.74,2908.61,2908.91,5639.712
6558,2025-11-26 11:50:00+00:00,2908.91,2912.99,2908.62,2912.01,6189.699
6559,2025-11-26 11:55:00+00:00,2912.01,2913.82,2911.11,2912.82,4824.608
6560,2025-11-26 12:00:00+00:00,2912.82,2916.95,2891.93,2895.8,59883.838
6561,2025-11-26 12:05:00+00:00,2895.81,2899.77,2888.04,2895.38,36645.292
6562,2025-11-26 12:10:00+00:00,2895.38,2900.8,2891.28,2891.65,24754.589
6563,2025-11-26 12:15:00+00:00,2891.66,2895.86,2888.12,2891.26,26424.497
6564,2025-11-26 12:20:00+00:00,2891.26,2898.78,2887.09,2897.57,19969.198
6565,2025-11-26 12:25:00+00:00,2897.57,2901.14,2896.31,2899.24,13880.029
6566,2025-11-26 12:30:00+00:00,2899.24,2899.57,2895.53,2896.81,7833.723
6567,2025-11-26 12:35:00+00:00,2896.81,2901.99,2895.98,2898.31,10494.912
6568,2025-11-26 12:40:00+00:00,2898.31,2903.06,2896.15,2899.6,11731.489
6569,2025-11-26 12:45:00+00:00,2899.61,2902.59,2898.61,2900.83,8091.108
6570,2025-11-26 12:50:00+00:00,2900.84,2902.62,2899.18,2900.95,7387.659
6571,2025-11-26 12:55:00+00:00,2900.96,2902.24,2899.88,2900.0,4172.66
6572,2025-11-26 13:00:00+00:00,2900.01,2902.5,2898.01,2900.89,8779.64
6573,2025-11-26 13:05:00+00:00,2900.89,2906.54,2900.72,2902.99,12817.361
6574,2025-11-26 13:10:00+00:00,2903.0,2905.0,2900.53,2901.51,5316.388
6575,2025-11-26 13:15:00+00:00,2901.52,2913.1,2901.02,2911.02,21737.36
6576,2025-11-26 13:20:00+00:00,2911.03,2914.47,2910.04,2911.95,10288.265
6577,2025-11-26 13:25:00+00:00,2911.95,2914.98,2911.35,2912.06,8605.253
6578,2025-11-26 13:30:00+00:00,2912.07,2918.99,2905.65,2908.99,23460.33
6579,2025-11-26 13:35:00+00:00,2908.99,2925.0,2908.98,2923.51,40592.1
6580,2025-11-26 13:40:00+00:00,2923.52,2930.0,2919.63,2922.17,32551.657
6581,2025-11-26 13:45:00+00:00,2922.17,2926.63,2921.0,2924.48,12111.227
6582,2025-11-26 13:50:00+00:00,2924.48,2930.0,2922.74,2925.49,14795.268
6583,2025-11-26 13:55:00+00:00,2925.49,2936.33,2924.75,2932.88,29289.349
6584,2025-11-26 14:00:00+00:00,2932.89,2932.89,2923.8,2927.04,14892.839
6585,2025-11-26 14:05:00+00:00,2927.05,2928.96,2922.9,2923.45,11722.721
6586,2025-11-26 14:10:00+00:00,2923.45,2936.99,2919.01,2932.09,38610.556
6587,2025-11-26 14:15:00+00:00,2932.1,2932.81,2926.12,2927.85,17402.754
6588,2025-11-26 14:20:00+00:00,2927.84,2935.95,2925.89,2933.7,9269.972
6589,2025-11-26 14:25:00+00:00,2933.69,2938.0,2931.18,2933.2,13510.573
6590,2025-11-26 14:30:00+00:00,2933.2,2939.11,2920.34,2926.06,37160.033
6591,2025-11-26 14:35:00+00:00,2926.07,2936.1,2926.0,2933.2,22496.357
6592,2025-11-26 14:40:00+00:00,2933.21,2948.54,2928.18,2931.63,46777.411
6593,2025-11-26 14:45:00+00:00,2931.64,2942.81,2929.65,2942.8,16183.538
6594,2025-11-26 14:50:00+00:00,2942.81,2945.59,2922.28,2922.3,34621.537
6595,2025-11-26 14:55:00+00:00,2922.29,2924.69,2903.0,2909.34,72586.537
6596,2025-11-26 15:00:00+00:00,2909.33,2924.46,2905.91,2917.9,32307.472
6597,2025-11-26 15:05:00+00:00,2917.89,2930.87,2912.56,2928.9,26048.539
6598,2025-11-26 15:10:00+00:00,2928.9,2932.89,2923.41,2926.1,33666.417
6599,2025-11-26 15:15:00+00:00,2926.1,2935.99,2917.75,2927.44,22175.869
6600,2025-11-26 15:20:00+00:00,2927.44,2928.05,2919.24,2921.62,14875.666
6601,2025-11-26 15:25:00+00:00,2921.62,2938.5,2921.35,2935.05,22272.336
6602,2025-11-26 15:30:00+00:00,2935.05,2937.24,2928.05,2928.51,12525.183
6603,2025-11-26 15:35:00+00:00,2928.5,2936.25,2928.18,2929.77,12053.462
6604,2025-11-26 15:40:00+00:00,2929.77,2932.99,2919.0,2919.4,27912.468
6605,2025-11-26 15:45:00+00:00,2919.4,2919.62,2908.0,2914.67,56320.101
6606,2025-11-26 15:50:00+00:00,2914.67,2923.0,2911.54,2919.42,16327.228
6607,2025-11-26 15:55:00+00:00,2919.42,2928.88,2913.5,2926.63,24746.937
6608,2025-11-26 16:00:00+00:00,2926.63,2943.38,2924.74,2939.8,58850.586
6609,2025-11-26 16:05:00+00:00,2939.8,2945.51,2936.5,2938.64,26266.31
6610,2025-11-26 16:10:00+00:00,2938.64,2943.99,2938.64,2943.53,19205.746
6611,2025-11-26 16:15:00+00:00,2943.53,2957.0,2943.53,2946.55,42957.836
6612,2025-11-26 16:20:00+00:00,2946.55,2953.44,2946.55,2952.35,18296.625
6613,2025-11-26 16:25:00+00:00,2952.34,2956.41,2942.3,2942.88,24524.072
6614,2025-11-26 16:30:00+00:00,2942.89,2953.51,2940.85,2953.5,21789.911
6615,2025-11-26 16:35:00+00:00,2953.51,2958.85,2951.92,2953.0,23959.632
6616,2025-11-26 16:40:00+00:00,2953.0,2953.0,2944.33,2947.81,18052.455
6617,2025-11-26 16:45:00+00:00,2947.81,2950.0,2942.03,2942.68,17447.775
6618,2025-11-26 16:50:00+00:00,2942.68,2943.61,2933.94,2937.88,27355.618
6619,2025-11-26 16:55:00+00:00,2937.87,2949.54,2937.87,2945.15,24101.692
6620,2025-11-26 17:00:00+00:00,2945.16,2953.06,2939.68,2942.27,19112.665
6621,2025-11-26 17:05:00+00:00,2942.28,2948.96,2942.28,2945.4,8943.607
6622,2025-11-26 17:10:00+00:00,2945.4,2949.54,2943.01,2943.29,7052.06
6623,2025-11-26 17:15:00+00:00,2943.29,2945.4,2938.0,2938.6,10546.693
6624,2025-11-26 17:20:00+00:00,2938.6,2951.01,2938.05,2950.73,9794.831
6625,2025-11-26 17:25:00+00:00,2950.73,2979.0,2950.11,2974.65,89488.64
6626,2025-11-26 17:30:00+00:00,2974.65,3006.52,2970.14,3003.03,131817.115
6627,2025-11-26 17:35:00+00:00,3003.03,3012.53,3000.0,3004.99,63192.304
6628,2025-11-26 17:40:00+00:00,3005.0,3014.78,3003.27,3013.29,44475.914
6629,2025-11-26 17:45:00+00:00,3013.29,3030.0,3012.45,3025.39,89349.149
6630,2025-11-26 17:50:00+00:00,3025.39,3026.5,3009.59,3015.45,57093.132
6631,2025-11-26 17:55:00+00:00,3015.45,3033.3,3013.5,3025.66,48099.402
6632,2025-11-26 18:00:00+00:00,3025.66,3033.7,3024.74,3029.89,35540.676
6633,2025-11-26 18:05:00+00:00,3029.9,3041.88,3022.03,3028.46,67636.888
6634,2025-11-26 18:10:00+00:00,3028.46,3038.98,3025.88,3037.29,32601.719
6635,2025-11-26 18:15:00+00:00,3037.3,3044.46,3035.0,3037.95,39870.05
6636,2025-11-26 18:20:00+00:00,3037.94,3038.43,3029.02,3034.05,30375.332
6637,2025-11-26 18:25:00+00:00,3034.04,3040.88,3033.06,3037.22,21054.166
6638,2025-11-26 18:30:00+00:00,3037.22,3038.56,3026.23,3027.23,25213.248
6639,2025-11-26 18:35:00+00:00,3027.23,3031.5,3018.36,3021.12,38800.897
6640,2025-11-26 18:40:00+00:00,3021.12,3028.4,3011.37,3015.47,30514.636
6641,2025-11-26 18:45:00+00:00,3015.47,3027.46,3014.23,3027.01,19273.165
6642,2025-11-26 18:50:00+00:00,3027.02,3029.58,3021.17,3025.39,16053.647
6643,2025-11-26 18:55:00+00:00,3025.39,3034.0,3023.83,3032.73,14144.897
6644,2025-11-26 19:00:00+00:00,3032.73,3035.0,3021.52,3021.7,18224.936
6645,2025-11-26 19:05:00+00:00,3021.7,3029.18,3021.1,3024.51,11854.407
6646,2025-11-26 19:10:00+00:00,3024.5,3026.28,3017.01,3019.04,17088.234
6647,2025-11-26 19:15:00+00:00,3019.05,3026.57,3016.1,3025.16,13404.016
6648,2025-11-26 19:20:00+00:00,3025.12,3028.41,3020.01,3021.16,11063.725
6649,2025-11-26 19:25:00+00:00,3021.15,3026.43,3020.46,3024.79,4734.817
6650,2025-11-26 19:30:00+00:00,3024.79,3032.97,3024.64,3030.24,17086.479
6651,2025-11-26 19:35:00+00:00,3030.25,3031.44,3025.03,3030.22,11787.13
6652,2025-11-26 19:40:00+00:00,3030.22,3036.0,3028.96,3031.41,12026.451
6653,2025-11-26 19:45:00+00:00,3031.4,3033.33,3027.73,3029.12,6098.164
6654,2025-11-26 19:50:00+00:00,3029.11,3036.4,3028.64,3032.45,8224.699
6655,2025-11-26 19:55:00+00:00,3032.45,3036.0,3029.52,3031.08,8843.951
6656,2025-11-26 20:00:00+00:00,3031.08,3031.08,3018.03,3018.21,20581.316
6657,2025-11-26 20:05:00+00:00,3018.21,3018.21,3007.62,3014.31,23558.746
6658,2025-11-26 20:10:00+00:00,3014.32,3023.93,3014.32,3022.09,13938.742
6659,2025-11-26 20:15:00+00:00,3022.1,3023.76,3015.45,3015.87,8250.83
6660,2025-11-26 20:20:00+00:00,3015.87,3020.44,3013.38,3020.43,5966.362
6661,2025-11-26 20:25:00+00:00,3020.44,3022.68,3018.15,3019.93,5543.021
6662,2025-11-26 20:30:00+00:00,3019.92,3023.4,3014.0,3016.11,9488.945
6663,2025-11-26 20:35:00+00:00,3016.11,3020.06,3014.58,3017.41,4864.827
6664,2025-11-26 20:40:00+00:00,3017.41,3019.68,3009.18,3009.67,9150.494
6665,2025-11-26 20:45:00+00:00,3009.68,3012.77,3006.66,3012.46,11424.198
6666,2025-11-26 20:50:00+00:00,3012.46,3023.9,3010.4,3022.17,13434.291
6667,2025-11-26 20:55:00+00:00,3022.18,3026.73,3021.53,3023.19,13366.296
6668,2025-11-26 21:00:00+00:00,3023.2,3025.95,3020.5,3022.53,7010.833
6669,2025-11-26 21:05:00+00:00,3022.53,3022.53,3017.05,3019.65,5432.735
6670,2025-11-26 21:10:00+00:00,3019.64,3019.9,3016.0,3016.01,5949.885
6671,2025-11-26 21:15:00+00:00,3016.0,3021.84,3015.46,3016.02,5781.739
6672,2025-11-26 21:20:00+00:00,3016.02,3024.63,3014.23,3023.15,9647.613
6673,2025-11-26 21:25:00+00:00,3023.15,3030.96,3022.9,3029.77,14026.113
6674,2025-11-26 21:30:00+00:00,3029.76,3034.52,3025.0,3025.0,11660.37
6675,2025-11-26 21:35:00+00:00,3025.01,3029.99,3024.7,3024.93,4823.568
6676,2025-11-26 21:40:00+00:00,3024.93,3026.51,3023.48,3024.62,5560.645
6677,2025-11-26 21:45:00+00:00,3024.62,3031.8,3024.62,3030.0,6344.364
6678,2025-11-26 21:50:00+00:00,3030.01,3031.0,3025.29,3027.01,4598.121
6679,2025-11-26 21:55:00+00:00,3027.0,3027.23,3019.09,3020.63,10045.736
6680,2025-11-26 22:00:00+00:00,3020.64,3021.14,3017.01,3018.46,7010.766
6681,2025-11-26 22:05:00+00:00,3018.46,3026.0,3017.05,3024.83,5376.105
6682,2025-11-26 22:10:00+00:00,3024.83,3032.35,3021.46,3023.45,11639.755
6683,2025-11-26 22:15:00+00:00,3023.45,3027.27,3022.28,3026.99,4543.671
6684,2025-11-26 22:20:00+00:00,3027.0,3029.81,3017.34,3018.33,8827.891
6685,2025-11-26 22:25:00+00:00,3018.32,3023.8,3017.0,3022.15,4600.05
6686,2025-11-26 22:30:00+00:00,3022.15,3032.25,3018.39,3025.73,11483.252
6687,2025-11-26 22:35:00+00:00,3025.74,3026.01,3024.0,3024.27,3097.192
6688,2025-11-26 22:40:00+00:00,3024.27,3024.27,3020.46,3020.83,3405.191
6689,2025-11-26 22:45:00+00:00,3020.84,3024.01,3020.84,3022.37,2120.479
6690,2025-11-26 22:50:00+00:00,3022.36,3022.5,3020.0,3021.72,1833.572
6691,2025-11-26 22:55:00+00:00,3021.73,3028.97,3021.29,3026.42,4007.545
6692,2025-11-26 23:00:00+00:00,3026.43,3029.73,3023.23,3029.72,13239.893
6693,2025-11-26 23:05:00+00:00,3029.73,3032.0,3026.15,3027.2,5234.483
6694,2025-11-26 23:10:00+00:00,3027.19,3030.0,3025.36,3025.93,4149.391
6695,2025-11-26 23:15:00+00:00,3025.94,3025.94,3021.0,3021.84,6981.01
6696,2025-11-26 23:20:00+00:00,3021.84,3026.35,3021.84,3024.72,2934.163
6697,2025-11-26 23:25:00+00:00,3024.71,3024.71,3016.47,3017.1,9090.463
6698,2025-11-26 23:30:00+00:00,3017.11,3020.12,3015.91,3018.9,4333.881
6699,2025-11-26 23:35:00+00:00,3018.9,3021.88,3017.7,3018.96,2545.775
6700,2025-11-26 23:40:00+00:00,3018.95,3021.8,3018.54,3019.78,2882.31
6701,2025-11-26 23:45:00+00:00,3019.77,3026.45,3019.16,3025.36,4663.452
6702,2025-11-26 23:50:00+00:00,3025.36,3028.48,3021.89,3026.79,8281.147
6703,2025-11-26 23:55:00+00:00,3026.79,3026.8,3025.02,3025.02,2952.009
6704,2025-11-27 00:00:00+00:00,3025.02,3026.64,3018.0,3018.85,15060.645
6705,2025-11-27 00:05:00+00:00,3018.85,3019.08,3014.02,3015.36,12720.271
6706,2025-11-27 00:10:00+00:00,3015.37,3017.39,3002.0,3010.73,35689.82
6707,2025-11-27 00:15:00+00:00,3010.73,3016.66,3008.0,3016.04,15162.213
6708,2025-11-27 00:20:00+00:00,3016.03,3016.04,3010.88,3013.59,7543.931
6709,2025-11-27 00:25:00+00:00,3013.58,3016.04,3012.52,3015.01,2789.131
6710,2025-11-27 00:30:00+00:00,3015.01,3018.86,3012.8,3018.55,3769.002
6711,2025-11-27 00:35:00+00:00,3018.54,3020.59,3016.51,3019.01,5222.021
6712,2025-11-27 00:40:00+00:00,3019.0,3023.33,3018.68,3021.32,5071.841
6713,2025-11-27 00:45:00+00:00,3021.32,3046.66,3019.53,3043.42,67687.766
6714,2025-11-27 00:50:00+00:00,3043.42,3045.73,3032.32,3037.26,23449.013
6715,2025-11-27 00:55:00+00:00,3037.25,3038.34,3032.65,3033.75,7588.235
6716,2025-11-27 01:00:00+00:00,3033.75,3046.68,3029.6,3044.91,25966.328
6717,2025-11-27 01:05:00+00:00,3044.92,3050.0,3039.0,3043.52,21078.265
6718,2025-11-27 01:10:00+00:00,3043.53,3043.53,3032.2,3034.62,19572.156
6719,2025-11-27 01:15:00+00:00,3034.61,3037.29,3029.95,3030.91,12429.766
6720,2025-11-27 01:20:00+00:00,3030.91,3030.91,3026.25,3028.89,11249.724
6721,2025-11-27 01:25:00+00:00,3028.89,3033.85,3028.88,3030.47,4839.785
6722,2025-11-27 01:30:00+00:00,3030.47,3032.7,3028.13,3032.7,3802.77
6723,2025-11-27 01:35:00+00:00,3032.69,3034.06,3030.96,3031.3,3112.197
6724,2025-11-27 01:40:00+00:00,3031.3,3038.24,3031.29,3038.23,6338.998
6725,2025-11-27 01:45:00+00:00,3038.24,3038.24,3034.34,3035.18,4892.855
6726,2025-11-27 01:50:00+00:00,3035.18,3038.88,3033.0,3036.17,9607.618
6727,2025-11-27 01:55:00+00:00,3036.16,3057.2,3036.16,3050.58,47178.415
6728,2025-11-27 02:00:00+00:00,3050.58,3052.83,3039.57,3041.85,18193.657
6729,2025-11-27 02:05:00+00:00,3041.86,3050.32,3040.0,3048.27,19290.751
6730,2025-11-27 02:10:00+00:00,3048.27,3051.31,3044.48,3046.0,13805.982
6731,2025-11-27 02:15:00+00:00,3045.99,3053.0,3044.09,3049.83,13650.846
6732,2025-11-27 02:20:00+00:00,3049.82,3067.39,3049.46,3056.74,41512.318
6733,2025-11-27 02:25:00+00:00,3056.73,3066.95,3056.73,3065.81,23329.178
6734,2025-11-27 02:30:00+00:00,3065.81,3070.0,3060.09,3060.57,25543.665
6735,2025-11-27 02:35:00+00:00,3060.57,3063.0,3055.45,3061.56,11530.614
6736,2025-11-27 02:40:00+00:00,3061.56,3068.0,3059.22,3065.2,9954.07
6737,2025-11-27 02:45:00+00:00,3065.19,3066.88,3047.85,3050.52,48928.474
6738,2025-11-27 02:50:00+00:00,3050.52,3052.29,3037.19,3038.24,35155.375
6739,2025-11-27 02:55:00+00:00,3038.24,3041.07,3035.0,3035.75,23696.406
6740,2025-11-27 03:00:00+00:00,3035.76,3040.44,3033.77,3037.56,13150.842
6741,2025-11-27 03:05:00+00:00,3037.54,3045.69,3034.12,3042.12,14604.167
6742,2025-11-27 03:10:00+00:00,3042.11,3043.0,3039.67,3041.39,6055.904
6743,2025-11-27 03:15:00+00:00,3041.38,3049.81,3039.28,3047.34,10755.867
6744,2025-11-27 03:20:00+00:00,3047.35,3050.62,3045.85,3047.83,8739.211
6745,2025-11-27 03:25:00+00:00,3047.83,3048.6,3043.48,3044.54,5480.727
6746,2025-11-27 03:30:00+00:00,3044.53,3044.53,3035.73,3036.83,13627.419
6747,2025-11-27 03:35:00+00:00,3036.83,3041.13,3035.25,3035.62,7452.171
6748,2025-11-27 03:40:00+00:00,3035.61,3037.08,3028.0,3031.58,26565.673
6749,2025-11-27 03:45:00+00:00,3031.58,3033.16,3028.57,3032.05,13709.936
6750,2025-11-27 03:50:00+00:00,3032.05,3033.74,3031.04,3032.44,6294.717
6751,2025-11-27 03:55:00+00:00,3032.44,3036.01,3030.02,3032.32,8703.534
6752,2025-11-27 04:00:00+00:00,3032.31,3034.23,3030.0,3032.8,8961.899
6753,2025-11-27 04:05:00+00:00,3032.79,3039.26,3032.02,3038.84,8079.546
6754,2025-11-27 04:10:00+00:00,3038.84,3049.0,3038.82,3047.26,31072.966
6755,2025-11-27 04:15:00+00:00,3047.26,3052.73,3041.62,3041.89,16980.233
6756,2025-11-27 04:20:00+00:00,3041.89,3042.4,3039.44,3040.8,6193.446
6757,2025-11-27 04:25:00+00:00,3040.8,3044.3,3035.71,3037.48,6752.173
6758,2025-11-27 04:30:00+00:00,3037.47,3037.73,3034.35,3036.09,8469.012
6759,2025-11-27 04:35:00+00:00,3036.08,3044.86,3036.08,3042.93,5507.178
6760,2025-11-27 04:40:00+00:00,3042.92,3043.01,3040.25,3040.63,4950.194
6761,2025-11-27 04:45:00+00:00,3040.63,3042.58,3039.81,3040.4,3285.131
6762,2025-11-27 04:50:00+00:00,3040.41,3040.41,3038.2,3039.37,3092.772
6763,2025-11-27 04:55:00+00:00,3039.38,3040.75,3038.58,3040.15,2606.121
6764,2025-11-27 05:00:00+00:00,3040.14,3042.12,3036.41,3040.26,4701.49
6765,2025-11-27 05:05:00+00:00,3040.25,3044.88,3035.0,3035.76,6396.375
6766,2025-11-27 05:10:00+00:00,3035.76,3037.81,3033.43,3035.76,8431.794
6767,2025-11-27 05:15:00+00:00,3035.75,3036.0,3032.01,3033.4,6350.188
6768,2025-11-27 05:20:00+00:00,3033.4,3041.0,3033.4,3039.82,9241.786
6769,2025-11-27 05:25:00+00:00,3039.82,3041.21,3036.3,3036.61,5046.079
6770,2025-11-27 05:30:00+00:00,3036.6,3036.61,3030.16,3033.47,11228.009
6771,2025-11-27 05:35:00+00:00,3033.47,3033.47,3018.88,3022.6,42130.431
6772,2025-11-27 05:40:00+00:00,3022.6,3023.0,3018.56,3022.2,18983.359
6773,2025-11-27 05:45:00+00:00,3022.2,3025.4,3021.33,3023.11,9129.457
6774,2025-11-27 05:50:00+00:00,3023.11,3026.92,3021.24,3021.57,7714.753
6775,2025-11-27 05:55:00+00:00,3021.56,3023.77,3015.26,3022.2,18570.656
6776,2025-11-27 06:00:00+00:00,3022.2,3024.93,3021.49,3024.28,6062.082
6777,2025-11-27 06:05:00+00:00,3024.28,3026.92,3021.35,3026.83,6605.328
6778,2025-11-27 06:10:00+00:00,3026.83,3029.83,3026.22,3028.59,7811.538
6779,2025-11-27 06:15:00+00:00,3028.6,3029.65,3023.2,3023.98,5422.919
6780,2025-11-27 06:20:00+00:00,3023.98,3027.6,3023.89,3027.51,3123.717
6781,2025-11-27 06:25:00+00:00,3027.51,3032.91,3027.4,3031.82,6207.672
6782,2025-11-27 06:30:00+00:00,3031.83,3032.08,3028.16,3029.36,5082.731
6783,2025-11-27 06:35:00+00:00,3029.36,3033.3,3027.52,3029.0,5892.741
6784,2025-11-27 06:40:00+00:00,3029.01,3029.85,3026.4,3029.34,5002.567
6785,2025-11-27 06:45:00+00:00,3029.35,3030.78,3027.42,3027.75,4878.443
6786,2025-11-27 06:50:00+00:00,3027.75,3027.76,3022.12,3025.31,8055.79
6787,2025-11-27 06:55:00+00:00,3025.3,3027.47,3025.15,3026.48,4180.475
6788,2025-11-27 07:00:00+00:00,3026.48,3027.82,3024.65,3025.17,4593.382
6789,2025-11-27 07:05:00+00:00,3025.17,3028.86,3025.17,3028.53,2786.509
6790,2025-11-27 07:10:00+00:00,3028.52,3030.0,3027.77,3028.4,3923.146
6791,2025-11-27 07:15:00+00:00,3028.39,3033.0,3027.32,3032.01,6101.871
6792,2025-11-27 07:20:00+00:00,3032.0,3032.23,3030.67,3031.1,3697.095
6793,2025-11-27 07:25:00+00:00,3031.1,3034.99,3030.91,3032.36,7456.321
6794,2025-11-27 07:30:00+00:00,3032.37,3032.5,3026.05,3030.43,5184.505
6795,2025-11-27 07:35:00+00:00,3030.44,3030.61,3026.55,3029.7,4403.711
6796,2025-11-27 07:40:00+00:00,3029.69,3029.7,3027.23,3027.92,3218.41
6797,2025-11-27 07:45:00+00:00,3027.91,3031.7,3026.4,3030.89,4546.373
6798,2025-11-27 07:50:00+00:00,3030.89,3034.26,3029.01,3029.55,7200.323
6799,2025-11-27 07:55:00+00:00,3029.56,3032.78,3029.56,3032.12,2753.851
6800,2025-11-27 08:00:00+00:00,3032.12,3034.0,3028.35,3028.78,5399.214
6801,2025-11-27 08:05:00+00:00,3028.78,3030.72,3026.09,3026.32,6113.311
6802,2025-11-27 08:10:00+00:00,3026.32,3026.67,3019.23,3020.12,12650.328
6803,2025-11-27 08:15:00+00:00,3020.12,3022.71,3020.12,3021.71,6367.935
6804,2025-11-27 08:20:00+00:00,3021.7,3023.03,3020.5,3022.27,6436.215
6805,2025-11-27 08:25:00+00:00,3022.26,3025.57,3021.0,3021.59,4917.097
6806,2025-11-27 08:30:00+00:00,3021.6,3021.6,3016.06,3019.8,10110.108
6807,2025-11-27 08:35:00+00:00,3019.79,3026.68,3019.39,3024.27,9330.758
6808,2025-11-27 08:40:00+00:00,3024.27,3024.3,3021.22,3022.7,3891.716
6809,2025-11-27 08:45:00+00:00,3022.71,3025.43,3021.41,3023.31,5013.193
6810,2025-11-27 08:50:00+00:00,3023.31,3027.1,3023.01,3026.0,5608.87
6811,2025-11-27 08:55:00+00:00,3026.01,3027.15,3025.81,3026.85,5512.696
6812,2025-11-27 09:00:00+00:00,3026.85,3028.43,3024.03,3025.06,8776.367
6813,2025-11-27 09:05:00+00:00,3025.05,3027.22,3024.27,3024.94,6191.818
6814,2025-11-27 09:10:00+00:00,3024.94,3026.62,3024.93,3025.52,6159.899
6815,2025-11-27 09:15:00+00:00,3025.51,3037.03,3025.34,3036.23,26856.429
6816,2025-11-27 09:20:00+00:00,3036.23,3038.29,3031.11,3032.07,27476.774
6817,2025-11-27 09:25:00+00:00,3032.07,3033.96,3028.01,3029.36,8366.277
6818,2025-11-27 09:30:00+00:00,3029.36,3041.76,3029.36,3037.88,21646.571
6819,2025-11-27 09:35:00+00:00,3037.87,3044.0,3036.29,3037.18,19029.943
6820,2025-11-27 09:40:00+00:00,3037.18,3038.09,3033.47,3033.82,8393.057
6821,2025-11-27 09:45:00+00:00,3033.81,3033.81,3030.41,3031.04,10179.175
6822,2025-11-27 09:50:00+00:00,3031.03,3031.03,3028.4,3029.41,6153.747
6823,2025-11-27 09:55:00+00:00,3029.42,3029.7,3025.02,3026.2,10486.699
6824,2025-11-27 10:00:00+00:00,3026.19,3028.12,3025.3,3027.93,5479.031
6825,2025-11-27 10:05:00+00:00,3027.94,3031.33,3027.05,3029.59,11153.631
6826,2025-11-27 10:10:00+00:00,3029.59,3029.59,3025.71,3027.91,11017.091
6827,2025-11-27 10:15:00+00:00,3027.9,3031.32,3027.15,3031.32,3479.336
6828,2025-11-27 10:20:00+00:00,3031.32,3034.26,3030.51,3033.58,6297.425
6829,2025-11-27 10:25:00+00:00,3033.58,3033.59,3030.72,3030.72,4708.452
6830,2025-11-27 10:30:00+00:00,3030.72,3032.72,3021.17,3022.74,14677.936
6831,2025-11-27 10:35:00+00:00,3022.73,3024.81,3020.14,3024.61,10217.677
6832,2025-11-27 10:40:00+00:00,3024.61,3030.46,3024.14,3030.45,7025.299
6833,2025-11-27 10:45:00+00:00,3030.45,3031.52,3027.87,3029.4,6203.47
6834,2025-11-27 10:50:00+00:00,3029.4,3032.87,3029.18,3032.87,3628.109
6835,2025-11-27 10:55:00+00:00,3032.86,3034.74,3031.76,3032.83,6715.158
6836,2025-11-27 11:00:00+00:00,3032.84,3034.72,3031.73,3033.44,4288.139
6837,2025-11-27 11:05:00+00:00,3033.44,3034.1,3028.35,3028.66,4676.954
6838,2025-11-27 11:10:00+00:00,3028.66,3031.55,3028.01,3031.32,3780.927
6839,2025-11-27 11:15:00+00:00,3031.32,3031.86,3029.19,3029.25,2963.173
6840,2025-11-27 11:20:00+00:00,3029.25,3029.26,3026.23,3026.7,4030.733
6841,2025-11-27 11:25:00+00:00,3026.69,3028.16,3026.38,3026.72,3336.18
6842,2025-11-27 11:30:00+00:00,3026.73,3028.43,3021.89,3026.87,21765.981
6843,2025-11-27 11:35:00+00:00,3026.87,3031.24,3025.88,3029.69,11987.297
6844,2025-11-27 11:40:00+00:00,3029.7,3030.23,3028.28,3029.44,2347.161
6845,2025-11-27 11:45:00+00:00,3029.44,3031.08,3026.64,3027.37,3321.055
6846,2025-11-27 11:50:00+00:00,3027.37,3028.48,3026.56,3028.3,3038.934
6847,2025-11-27 11:55:00+00:00,3028.28,3028.77,3026.71,3026.75,2491.623
6848,2025-11-27 12:00:00+00:00,3026.75,3028.67,3023.7,3026.61,10554.526
6849,2025-11-27 12:05:00+00:00,3026.6,3028.75,3022.16,3024.45,9669.423
6850,2025-11-27 12:10:00+00:00,3024.45,3027.18,3024.0,3024.0,3913.026
6851,2025-11-27 12:15:00+00:00,3024.0,3024.54,3017.07,3019.07,17865.963
6852,2025-11-27 12:20:00+00:00,3019.06,3019.1,3008.05,3014.62,42488.365
6853,2025-11-27 12:25:00+00:00,3014.63,3015.63,3011.33,3012.7,11068.527
6854,2025-11-27 12:30:00+00:00,3012.69,3015.26,3008.8,3011.25,15654.9
6855,2025-11-27 12:35:00+00:00,3011.24,3011.49,3006.29,3009.6,16947.467
6856,2025-11-27 12:40:00+00:00,3009.6,3009.6,3005.0,3005.85,17834.505
6857,2025-11-27 12:45:00+00:00,3005.85,3008.75,3004.53,3006.17,13449.853
6858,2025-11-27 12:50:00+00:00,3006.16,3006.16,2991.43,2995.07,60161.836
6859,2025-11-27 12:55:00+00:00,2995.07,2995.08,2986.32,2990.24,54740.438
6860,2025-11-27 13:00:00+00:00,2990.23,2997.42,2988.09,2995.14,23299.341
6861,2025-11-27 13:05:00+00:00,2995.14,2999.56,2989.66,2995.75,20515.004
6862,2025-11-27 13:10:00+00:00,2995.75,2996.85,2991.3,2996.84,12372.609
6863,2025-11-27 13:15:00+00:00,2996.84,2998.67,2987.04,2990.82,24031.5
6864,2025-11-27 13:20:00+00:00,2990.81,2994.8,2987.17,2992.37,14303.907
6865,2025-11-27 13:25:00+00:00,2992.36,3000.99,2991.75,2998.87,27387.167
6866,2025-11-27 13:30:00+00:00,2998.87,2999.5,2989.56,2989.7,15389.903
6867,2025-11-27 13:35:00+00:00,2989.7,3000.82,2988.97,2995.5,16452.109
6868,2025-11-27 13:40:00+00:00,2995.49,2997.93,2994.32,2994.66,8697.006
6869,2025-11-27 13:45:00+00:00,2994.66,2997.83,2991.22,2994.55,6872.662
6870,2025-11-27 13:50:00+00:00,2994.56,2999.73,2994.18,2998.49,11767.113
6871,2025-11-27 13:55:00+00:00,2998.5,2998.94,2993.12,2994.03,7790.349
6872,2025-11-27 14:00:00+00:00,2994.04,2996.11,2992.19,2994.48,7488.924
6873,2025-11-27 14:05:00+00:00,2994.48,2997.5,2992.0,2994.84,7176.421
6874,2025-11-27 14:10:00+00:00,2994.83,2995.11,2992.38,2994.2,4020.375
6875,2025-11-27 14:15:00+00:00,2994.21,2994.21,2985.0,2986.04,21815.515
6876,2025-11-27 14:20:00+00:00,2986.04,2990.66,2983.81,2987.19,13078.064
6877,2025-11-27 14:25:00+00:00,2987.18,2998.09,2987.18,2996.74,14440.017
6878,2025-11-27 14:30:00+00:00,2996.73,2998.06,2993.5,2993.85,8571.183
6879,2025-11-27 14:35:00+00:00,2993.84,2993.84,2987.69,2987.71,9827.879
6880,2025-11-27 14:40:00+00:00,2987.7,2996.13,2985.88,2991.54,15287.801
6881,2025-11-27 14:45:00+00:00,2991.53,2994.77,2988.69,2993.71,7597.043
6882,2025-11-27 14:50:00+00:00,2993.7,2998.26,2992.54,2995.0,8473.907
6883,2025-11-27 14:55:00+00:00,2995.01,2997.36,2993.2,2994.76,5314.421
6884,2025-11-27 15:00:00+00:00,2994.76,3008.82,2993.88,3007.84,25406.037
6885,2025-11-27 15:05:00+00:00,3007.84,3009.0,2988.5,2992.34,24523.539
6886,2025-11-27 15:10:00+00:00,2992.34,2993.69,2989.29,2991.1,10154.989
6887,2025-11-27 15:15:00+00:00,2991.1,3004.23,2991.1,2998.66,15233.772
6888,2025-11-27 15:20:00+00:00,2998.66,3005.24,2997.85,3001.66,8975.524
6889,2025-11-27 15:25:00+00:00,3001.66,3005.66,3001.08,3003.14,8127.528
6890,2025-11-27 15:30:00+00:00,3003.15,3004.66,2998.61,3001.0,8620.024
6891,2025-11-27 15:35:00+00:00,3000.99,3007.6,3000.35,3001.07,9316.796
6892,2025-11-27 15:40:00+00:00,3001.07,3004.05,2997.05,3003.38,7678.355
6893,2025-11-27 15:45:00+00:00,3003.38,3012.55,3002.81,3009.82,17711.134
6894,2025-11-27 15:50:00+00:00,3009.81,3013.3,3008.12,3011.49,18676.268
6895,2025-11-27 15:55:00+00:00,3011.48,3011.99,3008.34,3009.68,6926.706
6896,2025-11-27 16:00:00+00:00,3009.68,3014.79,3008.7,3009.61,13921.037
6897,2025-11-27 16:05:00+00:00,3009.6,3010.03,3003.01,3004.8,12238.036
6898,2025-11-27 16:10:00+00:00,3004.8,3024.69,3003.66,3019.83,33968.416
6899,2025-11-27 16:15:00+00:00,3019.82,3024.97,3015.33,3018.49,22317.926
6900,2025-11-27 16:20:00+00:00,3018.49,3024.0,3016.0,3017.61,12104.837
6901,2025-11-27 16:25:00+00:00,3017.6,3019.05,3013.76,3015.29,8094.157
6902,2025-11-27 16:30:00+00:00,3015.3,3021.34,3013.33,3016.0,8174.677
6903,2025-11-27 16:35:00+00:00,3016.0,3024.2,3016.0,3023.55,10103.076
6904,2025-11-27 16:40:00+00:00,3023.54,3026.1,3017.26,3017.61,11095.33
6905,2025-11-27 16:45:00+00:00,3017.6,3020.7,3015.37,3015.88,6410.267
6906,2025-11-27 16:50:00+00:00,3015.89,3020.11,3015.37,3020.11,2895.592
6907,2025-11-27 16:55:00+00:00,3020.1,3021.38,3018.02,3019.35,4608.967
6908,2025-11-27 17:00:00+00:00,3019.34,3021.0,3016.63,3017.64,4651.182
6909,2025-11-27 17:05:00+00:00,3017.65,3018.92,3014.14,3018.27,5590.723
6910,2025-11-27 17:10:00+00:00,3018.27,3019.27,3015.59,3015.73,4789.14
6911,2025-11-27 17:15:00+00:00,3015.73,3021.32,3015.66,3016.21,5246.236
6912,2025-11-27 17:20:00+00:00,3016.21,3022.97,3016.21,3018.46,4901.056
6913,2025-11-27 17:25:00+00:00,3018.47,3021.49,3014.0,3014.97,7230.84
6914,2025-11-27 17:30:00+00:00,3014.97,3019.89,3011.1,3019.19,8930.584
6915,2025-11-27 17:35:00+00:00,3019.19,3020.67,3012.0,3012.94,4704.398
6916,2025-11-27 17:40:00+00:00,3012.94,3014.81,3012.02,3014.48,5493.102
6917,2025-11-27 17:45:00+00:00,3014.49,3017.76,3013.02,3014.35,4635.187
6918,2025-11-27 17:50:00+00:00,3014.34,3018.0,3014.25,3018.0,4771.608
6919,2025-11-27 17:55:00+00:00,3017.99,3019.0,3016.82,3018.53,3968.091
6920,2025-11-27 18:00:00+00:00,3018.54,3018.77,3016.09,3016.34,2904.47
6921,2025-11-27 18:05:00+00:00,3016.34,3022.5,3014.61,3019.99,8626.216
6922,2025-11-27 18:10:00+00:00,3019.99,3021.96,3017.94,3020.61,4527.529
6923,2025-11-27 18:15:00+00:00,3020.61,3028.0,3019.72,3024.6,12452.342
6924,2025-11-27 18:20:00+00:00,3024.6,3027.18,3019.91,3023.81,6426.603
6925,2025-11-27 18:25:00+00:00,3023.8,3026.3,3019.59,3021.45,8102.798
6926,2025-11-27 18:30:00+00:00,3021.45,3022.9,3019.35,3022.89,2907.68
6927,2025-11-27 18:35:00+00:00,3022.9,3034.44,3022.68,3032.07,20718.997
6928,2025-11-27 18:40:00+00:00,3032.07,3038.0,3031.03,3032.9,18854.653
6929,2025-11-27 18:45:00+00:00,3032.9,3036.26,3030.07,3034.77,6708.104
6930,2025-11-27 18:50:00+00:00,3034.77,3037.0,3033.21,3035.97,6516.488
6931,2025-11-27 18:55:00+00:00,3035.98,3037.99,3034.64,3035.99,5677.569
6932,2025-11-27 19:00:00+00:00,3035.99,3036.16,3030.38,3031.83,7983.451
6933,2025-11-27 19:05:00+00:00,3031.83,3033.23,3027.66,3032.79,6190.1
6934,2025-11-27 19:10:00+00:00,3032.79,3033.59,3030.43,3031.08,2907.293
6935,2025-11-27 19:15:00+00:00,3031.07,3032.11,3027.37,3029.53,5798.426
6936,2025-11-27 19:20:00+00:00,3029.52,3032.35,3027.78,3029.69,2790.331
6937,2025-11-27 19:25:00+00:00,3029.69,3030.55,3028.05,3028.6,3423.959
6938,2025-11-27 19:30:00+00:00,3028.61,3031.83,3025.49,3026.53,4650.284
6939,2025-11-27 19:35:00+00:00,3026.54,3032.57,3025.33,3030.89,5603.189
6940,2025-11-27 19:40:00+00:00,3030.9,3035.23,3030.12,3034.13,4722.093
6941,2025-11-27 19:45:00+00:00,3034.13,3034.7,3028.61,3029.66,5325.202
6942,2025-11-27 19:50:00+00:00,3029.66,3030.44,3025.84,3029.78,3834.679
6943,2025-11-27 19:55:00+00:00,3029.79,3030.7,3028.71,3030.48,1910.44
6944,2025-11-27 20:00:00+00:00,3030.49,3034.53,3028.55,3029.89,5965.938
6945,2025-11-27 20:05:00+00:00,3029.89,3036.16,3029.89,3035.29,3980.869
6946,2025-11-27 20:10:00+00:00,3035.28,3038.99,3031.78,3036.48,10873.1
6947,2025-11-27 20:15:00+00:00,3036.49,3038.0,3033.91,3037.09,5882.295
6948,2025-11-27 20:20:00+00:00,3037.1,3037.59,3033.35,3035.47,6327.123
6949,2025-11-27 20:25:00+00:00,3035.48,3036.9,3033.97,3035.84,3114.92
6950,2025-11-27 20:30:00+00:00,3035.85,3041.85,3034.39,3039.77,7224.431
6951,2025-11-27 20:35:00+00:00,3039.76,3043.5,3034.68,3037.92,7168.559
6952,2025-11-27 20:40:00+00:00,3037.92,3042.11,3037.66,3040.45,5169.984
6953,2025-11-27 20:45:00+00:00,3040.46,3042.61,3038.12,3039.1,4600.058
6954,2025-11-27 20:50:00+00:00,3039.1,3042.54,3039.1,3041.17,2514.935
6955,2025-11-27 20:55:00+00:00,3041.16,3041.16,3036.13,3037.38,3571.706
6956,2025-11-27 21:00:00+00:00,3037.39,3037.6,3031.57,3032.84,5121.093
6957,2025-11-27 21:05:00+00:00,3032.83,3037.77,3028.09,3036.56,12026.916
6958,2025-11-27 21:10:00+00:00,3036.56,3036.96,3034.17,3036.73,2458.051
6959,2025-11-27 21:15:00+00:00,3036.74,3042.82,3034.38,3041.83,5556.634
6960,2025-11-27 21:20:00+00:00,3041.83,3041.84,3035.73,3035.85,2865.236
6961,2025-11-27 21:25:00+00:00,3035.84,3037.68,3035.0,3037.32,1618.336
6962,2025-11-27 21:30:00+00:00,3037.32,3040.05,3033.45,3036.87,6284.023
6963,2025-11-27 21:35:00+00:00,3036.86,3040.03,3036.52,3039.71,1845.684
6964,2025-11-27 21:40:00+00:00,3039.71,3040.51,3036.5,3036.5,2460.325
6965,2025-11-27 21:45:00+00:00,3036.51,3040.5,3035.07,3036.03,3187.843
6966,2025-11-27 21:50:00+00:00,3036.03,3036.03,3032.7,3034.1,3013.659
6967,2025-11-27 21:55:00+00:00,3034.09,3035.17,3030.25,3030.82,7908.65
6968,2025-11-27 22:00:00+00:00,3030.82,3032.43,3029.41,3031.81,4403.433
6969,2025-11-27 22:05:00+00:00,3031.81,3032.82,3026.83,3029.09,4252.079
6970,2025-11-27 22:10:00+00:00,3029.1,3029.84,3027.3,3029.6,4775.958
6971,2025-11-27 22:15:00+00:00,3029.6,3033.0,3028.91,3032.32,1831.637
6972,2025-11-27 22:20:00+00:00,3032.32,3032.32,3025.91,3027.81,4209.243
6973,2025-11-27 22:25:00+00:00,3027.82,3030.91,3027.66,3030.91,1974.764
6974,2025-11-27 22:30:00+00:00,3030.91,3033.45,3025.55,3026.72,6896.159
6975,2025-11-27 22:35:00+00:00,3026.72,3026.93,3022.34,3024.17,5633.349
6976,2025-11-27 22:40:00+00:00,3024.16,3024.46,3009.0,3011.06,22709.968
6977,2025-11-27 22:45:00+00:00,3011.05,3015.82,3002.0,3011.9,20465.629
6978,2025-11-27 22:50:00+00:00,3011.89,3011.89,3002.86,3005.25,7898.627
6979,2025-11-27 22:55:00+00:00,3005.24,3011.69,3005.19,3009.41,5958.743
6980,2025-11-27 23:00:00+00:00,3009.41,3016.59,3008.68,3015.01,8668.906
6981,2025-11-27 23:05:00+00:00,3015.01,3017.0,3010.9,3014.17,4819.345
6982,2025-11-27 23:10:00+00:00,3014.16,3018.66,3012.18,3018.44,6170.516
6983,2025-11-27 23:15:00+00:00,3018.45,3022.44,3015.51,3016.42,5738.0
6984,2025-11-27 23:20:00+00:00,3016.43,3017.11,3011.53,3012.53,5508.429
6985,2025-11-27 23:25:00+00:00,3012.53,3012.82,3010.0,3011.22,4893.197
6986,2025-11-27 23:30:00+00:00,3011.22,3012.99,3006.0,3007.72,7366.519
6987,2025-11-27 23:35:00+00:00,3007.72,3013.35,3007.72,3013.35,4491.004
6988,2025-11-27 23:40:00+00:00,3013.35,3016.76,3013.18,3015.35,3528.109
6989,2025-11-27 23:45:00+00:00,3015.34,3016.46,3012.97,3014.58,2965.664
6990,2025-11-27 23:50:00+00:00,3014.57,3016.96,3013.95,3014.91,2512.372
6991,2025-11-27 23:55:00+00:00,3014.9,3015.35,3012.03,3013.8,3214.65
6992,2025-11-28 00:00:00+00:00,3013.81,3014.87,3010.05,3011.95,7176.706
6993,2025-11-28 00:05:00+00:00,3011.96,3016.92,3011.03,3014.45,5438.742
6994,2025-11-28 00:10:00+00:00,3014.45,3014.7,3011.79,3012.24,2645.913
6995,2025-11-28 00:15:00+00:00,3012.25,3013.35,3007.81,3009.99,6521.776
6996,2025-11-28 00:20:00+00:00,3009.99,3015.75,3009.99,3012.61,3145.014
6997,2025-11-28 00:25:00+00:00,3012.61,3017.0,3012.6,3014.81,4285.855
6998,2025-11-28 00:30:00+00:00,3014.8,3021.63,3014.3,3020.6,5926.552
6999,2025-11-28 00:35:00+00:00,3020.6,3023.16,3014.59,3016.34,6467.824
7000,2025-11-28 00:40:00+00:00,3016.34,3016.41,3011.5,3012.35,5509.208
7001,2025-11-28 00:45:00+00:00,3012.35,3013.67,3009.32,3009.42,3787.552
7002,2025-11-28 00:50:00+00:00,3009.43,3011.9,3008.0,3010.23,3487.08
7003,2025-11-28 00:55:00+00:00,3010.22,3013.65,3010.12,3013.51,2741.097
7004,2025-11-28 01:00:00+00:00,3013.51,3014.89,3009.45,3009.77,4418.246
7005,2025-11-28 01:05:00+00:00,3009.77,3015.4,3009.77,3010.2,3880.794
7006,2025-11-28 01:10:00+00:00,3010.2,3010.26,2993.6,2997.66,49677.422
7007,2025-11-28 01:15:00+00:00,2997.65,3002.81,2993.1,2994.76,17150.762
7008,2025-11-28 01:20:00+00:00,2994.76,3002.89,2994.76,3002.18,7350.123
7009,2025-11-28 01:25:00+00:00,3002.17,3003.36,2999.82,3000.17,4917.858
7010,2025-11-28 01:30:00+00:00,3000.17,3003.36,2994.49,3003.35,6852.093
7011,2025-11-28 01:35:00+00:00,3003.35,3006.79,3003.34,3005.31,6510.894
7012,2025-11-28 01:40:00+00:00,3005.31,3007.68,2999.42,3002.5,10734.969
7013,2025-11-28 01:45:00+00:00,3002.49,3003.27,2997.3,2997.75,6065.915
7014,2025-11-28 01:50:00+00:00,2997.75,2999.0,2992.1,2994.4,11989.211
7015,2025-11-28 01:55:00+00:00,2994.4,2998.75,2994.39,2996.78,7324.947
7016,2025-11-28 02:00:00+00:00,2996.78,3000.88,2996.0,2996.0,5865.517
7017,2025-11-28 02:05:00+00:00,2996.0,3000.4,2994.45,2998.68,8218.081
7018,2025-11-28 02:10:00+00:00,2998.68,3002.58,2995.2,3002.11,8235.642
7019,2025-11-28 02:15:00+00:00,3002.1,3007.06,2995.26,2998.89,16095.771
7020,2025-11-28 02:20:00+00:00,2998.89,3003.49,2998.53,3002.75,5383.292
7021,2025-11-28 02:25:00+00:00,3002.76,3003.72,2996.86,2997.24,6493.706
7022,2025-11-28 02:30:00+00:00,2997.23,3002.78,2997.23,3001.24,7046.144
7023,2025-11-28 02:35:00+00:00,3001.23,3004.43,3001.23,3003.07,7559.593
7024,2025-11-28 02:40:00+00:00,3003.07,3004.17,3000.34,3002.87,5023.347
7025,2025-11-28 02:45:00+00:00,3002.88,3005.95,3002.18,3005.09,6221.195
7026,2025-11-28 02:50:00+00:00,3005.09,3009.63,3003.0,3007.87,5508.789
7027,2025-11-28 02:55:00+00:00,3007.86,3014.0,3007.86,3010.8,15430.346
7028,2025-11-28 03:00:00+00:00,3010.81,3011.49,3007.63,3007.77,5884.536
7029,2025-11-28 03:05:00+00:00,3007.78,3011.88,3006.41,3010.48,7209.618
7030,2025-11-28 03:10:00+00:00,3010.49,3013.8,3002.02,3003.31,16130.008
7031,2025-11-28 03:15:00+00:00,3003.31,3006.0,3000.17,3005.43,12017.754
7032,2025-11-28 03:20:00+00:00,3005.43,3009.71,3005.43,3005.53,5318.479
7033,2025-11-28 03:25:00+00:00,3005.53,3008.71,3005.27,3008.04,4630.321
7034,2025-11-28 03:30:00+00:00,3008.03,3010.42,3005.31,3009.03,7353.096
7035,2025-11-28 03:35:00+00:00,3009.04,3010.2,3006.6,3006.68,2417.972
7036,2025-11-28 03:40:00+00:00,3006.67,3006.68,3003.71,3005.81,4058.513
7037,2025-11-28 03:45:00+00:00,3005.81,3006.67,3005.13,3005.6,1733.53
7038,2025-11-28 03:50:00+00:00,3005.61,3008.0,3005.16,3007.27,1915.802
7039,2025-11-28 03:55:00+00:00,3007.27,3008.67,3006.5,3007.19,2982.177
7040,2025-11-28 04:00:00+00:00,3007.19,3008.17,3004.22,3007.04,7512.302
7041,2025-11-28 04:05:00+00:00,3007.03,3011.0,3005.51,3010.54,9088.886
7042,2025-11-28 04:10:00+00:00,3010.55,3017.59,3010.0,3014.94,17693.732
7043,2025-11-28 04:15:00+00:00,3014.95,3016.8,3012.94,3013.44,5154.337
7044,2025-11-28 04:20:00+00:00,3013.43,3013.99,3011.45,3012.35,3424.431
7045,2025-11-28 04:25:00+00:00,3012.35,3014.55,3011.9,3013.28,1927.362
7046,2025-11-28 04:30:00+00:00,3013.28,3017.0,3011.9,3015.44,6746.317
7047,2025-11-28 04:35:00+00:00,3015.44,3018.58,3011.66,3012.89,6522.365
7048,2025-11-28 04:40:00+00:00,3012.88,3014.43,3012.88,3013.66,1676.478
7049,2025-11-28 04:45:00+00:00,3013.67,3015.33,3011.71,3012.79,2475.915
7050,2025-11-28 04:50:00+00:00,3012.79,3016.99,3012.42,3015.87,5266.744
7051,2025-11-28 04:55:00+00:00,3015.86,3017.89,3015.86,3016.0,4082.078
7052,2025-11-28 05:00:00+00:00,3016.0,3017.0,3013.67,3015.62,3853.081
7053,2025-11-28 05:05:00+00:00,3015.62,3027.0,3015.04,3023.46,19288.576
7054,2025-11-28 05:10:00+00:00,3023.46,3027.22,3020.94,3027.22,10262.238
7055,2025-11-28 05:15:00+00:00,3027.22,3028.0,3021.16,3021.16,13624.454
7056,2025-11-28 05:20:00+00:00,3021.16,3024.6,3020.3,3021.67,4565.868
7057,2025-11-28 05:25:00+00:00,3021.66,3023.9,3021.14,3022.64,3193.32
7058,2025-11-28 05:30:00+00:00,3022.65,3025.53,3017.14,3019.88,13581.281
7059,2025-11-28 05:35:00+00:00,3019.87,3021.57,3019.18,3019.91,3292.492
7060,2025-11-28 05:40:00+00:00,3019.92,3022.7,3019.0,3022.4,3712.759
7061,2025-11-28 05:45:00+00:00,3022.41,3026.18,3021.16,3021.97,9950.076
7062,2025-11-28 05:50:00+00:00,3021.97,3027.3,3021.97,3024.54,8329.381
7063,2025-11-28 05:55:00+00:00,3024.54,3025.62,3022.14,3022.97,2970.12
7064,2025-11-28 06:00:00+00:00,3022.97,3022.97,3017.97,3019.64,8317.623
7065,2025-11-28 06:05:00+00:00,3019.65,3021.75,3018.37,3020.91,4123.651
7066,2025-11-28 06:10:00+00:00,3020.92,3022.65,3015.85,3018.19,7746.763
7067,2025-11-28 06:15:00+00:00,3018.19,3019.38,3014.0,3015.21,6417.398
7068,2025-11-28 06:20:00+00:00,3015.21,3016.62,3013.6,3014.82,8919.737
7069,2025-11-28 06:25:00+00:00,3014.82,3014.82,3007.77,3010.0,10913.018
7070,2025-11-28 06:30:00+00:00,3010.0,3012.64,3009.65,3010.55,7178.368
7071,2025-11-28 06:35:00+00:00,3010.56,3010.71,3000.9,3007.16,18767.272
7072,2025-11-28 06:40:00+00:00,3007.15,3013.01,3006.4,3009.5,8433.538
7073,2025-11-28 06:45:00+00:00,3009.5,3009.84,3006.59,3008.09,5334.584
7074,2025-11-28 06:50:00+00:00,3008.1,3012.66,3008.09,3009.65,3970.833
7075,2025-11-28 06:55:00+00:00,3009.65,3011.26,3008.17,3008.34,2168.73
7076,2025-11-28 07:00:00+00:00,3008.34,3013.18,3006.78,3011.74,6837.592
7077,2025-11-28 07:05:00+00:00,3011.74,3015.82,3011.15,3014.18,6205.205
7078,2025-11-28 07:10:00+00:00,3014.18,3015.24,3013.59,3014.24,2845.747
7079,2025-11-28 07:15:00+00:00,3014.24,3016.74,3011.74,3013.05,5583.417
7080,2025-11-28 07:20:00+00:00,3013.04,3017.42,3011.44,3016.1,3812.212
7081,2025-11-28 07:25:00+00:00,3016.11,3022.0,3016.1,3020.19,11769.792
7082,2025-11-28 07:30:00+00:00,3020.19,3020.33,3014.95,3014.95,9525.399
7083,2025-11-28 07:35:00+00:00,3014.96,3016.72,3008.2,3010.39,11218.046
7084,2025-11-28 07:40:00+00:00,3010.39,3011.8,3004.48,3009.23,15529.312
7085,2025-11-28 07:45:00+00:00,3009.24,3010.0,3002.76,3003.67,13458.523
7086,2025-11-28 07:50:00+00:00,3003.67,3005.55,3001.02,3003.1,12938.779
7087,2025-11-28 07:55:00+00:00,3003.1,3003.48,2998.4,3000.14,21258.969
7088,2025-11-28 08:00:00+00:00,3000.13,3003.88,2999.7,3003.66,10562.005
7089,2025-11-28 08:05:00+00:00,3003.66,3007.9,3002.5,3007.9,11367.164
7090,2025-11-28 08:10:00+00:00,3007.89,3021.79,3007.59,3015.24,27909.146
7091,2025-11-28 08:15:00+00:00,3015.24,3019.9,3012.37,3013.53,10818.76
7092,2025-11-28 08:20:00+00:00,3013.53,3019.62,3013.53,3018.78,12090.533
7093,2025-11-28 08:25:00+00:00,3018.8,3019.33,3015.66,3016.75,4551.01
7094,2025-11-28 08:30:00+00:00,3016.76,3017.1,3013.85,3016.45,6375.485
7095,2025-11-28 08:35:00+00:00,3016.46,3027.73,3016.45,3022.24,29933.664
7096,2025-11-28 08:40:00+00:00,3022.24,3023.0,3019.47,3021.67,6860.541
7097,2025-11-28 08:45:00+00:00,3021.67,3026.49,3021.12,3025.25,12916.448
7098,2025-11-28 08:50:00+00:00,3025.25,3080.0,3025.25,3060.23,183965.643
7099,2025-11-28 08:55:00+00:00,3060.23,3064.46,3050.3,3063.61,38958.539
7100,2025-11-28 09:00:00+00:00,3063.61,3067.92,3053.45,3057.06,33033.3
7101,2025-11-28 09:05:00+00:00,3057.07,3064.73,3057.06,3064.06,18311.083
7102,2025-11-28 09:10:00+00:00,3064.06,3071.81,3058.6,3061.0,27370.906
7103,2025-11-28 09:15:00+00:00,3061.0,3062.99,3054.6,3059.1,19403.237
7104,2025-11-28 09:20:00+00:00,3059.1,3062.49,3056.13,3056.81,13242.324
7105,2025-11-28 09:25:00+00:00,3056.81,3058.97,3055.95,3058.86,10493.285
7106,2025-11-28 09:30:00+00:00,3058.86,3059.33,3053.01,3053.89,14543.37
7107,2025-11-28 09:35:00+00:00,3053.89,3058.43,3050.68,3051.62,11378.643
7108,2025-11-28 09:40:00+00:00,3051.62,3052.4,3047.1,3051.79,17259.164
7109,2025-11-28 09:45:00+00:00,3051.79,3055.67,3051.79,3054.24,8630.06
7110,2025-11-28 09:50:00+00:00,3054.24,3055.0,3052.32,3053.95,4657.861
7111,2025-11-28 09:55:00+00:00,3053.95,3054.1,3049.36,3054.09,7131.991
7112,2025-11-28 10:00:00+00:00,3054.09,3055.87,3050.0,3051.29,9419.68
7113,2025-11-28 10:05:00+00:00,3051.3,3051.3,3048.5,3049.01,7020.024
7114,2025-11-28 10:10:00+00:00,3049.01,3051.07,3048.01,3048.87,4720.103
7115,2025-11-28 10:15:00+00:00,3048.88,3051.59,3045.84,3050.84,10124.966
7116,2025-11-28 10:20:00+00:00,3050.85,3054.74,3050.85,3053.0,8366.703
7117,2025-11-28 10:25:00+00:00,3053.0,3053.31,3049.07,3049.52,3068.51
7118,2025-11-28 10:30:00+00:00,3049.52,3055.55,3047.91,3051.38,7002.835
7119,2025-11-28 10:35:00+00:00,3051.38,3052.49,3049.37,3052.24,3459.351
7120,2025-11-28 10:40:00+00:00,3052.24,3053.0,3050.54,3050.54,3434.49
7121,2025-11-28 10:45:00+00:00,3050.54,3052.22,3048.56,3049.56,5491.479
7122,2025-11-28 10:50:00+00:00,3049.55,3059.85,3048.6,3057.77,19793.958
7123,2025-11-28 10:55:00+00:00,3057.76,3062.38,3057.34,3059.27,14231.737
7124,2025-11-28 11:00:00+00:00,3059.28,3060.76,3051.44,3052.99,13013.91
7125,2025-11-28 11:05:00+00:00,3052.99,3053.55,3050.07,3051.44,8616.464
7126,2025-11-28 11:10:00+00:00,3051.43,3052.51,3032.06,3032.74,32622.892
7127,2025-11-28 11:15:00+00:00,3032.75,3033.46,3015.31,3024.61,74593.344
7128,2025-11-28 11:20:00+00:00,3024.61,3029.83,3023.0,3025.9,16346.165
7129,2025-11-28 11:25:00+00:00,3025.9,3032.07,3025.01,3028.61,12277.133
7130,2025-11-28 11:30:00+00:00,3028.61,3032.27,3027.36,3029.15,7389.516
7131,2025-11-28 11:35:00+00:00,3029.15,3033.0,3027.37,3028.6,6078.04
7132,2025-11-28 11:40:00+00:00,3028.6,3034.49,3026.52,3028.29,9755.3
7133,2025-11-28 11:45:00+00:00,3028.3,3033.87,3028.13,3030.36,6336.174
7134,2025-11-28 11:50:00+00:00,3030.35,3032.4,3027.56,3031.7,6910.474
7135,2025-11-28 11:55:00+00:00,3031.7,3037.26,3031.19,3032.44,11967.808
7136,2025-11-28 12:00:00+00:00,3032.44,3041.99,3031.56,3037.38,12204.866
7137,2025-11-28 12:05:00+00:00,3037.39,3044.78,3036.02,3041.87,14529.151
7138,2025-11-28 12:10:00+00:00,3041.86,3041.91,3035.99,3037.25,7244.702
7139,2025-11-28 12:15:00+00:00,3037.25,3038.7,3033.88,3038.12,4753.613
7140,2025-11-28 12:20:00+00:00,3038.12,3040.19,3036.25,3036.34,3423.091
7141,2025-11-28 12:25:00+00:00,3036.34,3036.41,3033.69,3034.58,4144.138
7142,2025-11-28 12:30:00+00:00,3034.57,3038.84,3030.93,3038.05,6976.08
7143,2025-11-28 12:35:00+00:00,3038.05,3039.88,3035.28,3036.67,4581.964
7144,2025-11-28 12:40:00+00:00,3036.66,3039.57,3035.2,3035.74,5743.208
7145,2025-11-28 12:45:00+00:00,3035.74,3037.23,3033.31,3034.36,4826.42
7146,2025-11-28 12:50:00+00:00,3034.36,3037.54,3034.36,3036.39,2741.94
7147,2025-11-28 12:55:00+00:00,3036.38,3038.06,3033.9,3034.82,2750.187
7148,2025-11-28 13:00:00+00:00,3034.82,3035.82,3031.72,3033.79,4922.457
7149,2025-11-28 13:05:00+00:00,3033.79,3035.51,3024.34,3027.0,25922.643
7150,2025-11-28 13:10:00+00:00,3027.0,3030.13,3025.2,3029.28,5145.862
7151,2025-11-28 13:15:00+00:00,3029.29,3032.37,3027.0,3031.06,5909.822
7152,2025-11-28 13:20:00+00:00,3031.06,3034.7,3030.44,3033.28,6908.422
7153,2025-11-28 13:25:00+00:00,3033.28,3035.04,3033.19,3034.08,3774.352
7154,2025-11-28 13:30:00+00:00,3034.08,3039.0,3032.19,3038.43,10799.114
7155,2025-11-28 13:35:00+00:00,3038.43,3057.08,3038.42,3053.22,40949.497
7156,2025-11-28 13:40:00+00:00,3053.21,3060.0,3050.21,3053.55,19958.784
7157,2025-11-28 13:45:00+00:00,3053.56,3087.99,3053.24,3073.0,95569.431
7158,2025-11-28 13:50:00+00:00,3073.0,3073.06,3064.0,3068.0,33980.649
7159,2025-11-28 13:55:00+00:00,3068.0,3075.0,3066.41,3072.56,18388.533
7160,2025-11-28 14:00:00+00:00,3072.56,3077.69,3068.7,3072.99,22317.184
7161,2025-11-28 14:05:00+00:00,3072.99,3075.0,3069.14,3070.68,13188.42
7162,2025-11-28 14:10:00+00:00,3070.68,3070.69,3062.41,3068.9,19372.332
7163,2025-11-28 14:15:00+00:00,3068.91,3077.3,3068.42,3070.28,19413.106
7164,2025-11-28 14:20:00+00:00,3070.28,3082.94,3070.28,3077.73,27806.386
7165,2025-11-28 14:25:00+00:00,3077.73,3094.99,3077.55,3090.98,76699.874
7166,2025-11-28 14:30:00+00:00,3090.97,3099.0,3070.0,3074.0,93677.08
7167,2025-11-28 14:35:00+00:00,3074.0,3074.27,3060.15,3061.96,42424.654
7168,2025-11-28 14:40:00+00:00,3061.95,3063.85,3050.11,3053.98,53134.442
7169,2025-11-28 14:45:00+00:00,3053.97,3067.01,3050.01,3064.74,45477.324
7170,2025-11-28 14:50:00+00:00,3064.75,3069.48,3061.53,3063.32,22980.713
7171,2025-11-28 14:55:00+00:00,3063.32,3066.0,3060.0,3065.46,10470.603
7172,2025-11-28 15:00:00+00:00,3065.46,3069.72,3054.27,3060.73,22748.533
7173,2025-11-28 15:05:00+00:00,3060.72,3064.63,3053.93,3054.78,18459.561
7174,2025-11-28 15:10:00+00:00,3054.78,3067.84,3054.45,3065.2,15621.466
7175,2025-11-28 15:15:00+00:00,3065.2,3076.0,3062.32,3074.95,33931.51
7176,2025-11-28 15:20:00+00:00,3074.95,3084.0,3074.72,3082.36,43843.58
7177,2025-11-28 15:25:00+00:00,3082.35,3083.44,3075.73,3082.0,23235.788
7178,2025-11-28 15:30:00+00:00,3081.99,3087.77,3077.04,3087.5,32312.153
7179,2025-11-28 15:35:00+00:00,3087.5,3090.57,3072.1,3075.31,29133.713
7180,2025-11-28 15:40:00+00:00,3075.31,3076.12,3067.23,3068.94,22189.252
7181,2025-11-28 15:45:00+00:00,3068.94,3068.94,3061.0,3066.67,23088.323
7182,2025-11-28 15:50:00+00:00,3066.67,3072.98,3058.01,3071.56,25752.963
7183,2025-11-28 15:55:00+00:00,3071.56,3076.56,3068.3,3071.77,19140.449
7184,2025-11-28 16:00:00+00:00,3071.77,3072.53,3059.0,3062.7,22483.153
7185,2025-11-28 16:05:00+00:00,3062.7,3063.46,3052.29,3054.61,31794.342
7186,2025-11-28 16:10:00+00:00,3054.6,3058.72,3050.73,3056.62,19953.405
7187,2025-11-28 16:15:00+00:00,3056.62,3059.28,3054.45,3057.66,10078.773
7188,2025-11-28 16:20:00+00:00,3057.66,3057.91,3027.15,3034.33,85364.112
7189,2025-11-28 16:25:00+00:00,3034.33,3039.21,3025.0,3027.86,37630.591
7190,2025-11-28 16:30:00+00:00,3027.85,3033.85,3020.0,3032.87,38528.85
7191,2025-11-28 16:35:00+00:00,3032.87,3035.41,3029.5,3032.09,17876.356
7192,2025-11-28 16:40:00+00:00,3032.1,3035.07,3026.52,3034.54,16431.423
7193,2025-11-28 16:45:00+00:00,3034.53,3037.71,3029.16,3032.69,12983.094
7194,2025-11-28 16:50:00+00:00,3032.68,3034.42,3026.0,3032.72,25042.712
7195,2025-11-28 16:55:00+00:00,3032.72,3032.72,3023.33,3023.67,14554.726
7196,2025-11-28 17:00:00+00:00,3023.67,3024.91,3014.81,3020.59,40856.612
7197,2025-11-28 17:05:00+00:00,3020.59,3029.7,3020.4,3027.13,14716.752
7198,2025-11-28 17:10:00+00:00,3027.12,3028.85,3016.24,3016.67,23309.936
7199,2025-11-28 17:15:00+00:00,3016.67,3022.62,3009.36,3018.33,44640.208
7200,2025-11-28 17:20:00+00:00,3018.34,3021.63,3016.04,3020.24,17182.044
7201,2025-11-28 17:25:00+00:00,3020.24,3024.0,3014.0,3016.15,12353.04
7202,2025-11-28 17:30:00+00:00,3016.15,3020.34,3013.49,3019.2,19258.964
7203,2025-11-28 17:35:00+00:00,3019.2,3023.13,3015.62,3017.88,19198.223
7204,2025-11-28 17:40:00+00:00,3017.88,3022.76,3015.15,3021.41,14017.371
7205,2025-11-28 17:45:00+00:00,3021.4,3038.71,3021.28,3029.54,37441.147
7206,2025-11-28 17:50:00+00:00,3029.54,3039.0,3029.31,3034.46,22945.808
7207,2025-11-28 17:55:00+00:00,3034.46,3042.99,3023.19,3033.6,36915.023
7208,2025-11-28 18:00:00+00:00,3033.6,3037.84,3022.61,3028.64,21436.596
7209,2025-11-28 18:05:00+00:00,3028.64,3036.29,3023.18,3035.07,11372.068
7210,2025-11-28 18:10:00+00:00,3035.07,3047.7,3034.21,3045.26,26814.466
7211,2025-11-28 18:15:00+00:00,3045.27,3046.91,3038.83,3040.41,15735.875
7212,2025-11-28 18:20:00+00:00,3040.41,3043.05,3030.2,3033.05,16628.775
7213,2025-11-28 18:25:00+00:00,3033.05,3036.28,3032.81,3035.86,7357.167
7214,2025-11-28 18:30:00+00:00,3035.87,3037.75,3028.6,3030.86,9313.299
7215,2025-11-28 18:35:00+00:00,3030.86,3038.43,3028.71,3036.89,5255.921
7216,2025-11-28 18:40:00+00:00,3036.89,3039.77,3034.55,3038.59,9568.426
7217,2025-11-28 18:45:00+00:00,3038.58,3043.04,3037.63,3041.94,7000.349
7218,2025-11-28 18:50:00+00:00,3041.94,3041.94,3032.78,3032.78,6358.042
7219,2025-11-28 18:55:00+00:00,3032.78,3041.74,3032.35,3041.15,11172.203
7220,2025-11-28 19:00:00+00:00,3041.14,3042.5,3040.1,3040.1,7423.403
7221,2025-11-28 19:05:00+00:00,3040.09,3044.25,3036.75,3037.21,4805.59
7222,2025-11-28 19:10:00+00:00,3037.2,3042.15,3035.81,3041.4,4371.653
7223,2025-11-28 19:15:00+00:00,3041.4,3041.7,3036.51,3040.34,5945.905
7224,2025-11-28 19:20:00+00:00,3040.34,3053.87,3039.55,3053.34,36216.812
7225,2025-11-28 19:25:00+00:00,3053.35,3056.4,3050.31,3052.15,12420.696
7226,2025-11-28 19:30:00+00:00,3052.14,3054.73,3048.13,3049.57,11863.648
7227,2025-11-28 19:35:00+00:00,3049.57,3059.85,3049.05,3055.67,14481.889
7228,2025-11-28 19:40:00+00:00,3055.68,3056.22,3050.95,3051.14,5535.062
7229,2025-11-28 19:45:00+00:00,3051.14,3051.47,3047.4,3048.15,5000.484
7230,2025-11-28 19:50:00+00:00,3048.15,3049.0,3046.21,3047.97,5176.361
7231,2025-11-28 19:55:00+00:00,3047.97,3049.8,3046.11,3048.5,3915.005
7232,2025-11-28 20:00:00+00:00,3048.5,3048.5,3037.5,3039.0,11485.875
7233,2025-11-28 20:05:00+00:00,3038.99,3040.0,3034.0,3038.72,7114.439
7234,2025-11-28 20:10:00+00:00,3038.71,3042.81,3038.7,3042.08,3680.545
7235,2025-11-28 20:15:00+00:00,3042.09,3054.31,3039.36,3051.91,12490.042
7236,2025-11-28 20:20:00+00:00,3051.9,3055.54,3049.2,3053.36,8337.505
7237,2025-11-28 20:25:00+00:00,3053.35,3053.7,3050.25,3052.26,6087.008
7238,2025-11-28 20:30:00+00:00,3052.26,3055.36,3050.0,3050.52,5980.422
7239,2025-11-28 20:35:00+00:00,3050.51,3053.93,3050.13,3053.39,3676.307
7240,2025-11-28 20:40:00+00:00,3053.38,3053.44,3051.0,3051.61,2488.302
7241,2025-11-28 20:45:00+00:00,3051.61,3055.08,3047.35,3053.68,24990.833
7242,2025-11-28 20:50:00+00:00,3053.67,3056.38,3052.52,3052.67,4559.367
7243,2025-11-28 20:55:00+00:00,3052.66,3056.14,3051.61,3054.54,5307.902
7244,2025-11-28 21:00:00+00:00,3054.54,3058.39,3054.54,3055.13,8707.369
7245,2025-11-28 21:05:00+00:00,3055.14,3056.3,3051.46,3052.47,2686.724
7246,2025-11-28 21:10:00+00:00,3052.47,3052.65,3049.75,3051.63,6349.809
7247,2025-11-28 21:15:00+00:00,3051.64,3051.73,3042.78,3042.78,7479.868
7248,2025-11-28 21:20:00+00:00,3042.79,3045.76,3042.0,3045.43,3959.428
7249,2025-11-28 21:25:00+00:00,3045.42,3047.74,3044.35,3047.47,5330.79
7250,2025-11-28 21:30:00+00:00,3047.46,3047.92,3043.49,3044.48,4098.614
7251,2025-11-28 21:35:00+00:00,3044.48,3045.86,3043.0,3044.98,2575.708
7252,2025-11-28 21:40:00+00:00,3044.98,3051.86,3044.4,3049.44,3222.803
7253,2025-11-28 21:45:00+00:00,3049.44,3049.44,3045.04,3045.83,2141.563
7254,2025-11-28 21:50:00+00:00,3045.83,3047.11,3037.5,3038.15,7185.457
7255,2025-11-28 21:55:00+00:00,3038.14,3039.35,3034.59,3035.03,5711.957
7256,2025-11-28 22:00:00+00:00,3035.02,3035.74,3025.62,3030.54,19761.629
7257,2025-11-28 22:05:00+00:00,3030.54,3039.62,3030.54,3032.57,11016.512
7258,2025-11-28 22:10:00+00:00,3032.57,3035.96,3026.82,3027.19,6217.038
7259,2025-11-28 22:15:00+00:00,3027.2,3028.2,3018.2,3025.02,21498.56
7260,2025-11-28 22:20:00+00:00,3025.02,3027.9,3023.28,3024.16,4620.564
7261,2025-11-28 22:25:00+00:00,3024.16,3034.64,3024.16,3030.21,9820.529
7262,2025-11-28 22:30:00+00:00,3030.21,3033.46,3028.31,3033.46,3809.564
7263,2025-11-28 22:35:00+00:00,3033.46,3039.34,3032.86,3034.05,5598.49
7264,2025-11-28 22:40:00+00:00,3034.06,3035.54,3032.08,3035.51,2496.417
7265,2025-11-28 22:45:00+00:00,3035.52,3038.38,3031.96,3036.28,3819.268
7266,2025-11-28 22:50:00+00:00,3036.28,3041.49,3035.06,3038.97,2502.238
7267,2025-11-28 22:55:00+00:00,3038.98,3039.42,3035.33,3038.27,2501.201
7268,2025-11-28 23:00:00+00:00,3038.27,3044.0,3037.79,3043.16,4741.478
7269,2025-11-28 23:05:00+00:00,3043.16,3043.85,3035.57,3037.0,6255.35
7270,2025-11-28 23:10:00+00:00,3037.0,3041.51,3036.74,3039.6,2168.378
7271,2025-11-28 23:15:00+00:00,3039.6,3040.77,3035.71,3036.0,2576.831
7272,2025-11-28 23:20:00+00:00,3036.0,3037.88,3035.8,3036.62,2387.225
7273,2025-11-28 23:25:00+00:00,3036.62,3037.98,3035.25,3035.59,1661.457
7274,2025-11-28 23:30:00+00:00,3035.59,3036.4,3031.37,3034.4,3414.806
7275,2025-11-28 23:35:00+00:00,3034.41,3036.18,3031.87,3032.63,2841.998
7276,2025-11-28 23:40:00+00:00,3032.63,3034.08,3031.22,3033.08,3733.198
7277,2025-11-28 23:45:00+00:00,3033.07,3033.07,3028.65,3030.99,4329.088
7278,2025-11-28 23:50:00+00:00,3030.99,3033.61,3030.99,3031.63,1980.733
7279,2025-11-28 23:55:00+00:00,3031.62,3031.63,3029.49,3029.8,2263.622
7280,2025-11-29 00:00:00+00:00,3029.8,3036.31,3028.42,3034.99,10200.563
7281,2025-11-29 00:05:00+00:00,3035.0,3035.62,3032.39,3032.39,3159.991
7282,2025-11-29 00:10:00+00:00,3032.4,3033.92,3029.7,3033.06,2409.015
7283,2025-11-29 00:15:00+00:00,3033.06,3034.94,3028.3,3029.82,3177.701
7284,2025-11-29 00:20:00+00:00,3029.82,3036.98,3029.82,3036.16,2269.064
7285,2025-11-29 00:25:00+00:00,3036.16,3036.16,3031.65,3035.07,2569.103
7286,2025-11-29 00:30:00+00:00,3035.07,3035.83,3028.34,3030.29,3590.457
7287,2025-11-29 00:35:00+00:00,3030.28,3036.28,3029.22,3033.49,2220.69
7288,2025-11-29 00:40:00+00:00,3033.48,3036.87,3032.01,3035.65,3548.541
7289,2025-11-29 00:45:00+00:00,3035.65,3038.23,3033.64,3034.95,3224.901
7290,2025-11-29 00:50:00+00:00,3034.95,3035.71,3031.54,3032.53,1902.896
7291,2025-11-29 00:55:00+00:00,3032.53,3034.94,3032.4,3034.49,2207.966
7292,2025-11-29 01:00:00+00:00,3034.5,3037.93,3033.38,3035.62,3408.349
7293,2025-11-29 01:05:00+00:00,3035.62,3039.95,3034.05,3039.34,3741.207
7294,2025-11-29 01:10:00+00:00,3039.35,3047.65,3038.71,3046.41,13758.029
7295,2025-11-29 01:15:00+00:00,3046.4,3051.46,3041.82,3042.24,14631.388
7296,2025-11-29 01:20:00+00:00,3042.23,3046.39,3042.23,3045.11,3748.846
7297,2025-11-29 01:25:00+00:00,3045.12,3045.33,3036.73,3037.79,6598.756
7298,2025-11-29 01:30:00+00:00,3037.79,3038.51,3035.18,3038.15,5020.636
7299,2025-11-29 01:35:00+00:00,3038.15,3039.39,3033.2,3033.2,2766.58
7300,2025-11-29 01:40:00+00:00,3033.2,3035.99,3030.8,3034.4,4453.091
7301,2025-11-29 01:45:00+00:00,3034.39,3035.97,3033.54,3035.0,1943.005
7302,2025-11-29 01:50:00+00:00,3035.01,3036.23,3032.13,3035.92,3946.878
7303,2025-11-29 01:55:00+00:00,3035.93,3037.96,3035.92,3036.96,2668.663
7304,2025-11-29 02:00:00+00:00,3036.97,3038.94,3034.09,3034.1,2574.103
7305,2025-11-29 02:05:00+00:00,3034.09,3035.42,3032.6,3035.16,2928.169
7306,2025-11-29 02:10:00+00:00,3035.17,3036.68,3034.26,3036.48,1980.053
7307,2025-11-29 02:15:00+00:00,3036.48,3039.3,3036.48,3038.46,2310.064
7308,2025-11-29 02:20:00+00:00,3038.47,3039.43,3035.99,3038.62,5568.586
7309,2025-11-29 02:25:00+00:00,3038.63,3038.76,3032.0,3032.13,3618.434
7310,2025-11-29 02:30:00+00:00,3032.13,3034.93,3024.8,3024.84,15792.882
7311,2025-11-29 02:35:00+00:00,3024.83,3026.64,3022.3,3026.25,8009.855
7312,2025-11-29 02:40:00+00:00,3026.25,3028.32,3026.15,3026.87,3492.052
7313,2025-11-29 02:45:00+00:00,3026.87,3027.16,3023.52,3025.56,4366.116
7314,2025-11-29 02:50:00+00:00,3025.56,3028.5,3025.55,3027.51,2907.277
7315,2025-11-29 02:55:00+00:00,3027.52,3030.9,3027.51,3029.29,4264.629
7316,2025-11-29 03:00:00+00:00,3029.3,3033.41,3028.56,3033.16,3234.689
7317,2025-11-29 03:05:00+00:00,3033.16,3034.94,3031.85,3032.0,4561.168
7318,2025-11-29 03:10:00+00:00,3032.0,3032.4,3029.36,3029.91,2226.588
7319,2025-11-29 03:15:00+00:00,3029.91,3030.71,3027.03,3028.89,3008.347
7320,2025-11-29 03:20:00+00:00,3028.89,3031.37,3025.76,3026.22,5808.958
7321,2025-11-29 03:25:00+00:00,3026.23,3026.29,3023.25,3023.26,6350.668
7322,2025-11-29 03:30:00+00:00,3023.26,3024.04,3016.02,3018.93,21403.075
7323,2025-11-29 03:35:00+00:00,3018.94,3022.66,3017.01,3020.99,7093.863
7324,2025-11-29 03:40:00+00:00,3021.0,3022.98,3020.03,3020.78,3497.164
7325,2025-11-29 03:45:00+00:00,3020.78,3022.26,3019.65,3021.78,2567.996
7326,2025-11-29 03:50:00+00:00,3021.77,3022.74,3021.55,3022.0,2039.66
7327,2025-11-29 03:55:00+00:00,3022.0,3022.95,3020.88,3021.51,1992.421
7328,2025-11-29 04:00:00+00:00,3021.51,3023.74,3021.0,3023.02,4292.241
7329,2025-11-29 04:05:00+00:00,3023.02,3023.41,3018.8,3018.83,4804.506
7330,2025-11-29 04:10:00+00:00,3018.83,3020.19,3018.5,3020.0,2848.758
7331,2025-11-29 04:15:00+00:00,3020.01,3022.41,3018.36,3019.17,3236.001
7332,2025-11-29 04:20:00+00:00,3019.17,3021.77,3018.46,3020.72,2280.868
7333,2025-11-29 04:25:00+00:00,3020.72,3028.54,3020.72,3027.74,8721.911
7334,2025-11-29 04:30:00+00:00,3027.74,3031.55,3027.74,3029.85,12960.086
7335,2025-11-29 04:35:00+00:00,3029.85,3032.6,3029.5,3029.87,6079.447
7336,2025-11-29 04:40:00+00:00,3029.87,3030.93,3029.0,3030.0,2850.197
7337,2025-11-29 04:45:00+00:00,3030.01,3032.88,3030.0,3032.29,4067.227
7338,2025-11-29 04:50:00+00:00,3032.3,3034.03,3032.17,3033.32,3417.888
7339,2025-11-29 04:55:00+00:00,3033.32,3044.24,3031.71,3039.18,24453.375
7340,2025-11-29 05:00:00+00:00,3039.18,3040.0,3035.24,3035.35,6832.259
7341,2025-11-29 05:05:00+00:00,3035.35,3036.63,3035.21,3035.76,2219.888
7342,2025-11-29 05:10:00+00:00,3035.76,3036.1,3034.92,3035.08,1810.552
7343,2025-11-29 05:15:00+00:00,3035.07,3038.0,3034.87,3038.0,2663.829
7344,2025-11-29 05:20:00+00:00,3038.0,3039.4,3035.0,3037.0,6002.101
7345,2025-11-29 05:25:00+00:00,3037.01,3039.0,3037.01,3038.35,3749.892
7346,2025-11-29 05:30:00+00:00,3038.35,3039.3,3034.17,3034.76,4887.531
7347,2025-11-29 05:35:00+00:00,3034.76,3041.95,3034.76,3037.53,5013.326
7348,2025-11-29 05:40:00+00:00,3037.53,3037.54,3034.92,3035.19,3244.058
7349,2025-11-29 05:45:00+00:00,3035.19,3036.0,3033.44,3033.58,2699.545
7350,2025-11-29 05:50:00+00:00,3033.58,3033.58,3029.86,3030.97,5102.457
7351,2025-11-29 05:55:00+00:00,3030.98,3031.87,3030.6,3031.61,1447.891
7352,2025-11-29 06:00:00+00:00,3031.61,3032.6,3030.84,3031.07,2198.314
7353,2025-11-29 06:05:00+00:00,3031.07,3034.49,3030.78,3034.49,1710.575
7354,2025-11-29 06:10:00+00:00,3034.5,3037.45,3034.5,3035.02,3839.601
7355,2025-11-29 06:15:00+00:00,3035.02,3035.62,3030.91,3030.91,3157.306
7356,2025-11-29 06:20:00+00:00,3030.91,3030.92,3011.0,3014.02,72703.948
7357,2025-11-29 06:25:00+00:00,3013.73,3017.0,3012.38,3013.51,22730.055
7358,2025-11-29 06:30:00+00:00,3013.5,3015.53,2989.12,2996.21,118463.523
7359,2025-11-29 06:35:00+00:00,2996.2,3006.04,2994.92,3001.69,32311.08
7360,2025-11-29 06:40:00+00:00,3001.69,3007.32,3001.19,3005.41,14816.548
7361,2025-11-29 06:45:00+00:00,3005.4,3008.88,3003.0,3006.59,10823.77
7362,2025-11-29 06:50:00+00:00,3006.6,3007.28,3000.74,3002.94,10418.016
7363,2025-11-29 06:55:00+00:00,3002.94,3007.64,3002.94,3005.71,10275.767
7364,2025-11-29 07:00:00+00:00,3005.71,3008.49,3004.9,3007.52,8944.318
7365,2025-11-29 07:05:00+00:00,3007.52,3008.44,3003.56,3003.56,5881.743
7366,2025-11-29 07:10:00+00:00,3003.57,3011.43,3003.44,3010.06,7078.227
7367,2025-11-29 07:15:00+00:00,3010.07,3012.92,3008.61,3010.04,6944.737
7368,2025-11-29 07:20:00+00:00,3010.05,3010.51,3005.52,3006.42,6523.039
7369,2025-11-29 07:25:00+00:00,3006.41,3007.99,3005.72,3006.85,4719.83
7370,2025-11-29 07:30:00+00:00,3006.85,3008.11,3003.59,3003.6,4997.484
7371,2025-11-29 07:35:00+00:00,3003.59,3005.59,2993.4,2999.15,23545.103
7372,2025-11-29 07:40:00+00:00,2999.15,3002.47,2998.75,3001.24,7791.018
7373,2025-11-29 07:45:00+00:00,3001.24,3002.49,3000.08,3000.29,4373.179
7374,2025-11-29 07:50:00+00:00,3000.3,3003.41,3000.0,3003.07,5029.415
7375,2025-11-29 07:55:00+00:00,3003.07,3005.43,3002.7,3003.23,5416.238
7376,2025-11-29 08:00:00+00:00,3003.22,3003.23,2999.62,3000.63,6166.937
7377,2025-11-29 08:05:00+00:00,3000.63,3007.19,3000.63,3003.94,6893.267
7378,2025-11-29 08:10:00+00:00,3003.93,3007.98,3003.5,3005.3,6931.124
7379,2025-11-29 08:15:00+00:00,3005.29,3008.93,3004.36,3004.99,7697.006
7380,2025-11-29 08:20:00+00:00,3005.0,3009.85,3004.99,3008.05,9694.846
7381,2025-11-29 08:25:00+00:00,3008.06,3008.53,3004.04,3004.04,4139.933
7382,2025-11-29 08:30:00+00:00,3004.05,3007.37,3001.32,3007.37,4834.549
7383,2025-11-29 08:35:00+00:00,3007.37,3007.8,3005.18,3006.03,3538.209
7384,2025-11-29 08:40:00+00:00,3006.04,3007.16,3003.92,3005.26,2062.895
7385,2025-11-29 08:45:00+00:00,3005.26,3007.28,3003.79,3004.0,3422.222
7386,2025-11-29 08:50:00+00:00,3003.99,3006.4,3003.67,3005.08,2534.738
7387,2025-11-29 08:55:00+00:00,3005.09,3006.78,3005.08,3006.78,2410.084
7388,2025-11-29 09:00:00+00:00,3006.77,3008.84,3005.0,3007.85,8180.632
7389,2025-11-29 09:05:00+00:00,3007.84,3008.85,3002.03,3003.72,4764.705
7390,2025-11-29 09:10:00+00:00,3003.73,3006.53,3003.72,3004.82,2167.7
7391,2025-11-29 09:15:00+00:00,3004.81,3006.11,3003.32,3003.9,3059.429
7392,2025-11-29 09:20:00+00:00,3003.9,3003.91,3001.03,3001.53,4939.684
7393,2025-11-29 09:25:00+00:00,3001.53,3003.26,2999.27,2999.8,6362.546
7394,2025-11-29 09:30:00+00:00,2999.81,3001.53,2996.19,2999.29,12757.679
7395,2025-11-29 09:35:00+00:00,2999.29,3002.63,2997.33,3001.64,5552.367
7396,2025-11-29 09:40:00+00:00,3001.65,3002.98,3000.98,3002.11,2229.042
7397,2025-11-29 09:45:00+00:00,3002.1,3002.95,3001.01,3002.35,2613.464
7398,2025-11-29 09:50:00+00:00,3002.34,3004.06,3002.0,3002.11,2445.63
7399,2025-11-29 09:55:00+00:00,3002.1,3002.53,2999.71,3000.29,3296.065
7400,2025-11-29 10:00:00+00:00,3000.3,3001.97,2999.54,3000.17,3064.907
7401,2025-11-29 10:05:00+00:00,3000.18,3001.44,2996.18,2998.0,8100.3
7402,2025-11-29 10:10:00+00:00,2998.0,3002.11,2997.99,2999.77,4674.937
7403,2025-11-29 10:15:00+00:00,2999.77,3001.65,2991.01,2992.67,17147.112
7404,2025-11-29 10:20:00+00:00,2992.67,2998.7,2982.3,2998.7,43238.638
7405,2025-11-29 10:25:00+00:00,2998.7,3004.93,2998.58,3001.4,22383.077
7406,2025-11-29 10:30:00+00:00,3001.39,3006.34,3001.11,3003.0,13577.407
7407,2025-11-29 10:35:00+00:00,3003.01,3003.95,3001.53,3002.25,4819.627
7408,2025-11-29 10:40:00+00:00,3002.26,3002.49,3000.34,3001.1,4793.858
7409,2025-11-29 10:45:00+00:00,3001.11,3002.18,2997.35,2997.36,7166.258
7410,2025-11-29 10:50:00+00:00,2997.36,2999.84,2997.24,2997.32,3813.587
7411,2025-11-29 10:55:00+00:00,2997.33,2997.75,2995.65,2995.65,5055.37
7412,2025-11-29 11:00:00+00:00,2995.66,2999.76,2994.52,2998.05,11491.656
7413,2025-11-29 11:05:00+00:00,2998.05,2998.05,2990.32,2993.55,16971.547
7414,2025-11-29 11:10:00+00:00,2993.55,2997.99,2993.54,2996.86,4825.562
7415,2025-11-29 11:15:00+00:00,2996.86,2997.46,2991.2,2992.13,7587.514
7416,2025-11-29 11:20:00+00:00,2992.14,2995.83,2992.06,2994.37,7445.641
7417,2025-11-29 11:25:00+00:00,2994.37,2995.78,2993.14,2995.55,2779.65
7418,2025-11-29 11:30:00+00:00,2995.55,2997.5,2994.02,2997.5,2386.084
7419,2025-11-29 11:35:00+00:00,2997.5,2998.88,2996.36,2998.72,5210.962
7420,2025-11-29 11:40:00+00:00,2998.72,3000.0,2998.16,2998.18,10687.656
7421,2025-11-29 11:45:00+00:00,2998.19,2999.27,2996.33,2998.91,3966.202
7422,2025-11-29 11:50:00+00:00,2998.92,2999.93,2997.31,2998.77,9630.753
7423,2025-11-29 11:55:00+00:00,2998.76,2999.1,2997.71,2998.45,6031.032
7424,2025-11-29 12:00:00+00:00,2998.45,2999.68,2996.74,2999.68,6155.592
7425,2025-11-29 12:05:00+00:00,2999.68,3000.0,2999.32,2999.74,18035.312
7426,2025-11-29 12:10:00+00:00,2999.74,2999.74,2993.16,2993.32,9077.007
7427,2025-11-29 12:15:00+00:00,2993.33,2994.81,2991.24,2992.9,9562.144
7428,2025-11-29 12:20:00+00:00,2992.9,2995.03,2990.88,2992.55,7096.744
7429,2025-11-29 12:25:00+00:00,2992.54,2994.91,2992.24,2993.69,4952.665
7430,2025-11-29 12:30:00+00:00,2993.69,2996.1,2992.37,2995.52,4892.373
7431,2025-11-29 12:35:00+00:00,2995.53,2995.71,2992.1,2994.73,3007.101
7432,2025-11-29 12:40:00+00:00,2994.73,2997.0,2994.72,2996.85,4340.951
7433,2025-11-29 12:45:00+00:00,2996.86,2998.29,2995.42,2996.0,6683.037
7434,2025-11-29 12:50:00+00:00,2996.0,2998.5,2995.6,2997.31,3545.328
7435,2025-11-29 12:55:00+00:00,2997.31,2997.59,2995.49,2995.5,2234.182
7436,2025-11-29 13:00:00+00:00,2995.49,2996.13,2994.4,2996.12,2500.743
7437,2025-11-29 13:05:00+00:00,2996.13,2997.45,2992.27,2992.91,3752.149
7438,2025-11-29 13:10:00+00:00,2992.92,2995.33,2992.82,2993.24,2781.862
7439,2025-11-29 13:15:00+00:00,2993.23,2994.0,2991.0,2994.0,4759.837
7440,2025-11-29 13:20:00+00:00,2994.0,2996.0,2993.21,2993.99,5038.58
7441,2025-11-29 13:25:00+00:00,2994.0,2998.5,2993.99,2998.06,4944.607
7442,2025-11-29 13:30:00+00:00,2998.06,2999.92,2997.89,2999.32,9646.689
7443,2025-11-29 13:35:00+00:00,2999.32,2999.33,2995.56,2997.49,3449.485
7444,2025-11-29 13:40:00+00:00,2997.48,2999.0,2996.96,2997.88,3522.548
7445,2025-11-29 13:45:00+00:00,2997.88,2999.19,2997.46,2999.01,3050.375
7446,2025-11-29 13:50:00+00:00,2999.01,3000.0,2998.4,2998.86,9192.271
7447,2025-11-29 13:55:00+00:00,2998.86,2998.86,2995.68,2996.87,3688.83
7448,2025-11-29 14:00:00+00:00,2996.87,2997.34,2992.73,2994.54,8597.641
7449,2025-11-29 14:05:00+00:00,2994.54,2995.03,2992.71,2992.83,6685.877
7450,2025-11-29 14:10:00+00:00,2992.84,2994.6,2991.49,2994.6,5754.173
7451,2025-11-29 14:15:00+00:00,2994.6,2995.4,2992.59,2992.59,3618.521
7452,2025-11-29 14:20:00+00:00,2992.6,2995.2,2992.21,2994.32,2657.736
7453,2025-11-29 14:25:00+00:00,2994.33,2994.98,2993.76,2993.76,2635.398
7454,2025-11-29 14:30:00+00:00,2993.76,2995.56,2992.5,2992.51,2660.661
7455,2025-11-29 14:35:00+00:00,2992.5,2993.64,2990.9,2990.9,5532.798
7456,2025-11-29 14:40:00+00:00,2990.9,2992.2,2987.13,2990.8,23957.003
7457,2025-11-29 14:45:00+00:00,2990.79,2994.65,2988.09,2994.01,7980.834
7458,2025-11-29 14:50:00+00:00,2994.0,2994.01,2987.0,2987.01,7194.366
7459,2025-11-29 14:55:00+00:00,2987.0,2987.17,2985.4,2987.1,18254.236
7460,2025-11-29 15:00:00+00:00,2987.09,2991.86,2987.09,2989.36,8238.735
7461,2025-11-29 15:05:00+00:00,2989.36,2991.23,2988.97,2989.82,4120.463
7462,2025-11-29 15:10:00+00:00,2989.82,2992.0,2988.97,2990.74,3932.954
7463,2025-11-29 15:15:00+00:00,2990.75,3015.0,2990.74,3003.73,73858.88
7464,2025-11-29 15:20:00+00:00,3003.72,3009.34,3000.3,3001.24,15997.51
7465,2025-11-29 15:25:00+00:00,3001.23,3001.44,2996.35,2999.86,13090.128
7466,2025-11-29 15:30:00+00:00,2999.86,3003.91,2997.04,3001.87,10774.141
7467,2025-11-29 15:35:00+00:00,3001.87,3001.87,2998.24,3001.06,6070.41
7468,2025-11-29 15:40:00+00:00,3001.05,3002.0,2998.63,2999.15,3926.259
7469,2025-11-29 15:45:00+00:00,2999.15,3004.61,2999.15,3004.16,8271.509
7470,2025-11-29 15:50:00+00:00,3004.16,3010.1,3002.63,3004.49,12870.16
7471,2025-11-29 15:55:00+00:00,3004.49,3006.9,3004.25,3006.0,5605.761
7472,2025-11-29 16:00:00+00:00,3006.0,3006.31,3002.25,3003.87,5373.132
7473,2025-11-29 16:05:00+00:00,3003.87,3005.0,3002.4,3003.83,3484.369
7474,2025-11-29 16:10:00+00:00,3003.82,3007.45,3003.82,3004.01,3132.246
7475,2025-11-29 16:15:00+00:00,3004.01,3007.43,3003.0,3006.9,4548.551
7476,2025-11-29 16:20:00+00:00,3006.89,3011.1,3003.66,3004.39,14057.761
7477,2025-11-29 16:25:00+00:00,3004.4,3004.4,2996.92,2999.38,15531.263
7478,2025-11-29 16:30:00+00:00,2999.39,3000.92,2998.0,3000.09,2334.588
7479,2025-11-29 16:35:00+00:00,3000.1,3002.31,2998.74,3001.21,2860.917
7480,2025-11-29 16:40:00+00:00,3001.2,3002.71,3000.0,3000.62,3036.676
7481,2025-11-29 16:45:00+00:00,3000.61,3000.7,2998.34,2999.51,2748.738
7482,2025-11-29 16:50:00+00:00,2999.51,3004.37,2999.51,3003.17,3003.581
7483,2025-11-29 16:55:00+00:00,3003.17,3003.54,3001.61,3002.02,2004.893
7484,2025-11-29 17:00:00+00:00,3002.02,3003.54,3000.01,3000.27,3881.603
7485,2025-11-29 17:05:00+00:00,3000.27,3000.27,2993.4,2996.21,10385.382
7486,2025-11-29 17:10:00+00:00,2996.21,2996.64,2992.38,2995.67,6343.601
7487,2025-11-29 17:15:00+00:00,2995.67,2997.84,2993.03,2996.7,8614.047
7488,2025-11-29 17:20:00+00:00,2996.7,2996.7,2991.3,2992.94,6269.737
7489,2025-11-29 17:25:00+00:00,2992.95,2994.0,2991.98,2993.0,1923.933
7490,2025-11-29 17:30:00+00:00,2993.0,2993.45,2965.98,2978.9,82826.932
7491,2025-11-29 17:35:00+00:00,2978.88,2985.56,2978.11,2984.01,17761.654
7492,2025-11-29 17:40:00+00:00,2984.0,2987.0,2983.51,2983.51,11421.425
7493,2025-11-29 17:45:00+00:00,2983.51,2987.01,2976.0,2976.72,27215.767
7494,2025-11-29 17:50:00+00:00,2976.73,2978.0,2972.0,2973.43,17387.375
7495,2025-11-29 17:55:00+00:00,2973.43,2973.88,2964.31,2968.63,45553.063
7496,2025-11-29 18:00:00+00:00,2968.64,2975.0,2963.15,2970.32,32864.025
7497,2025-11-29 18:05:00+00:00,2970.31,2976.76,2969.53,2974.51,9913.258
7498,2025-11-29 18:10:00+00:00,2974.52,2975.89,2960.01,2973.83,32865.251
7499,2025-11-29 18:15:00+00:00,2973.84,2978.81,2964.75,2971.86,27925.337
7500,2025-11-29 18:20:00+00:00,2971.86,2976.15,2970.74,2971.98,12813.389
7501,2025-11-29 18:25:00+00:00,2971.99,2975.29,2970.7,2973.23,9580.335
7502,2025-11-29 18:30:00+00:00,2973.22,2982.87,2970.22,2979.29,38696.508
7503,2025-11-29 18:35:00+00:00,2979.29,2990.0,2978.86,2983.69,31777.772
7504,2025-11-29 18:40:00+00:00,2983.69,2994.9,2983.63,2991.29,15741.93
7505,2025-11-29 18:45:00+00:00,2991.3,2994.0,2987.83,2988.81,9357.748
7506,2025-11-29 18:50:00+00:00,2988.82,2992.74,2988.31,2988.95,4084.832
7507,2025-11-29 18:55:00+00:00,2988.95,2997.0,2988.93,2993.51,12143.999
7508,2025-11-29 19:00:00+00:00,2993.51,2994.99,2990.35,2990.85,4659.107
7509,2025-11-29 19:05:00+00:00,2990.85,2997.99,2990.19,2996.35,7433.167
7510,2025-11-29 19:10:00+00:00,2996.36,2999.0,2994.71,2996.37,9836.309
7511,2025-11-29 19:15:00+00:00,2996.38,2998.0,2995.82,2995.82,4812.66
7512,2025-11-29 19:20:00+00:00,2995.82,2997.64,2994.33,2995.71,3216.355
7513,2025-11-29 19:25:00+00:00,2995.7,2996.58,2994.29,2994.92,2500.854
7514,2025-11-29 19:30:00+00:00,2994.91,2997.22,2990.21,2990.67,8816.882
7515,2025-11-29 19:35:00+00:00,2990.67,2990.85,2988.01,2989.08,5388.649
7516,2025-11-29 19:40:00+00:00,2989.07,2991.3,2987.0,2989.65,4933.945
7517,2025-11-29 19:45:00+00:00,2989.65,2991.83,2982.57,2985.96,11349.533
7518,2025-11-29 19:50:00+00:00,2985.95,2988.11,2984.26,2987.73,6068.304
7519,2025-11-29 19:55:00+00:00,2987.74,2989.97,2986.28,2987.49,4402.557
7520,2025-11-29 20:00:00+00:00,2987.49,2988.61,2983.35,2984.25,7079.182
7521,2025-11-29 20:05:00+00:00,2984.25,2986.0,2981.64,2983.45,6762.352
7522,2025-11-29 20:10:00+00:00,2983.45,2985.77,2982.91,2984.19,3429.377
7523,2025-11-29 20:15:00+00:00,2984.19,2989.0,2983.95,2988.34,2948.317
7524,2025-11-29 20:20:00+00:00,2988.34,2989.42,2987.32,2987.6,1899.76
7525,2025-11-29 20:25:00+00:00,2987.59,2992.4,2987.59,2989.98,4422.25
7526,2025-11-29 20:30:00+00:00,2989.97,2991.8,2987.12,2990.36,2716.656
7527,2025-11-29 20:35:00+00:00,2990.36,2991.29,2987.54,2988.66,1812.398
7528,2025-11-29 20:40:00+00:00,2988.65,2991.67,2987.84,2990.6,1866.3
7529,2025-11-29 20:45:00+00:00,2990.6,2993.14,2988.15,2991.0,4217.939
7530,2025-11-29 20:50:00+00:00,2990.99,2994.11,2990.99,2994.11,3151.867
7531,2025-11-29 20:55:00+00:00,2994.11,2997.84,2994.11,2996.21,7170.717
7532,2025-11-29 21:00:00+00:00,2996.22,2997.87,2991.58,2991.7,8346.348
7533,2025-11-29 21:05:00+00:00,2991.7,2993.39,2988.7,2988.82,3040.522
7534,2025-11-29 21:10:00+00:00,2988.83,2989.47,2987.17,2987.32,4276.148
7535,2025-11-29 21:15:00+00:00,2987.31,2989.79,2980.8,2983.24,7022.438
7536,2025-11-29 21:20:00+00:00,2983.24,2991.54,2983.23,2990.19,5318.906
7537,2025-11-29 21:25:00+00:00,2990.19,2992.61,2990.19,2991.67,2480.278
7538,2025-11-29 21:30:00+00:00,2991.66,2994.18,2990.05,2993.56,2387.886
7539,2025-11-29 21:35:00+00:00,2993.55,2994.0,2991.1,2993.25,2062.277
7540,2025-11-29 21:40:00+00:00,2993.24,2994.61,2990.54,2991.91,3261.422
7541,2025-11-29 21:45:00+00:00,2991.92,2994.39,2991.08,2991.67,1604.276
7542,2025-11-29 21:50:00+00:00,2991.66,2993.15,2990.14,2993.08,3450.245
7543,2025-11-29 21:55:00+00:00,2993.08,2993.52,2992.12,2992.84,1358.122
7544,2025-11-29 22:00:00+00:00,2992.83,2994.48,2990.99,2992.14,2327.4
7545,2025-11-29 22:05:00+00:00,2992.13,2992.6,2990.01,2992.6,2247.135
7546,2025-11-29 22:10:00+00:00,2992.59,2993.0,2982.42,2983.41,5919.76
7547,2025-11-29 22:15:00+00:00,2983.4,2987.38,2983.17,2983.71,6062.723
7548,2025-11-29 22:20:00+00:00,2983.71,2986.0,2982.81,2984.01,3879.01
7549,2025-11-29 22:25:00+00:00,2984.0,2985.16,2982.83,2983.95,1596.879
7550,2025-11-29 22:30:00+00:00,2983.96,2988.25,2983.46,2987.74,2093.515
7551,2025-11-29 22:35:00+00:00,2987.75,2990.96,2987.74,2990.64,2668.533
7552,2025-11-29 22:40:00+00:00,2990.65,2990.65,2988.1,2989.02,1633.554
7553,2025-11-29 22:45:00+00:00,2989.02,2990.4,2985.21,2987.22,1649.497
7554,2025-11-29 22:50:00+00:00,2987.22,2989.17,2985.37,2989.06,1077.475
7555,2025-11-29 22:55:00+00:00,2989.05,2990.08,2985.61,2987.72,1468.413
7556,2025-11-29 23:00:00+00:00,2987.72,2989.64,2985.01,2988.25,2858.586
7557,2025-11-29 23:05:00+00:00,2988.26,2989.8,2984.36,2985.39,2873.363
7558,2025-11-29 23:10:00+00:00,2985.38,2986.28,2984.46,2985.64,1460.114
7559,2025-11-29 23:15:00+00:00,2985.64,2987.06,2984.43,2987.04,1342.799
7560,2025-11-29 23:20:00+00:00,2987.04,2991.2,2987.04,2991.0,2881.705
7561,2025-11-29 23:25:00+00:00,2991.0,2992.92,2988.86,2989.12,4504.212
7562,2025-11-29 23:30:00+00:00,2989.11,2990.79,2988.29,2988.29,1577.302
7563,2025-11-29 23:35:00+00:00,2988.3,2991.42,2988.02,2991.0,1669.63
7564,2025-11-29 23:40:00+00:00,2991.01,2992.0,2989.68,2990.28,1467.557
7565,2025-11-29 23:45:00+00:00,2990.28,2991.99,2986.53,2986.75,3509.403
7566,2025-11-29 23:50:00+00:00,2986.75,2991.33,2986.35,2989.19,2251.47
7567,2025-11-29 23:55:00+00:00,2989.19,2989.57,2987.51,2987.96,1520.028
7568,2025-11-30 00:00:00+00:00,2987.96,2989.76,2986.76,2987.94,2172.977
7569,2025-11-30 00:05:00+00:00,2987.94,2992.0,2987.59,2992.0,2869.846
7570,2025-11-30 00:10:00+00:00,2991.99,2997.05,2990.81,2995.65,6169.155
7571,2025-11-30 00:15:00+00:00,2995.65,2998.46,2992.85,2996.61,5249.555
7572,2025-11-30 00:20:00+00:00,2996.61,2997.0,2994.62,2995.45,2957.792
7573,2025-11-30 00:25:00+00:00,2995.44,2996.5,2994.27,2994.59,1436.264
7574,2025-11-30 00:30:00+00:00,2994.59,2996.93,2993.21,2995.54,3041.412
7575,2025-11-30 00:35:00+00:00,2995.53,2995.54,2992.85,2994.35,1415.551
7576,2025-11-30 00:40:00+00:00,2994.34,2998.35,2994.34,2995.97,2562.05
7577,2025-11-30 00:45:00+00:00,2995.96,2995.97,2992.71,2994.75,2495.979
7578,2025-11-30 00:50:00+00:00,2994.74,2995.08,2993.07,2993.96,1088.327
7579,2025-11-30 00:55:00+00:00,2993.95,2996.78,2993.81,2995.86,2263.487
7580,2025-11-30 01:00:00+00:00,2995.87,2998.84,2994.75,2998.81,2050.698
7581,2025-11-30 01:05:00+00:00,2998.81,3011.97,2998.67,3007.82,28513.813
7582,2025-11-30 01:10:00+00:00,3007.83,3008.56,3005.5,3005.7,4500.685
7583,2025-11-30 01:15:00+00:00,3005.7,3008.24,3003.02,3003.02,6847.863
7584,2025-11-30 01:20:00+00:00,3003.02,3005.88,3003.02,3003.4,3547.434
7585,2025-11-30 01:25:00+00:00,3003.4,3004.68,3002.26,3004.18,2379.002
7586,2025-11-30 01:30:00+00:00,3004.17,3009.0,3003.77,3008.18,3230.955
7587,2025-11-30 01:35:00+00:00,3008.17,3008.66,3007.15,3007.41,4037.47
7588,2025-11-30 01:40:00+00:00,3007.42,3008.48,3003.63,3005.24,4620.626
7589,2025-11-30 01:45:00+00:00,3005.24,3005.83,3003.55,3004.3,1659.912
7590,2025-11-30 01:50:00+00:00,3004.31,3005.2,3003.1,3004.26,1535.023
7591,2025-11-30 01:55:00+00:00,3004.27,3004.56,3003.35,3003.81,1584.904
7592,2025-11-30 02:00:00+00:00,3003.81,3009.71,3003.8,3008.57,6519.001
7593,2025-11-30 02:05:00+00:00,3008.57,3009.55,3006.86,3008.1,3664.881
7594,2025-11-30 02:10:00+00:00,3008.1,3010.99,3006.6,3006.98,3102.764
7595,2025-11-30 02:15:00+00:00,3006.97,3007.62,3003.44,3004.75,3575.887
7596,2025-11-30 02:20:00+00:00,3004.75,3005.96,3003.28,3004.0,2087.051
7597,2025-11-30 02:25:00+00:00,3004.0,3004.24,3002.0,3003.79,3618.994
7598,2025-11-30 02:30:00+00:00,3003.78,3005.62,3002.76,3005.08,1433.349
7599,2025-11-30 02:35:00+00:00,3005.08,3006.01,2996.4,2997.61,10381.983
7600,2025-11-30 02:40:00+00:00,2997.62,2997.62,2993.14,2995.75,7987.911
7601,2025-11-30 02:45:00+00:00,2995.75,2997.7,2994.31,2996.26,2722.492
7602,2025-11-30 02:50:00+00:00,2996.27,2996.73,2989.01,2990.28,7338.241
7603,2025-11-30 02:55:00+00:00,2990.27,2991.89,2989.16,2989.99,4635.916
7604,2025-11-30 03:00:00+00:00,2989.98,2993.4,2989.62,2990.16,5484.205
7605,2025-11-30 03:05:00+00:00,2990.15,2991.15,2987.5,2989.21,4877.997
7606,2025-11-30 03:10:00+00:00,2989.21,2991.24,2987.79,2988.34,4951.735
7607,2025-11-30 03:15:00+00:00,2988.34,2989.19,2975.2,2977.94,25016.721
7608,2025-11-30 03:20:00+00:00,2977.94,2987.3,2974.0,2985.88,31194.049
7609,2025-11-30 03:25:00+00:00,2985.87,2987.1,2984.76,2985.92,5693.825
7610,2025-11-30 03:30:00+00:00,2985.92,2991.0,2985.08,2989.01,6494.609
7611,2025-11-30 03:35:00+00:00,2989.0,2989.86,2987.41,2989.35,2887.203
7612,2025-11-30 03:40:00+00:00,2989.35,3003.92,2989.35,3002.58,23688.416
7613,2025-11-30 03:45:00+00:00,3002.58,3004.68,2999.28,2999.71,13398.577
7614,2025-11-30 03:50:00+00:00,2999.71,3001.79,2998.9,3000.51,5703.965
7615,2025-11-30 03:55:00+00:00,3000.5,3001.92,2999.45,3000.44,3105.965
7616,2025-11-30 04:00:00+00:00,3000.44,3002.28,2997.32,3000.86,6600.273
7617,2025-11-30 04:05:00+00:00,3000.87,3001.87,2998.8,2999.91,4523.253
7618,2025-11-30 04:10:00+00:00,2999.9,3002.28,2999.87,3000.39,1914.52
7619,2025-11-30 04:15:00+00:00,3000.38,3000.8,2996.53,2998.07,3364.742
7620,2025-11-30 04:20:00+00:00,2998.07,3000.0,2997.25,2998.87,1756.431
7621,2025-11-30 04:25:00+00:00,2998.86,2998.86,2995.2,2996.69,2599.017
7622,2025-11-30 04:30:00+00:00,2996.69,2997.85,2995.2,2997.2,2493.137
7623,2025-11-30 04:35:00+00:00,2997.21,2998.31,2995.62,2998.31,1892.64
7624,2025-11-30 04:40:00+00:00,2998.31,2998.31,2995.23,2996.75,2588.78
7625,2025-11-30 04:45:00+00:00,2996.74,2997.25,2994.09,2996.48,2279.554
7626,2025-11-30 04:50:00+00:00,2996.48,2998.18,2996.0,2996.5,2212.936
7627,2025-11-30 04:55:00+00:00,2996.49,2997.84,2995.74,2997.0,1201.665
7628,2025-11-30 05:00:00+00:00,2997.0,2997.01,2993.19,2993.51,2946.206
7629,2025-11-30 05:05:00+00:00,2993.51,2993.53,2990.78,2991.2,5554.639
7630,2025-11-30 05:10:00+00:00,2991.2,2995.24,2991.05,2993.76,2526.339
7631,2025-11-30 05:15:00+00:00,2993.76,2997.08,2984.2,2987.16,22944.527
7632,2025-11-30 05:20:00+00:00,2987.16,2987.7,2984.8,2985.77,5103.422
7633,2025-11-30 05:25:00+00:00,2985.77,2988.16,2984.33,2984.34,6457.825
7634,2025-11-30 05:30:00+00:00,2984.33,2989.68,2984.33,2986.02,10243.705
7635,2025-11-30 05:35:00+00:00,2986.01,2988.72,2985.22,2987.75,3181.852
7636,2025-11-30 05:40:00+00:00,2987.76,2990.68,2987.64,2988.55,3034.499
7637,2025-11-30 05:45:00+00:00,2988.55,2990.99,2986.84,2988.31,5419.999
7638,2025-11-30 05:50:00+00:00,2988.31,2991.98,2988.26,2991.76,4919.743
7639,2025-11-30 05:55:00+00:00,2991.75,2992.79,2990.26,2990.61,2861.934
7640,2025-11-30 06:00:00+00:00,2990.61,2991.77,2989.73,2991.47,2692.139
7641,2025-11-30 06:05:00+00:00,2991.46,2993.0,2986.49,2986.8,2830.352
7642,2025-11-30 06:10:00+00:00,2986.8,2989.83,2986.68,2987.82,2409.623
7643,2025-11-30 06:15:00+00:00,2987.82,2989.29,2985.37,2989.28,2786.529
7644,2025-11-30 06:20:00+00:00,2989.28,2993.99,2989.0,2993.65,5226.29
7645,2025-11-30 06:25:00+00:00,2993.64,2996.43,2992.88,2996.28,6077.043
7646,2025-11-30 06:30:00+00:00,2996.29,2999.11,2996.0,2998.77,8380.301
7647,2025-11-30 06:35:00+00:00,2998.78,2998.78,2995.69,2996.7,3588.413
7648,2025-11-30 06:40:00+00:00,2996.7,2997.0,2995.24,2996.6,2662.528
7649,2025-11-30 06:45:00+00:00,2996.59,2999.07,2995.23,2996.08,5260.065
7650,2025-11-30 06:50:00+00:00,2996.06,2996.74,2995.37,2996.49,2373.308
7651,2025-11-30 06:55:00+00:00,2996.48,2998.0,2995.79,2996.47,2475.284
7652,2025-11-30 07:00:00+00:00,2996.46,2998.28,2994.7,2998.27,2214.273
7653,2025-11-30 07:05:00+00:00,2998.28,2999.07,2997.11,2997.73,2840.249
7654,2025-11-30 07:10:00+00:00,2997.74,3001.68,2997.73,3000.29,4893.34
7655,2025-11-30 07:15:00+00:00,3000.29,3001.99,2999.16,3001.61,2873.343
7656,2025-11-30 07:20:00+00:00,3001.62,3001.62,2999.26,3000.29,2178.892
7657,2025-11-30 07:25:00+00:00,3000.28,3003.99,2999.9,3002.51,8787.427
7658,2025-11-30 07:30:00+00:00,3002.51,3003.68,3001.69,3003.08,2976.562
7659,2025-11-30 07:35:00+00:00,3003.09,3006.9,3002.64,3003.51,8243.974
7660,2025-11-30 07:40:00+00:00,3003.51,3003.52,3001.69,3002.44,2719.536
7661,2025-11-30 07:45:00+00:00,3002.43,3007.0,3002.19,3006.59,7148.646
7662,2025-11-30 07:50:00+00:00,3006.59,3007.5,3004.34,3004.5,5401.487
7663,2025-11-30 07:55:00+00:00,3004.5,3004.96,3003.41,3003.54,3100.801
7664,2025-11-30 08:00:00+00:00,3003.54,3005.49,3001.8,3001.91,6135.229
7665,2025-11-30 08:05:00+00:00,3001.91,3004.55,3001.59,3004.01,2426.939
7666,2025-11-30 08:10:00+00:00,3004.01,3005.0,3001.59,3002.25,3324.548
7667,2025-11-30 08:15:00+00:00,3002.24,3004.0,3000.86,3004.0,3980.525
7668,2025-11-30 08:20:00+00:00,3004.0,3019.29,3004.0,3013.72,37384.737
7669,2025-11-30 08:25:00+00:00,3013.72,3014.31,3007.0,3007.37,14098.993
7670,2025-11-30 08:30:00+00:00,3007.36,3011.5,3003.61,3010.49,17706.657
7671,2025-11-30 08:35:00+00:00,3010.49,3010.64,3003.16,3004.64,7115.856
7672,2025-11-30 08:40:00+00:00,3004.65,3011.37,3004.08,3010.34,5459.398
7673,2025-11-30 08:45:00+00:00,3010.33,3010.34,3005.95,3006.78,4208.073
7674,2025-11-30 08:50:00+00:00,3006.78,3009.76,3006.6,3007.39,2811.435
7675,2025-11-30 08:55:00+00:00,3007.39,3008.01,3004.85,3005.53,4556.081
7676,2025-11-30 09:00:00+00:00,3005.53,3006.17,3003.07,3005.45,5633.103
7677,2025-11-30 09:05:00+00:00,3005.46,3008.41,3004.0,3008.41,3273.551
7678,2025-11-30 09:10:00+00:00,3008.41,3013.77,3007.3,3008.97,11202.979
7679,2025-11-30 09:15:00+00:00,3008.97,3012.47,3005.21,3008.72,7468.67
7680,2025-11-30 09:20:00+00:00,3008.71,3009.93,3006.43,3006.58,4138.898
7681,2025-11-30 09:25:00+00:00,3006.57,3007.07,3003.04,3005.83,5953.753
7682,2025-11-30 09:30:00+00:00,3005.82,3006.51,3003.33,3006.37,2772.729
7683,2025-11-30 09:35:00+00:00,3006.37,3006.92,3004.14,3005.57,2458.841
7684,2025-11-30 09:40:00+00:00,3005.57,3008.41,3005.26,3008.16,3093.027
7685,2025-11-30 09:45:00+00:00,3008.15,3009.08,3004.02,3004.92,3822.809
7686,2025-11-30 09:50:00+00:00,3004.93,3006.11,3003.61,3006.11,2119.924
7687,2025-11-30 09:55:00+00:00,3006.11,3009.37,3006.05,3008.22,1911.182
7688,2025-11-30 10:00:00+00:00,3008.23,3009.98,3005.79,3005.82,3943.873
7689,2025-11-30 10:05:00+00:00,3005.81,3005.99,3004.25,3005.1,2861.376
7690,2025-11-30 10:10:00+00:00,3005.09,3006.99,3005.0,3006.46,1969.056
7691,2025-11-30 10:15:00+00:00,3006.46,3008.37,3004.9,3008.37,2812.83
7692,2025-11-30 10:20:00+00:00,3008.37,3009.58,3006.53,3007.26,1740.194
7693,2025-11-30 10:25:00+00:00,3007.25,3009.69,3007.25,3009.69,2509.886
7694,2025-11-30 10:30:00+00:00,3009.69,3009.69,3006.57,3006.57,2736.025
7695,2025-11-30 10:35:00+00:00,3006.58,3008.5,3006.57,3006.57,1767.794
7696,2025-11-30 10:40:00+00:00,3006.57,3008.02,3006.04,3006.8,1992.653
7697,2025-11-30 10:45:00+00:00,3006.8,3009.21,3005.19,3008.89,3299.091
7698,2025-11-30 10:50:00+00:00,3008.89,3008.89,3006.79,3007.14,2832.821
7699,2025-11-30 10:55:00+00:00,3007.14,3008.74,3007.14,3007.93,1489.268
7700,2025-11-30 11:00:00+00:00,3007.93,3009.2,3006.03,3008.73,1888.719
7701,2025-11-30 11:05:00+00:00,3008.72,3016.0,3007.68,3009.96,14214.707
7702,2025-11-30 11:10:00+00:00,3009.96,3011.57,3007.51,3007.7,5657.264
7703,2025-11-30 11:15:00+00:00,3007.69,3007.92,3003.7,3003.71,5859.183
7704,2025-11-30 11:20:00+00:00,3003.7,3005.26,3001.64,3003.72,8012.864
7705,2025-11-30 11:25:00+00:00,3003.72,3004.33,3001.54,3003.51,3333.431
7706,2025-11-30 11:30:00+00:00,3003.51,3004.44,2999.77,3001.81,7260.335
7707,2025-11-30 11:35:00+00:00,3001.81,3003.95,3000.4,3003.29,3557.305
7708,2025-11-30 11:40:00+00:00,3003.3,3006.12,3002.9,3004.58,3919.559
7709,2025-11-30 11:45:00+00:00,3004.58,3005.46,3001.97,3002.1,2992.8
7710,2025-11-30 11:50:00+00:00,3002.11,3002.3,2996.69,3002.24,12602.266
7711,2025-11-30 11:55:00+00:00,3002.24,3003.62,3000.98,3001.76,2616.134
7712,2025-11-30 12:00:00+00:00,3001.77,3002.61,2998.38,3000.17,3951.154
7713,2025-11-30 12:05:00+00:00,3000.17,3003.59,3000.17,3002.6,2926.623
7714,2025-11-30 12:10:00+00:00,3002.59,3007.68,3002.59,3006.23,7060.113
7715,2025-11-30 12:15:00+00:00,3006.23,3010.36,3006.12,3008.25,6161.334
7716,2025-11-30 12:20:00+00:00,3008.25,3010.55,3006.68,3010.1,4860.961
7717,2025-11-30 12:25:00+00:00,3010.11,3010.11,3008.01,3008.26,3047.338
7718,2025-11-30 12:30:00+00:00,3008.25,3008.75,3005.54,3007.02,4110.112
7719,2025-11-30 12:35:00+00:00,3007.02,3010.23,3007.02,3009.62,2388.734
7720,2025-11-30 12:40:00+00:00,3009.62,3027.77,3009.61,3024.9,43159.43
7721,2025-11-30 12:45:00+00:00,3024.9,3032.4,3021.07,3024.49,46263.412
7722,2025-11-30 12:50:00+00:00,3024.5,3026.0,3022.27,3024.95,13498.345
7723,2025-11-30 12:55:00+00:00,3024.96,3026.5,3022.99,3024.59,8743.153
7724,2025-11-30 13:00:00+00:00,3024.59,3026.19,3022.17,3024.46,10107.436
7725,2025-11-30 13:05:00+00:00,3024.46,3025.33,3021.08,3022.86,7802.657
7726,2025-11-30 13:10:00+00:00,3022.85,3023.98,3021.66,3023.42,4079.367
7727,2025-11-30 13:15:00+00:00,3023.42,3037.0,3023.42,3036.14,28133.141
7728,2025-11-30 13:20:00+00:00,3036.15,3048.0,3035.56,3046.59,61406.87
7729,2025-11-30 13:25:00+00:00,3046.6,3048.88,3040.69,3045.37,23584.675
7730,2025-11-30 13:30:00+00:00,3045.36,3048.36,3041.17,3044.19,20251.015
7731,2025-11-30 13:35:00+00:00,3044.19,3052.21,3044.19,3049.15,23330.333
7732,2025-11-30 13:40:00+00:00,3049.15,3050.79,3041.9,3043.01,20407.694
7733,2025-11-30 13:45:00+00:00,3043.02,3045.88,3038.76,3040.07,19336.877
7734,2025-11-30 13:50:00+00:00,3040.08,3046.81,3039.99,3046.61,14944.339
7735,2025-11-30 13:55:00+00:00,3046.62,3048.44,3045.67,3047.93,9729.786
7736,2025-11-30 14:00:00+00:00,3047.93,3049.99,3043.13,3044.3,12597.293
7737,2025-11-30 14:05:00+00:00,3044.31,3045.59,3041.48,3043.31,8274.559
7738,2025-11-30 14:10:00+00:00,3043.31,3044.57,3041.33,3044.51,4624.445
7739,2025-11-30 14:15:00+00:00,3044.5,3044.89,3036.0,3036.55,14139.944
7740,2025-11-30 14:20:00+00:00,3036.55,3038.68,3033.06,3038.2,18388.966
7741,2025-11-30 14:25:00+00:00,3038.19,3039.88,3037.68,3037.87,3639.792
7742,2025-11-30 14:30:00+00:00,3037.88,3038.47,3034.0,3034.6,9169.596
7743,2025-11-30 14:35:00+00:00,3034.6,3036.96,3026.11,3028.13,21370.937
7744,2025-11-30 14:40:00+00:00,3028.13,3029.79,3026.8,3027.93,12947.714
7745,2025-11-30 14:45:00+00:00,3027.93,3032.31,3026.01,3031.81,11424.613
7746,2025-11-30 14:50:00+00:00,3031.81,3034.63,3030.17,3033.89,6153.984
7747,2025-11-30 14:55:00+00:00,3033.88,3036.99,3031.65,3036.65,6778.23
7748,2025-11-30 15:00:00+00:00,3036.64,3036.64,3029.07,3029.64,6967.689
7749,2025-11-30 15:05:00+00:00,3029.63,3029.75,3023.09,3026.28,19834.89
7750,2025-11-30 15:10:00+00:00,3026.28,3029.01,3026.04,3029.0,4365.3
7751,2025-11-30 15:15:00+00:00,3028.99,3030.58,3023.92,3030.57,8022.811
7752,2025-11-30 15:20:00+00:00,3030.58,3034.2,3030.0,3034.1,4452.594
7753,2025-11-30 15:25:00+00:00,3034.11,3035.71,3031.86,3034.47,4788.526
7754,2025-11-30 15:30:00+00:00,3034.46,3034.93,3025.25,3026.82,10985.445
7755,2025-11-30 15:35:00+00:00,3026.82,3028.52,3025.76,3027.53,4400.573
7756,2025-11-30 15:40:00+00:00,3027.53,3029.96,3026.15,3027.01,4858.619
7757,2025-11-30 15:45:00+00:00,3027.02,3030.0,3025.17,3029.88,4976.581
7758,2025-11-30 15:50:00+00:00,3029.87,3030.45,3026.46,3027.41,4275.959
7759,2025-11-30 15:55:00+00:00,3027.41,3028.13,3026.09,3027.65,3145.28
7760,2025-11-30 16:00:00+00:00,3027.65,3030.91,3027.05,3030.5,4228.325
7761,2025-11-30 16:05:00+00:00,3030.5,3032.79,3029.13,3031.07,4152.705
7762,2025-11-30 16:10:00+00:00,3031.08,3034.8,3031.08,3034.7,4005.146
7763,2025-11-30 16:15:00+00:00,3034.71,3041.57,3033.31,3038.47,13381.429
7764,2025-11-30 16:20:00+00:00,3038.47,3046.13,3038.47,3042.03,21859.203
7765,2025-11-30 16:25:00+00:00,3042.04,3046.0,3042.04,3045.76,9110.39
7766,2025-11-30 16:30:00+00:00,3045.76,3047.21,3042.09,3042.09,8762.985
7767,2025-11-30 16:35:00+00:00,3042.09,3045.9,3041.09,3045.9,5938.339
7768,2025-11-30 16:40:00+00:00,3045.9,3048.0,3041.35,3043.14,7249.766
7769,2025-11-30 16:45:00+00:00,3043.15,3048.31,3042.15,3047.21,7850.43
7770,2025-11-30 16:50:00+00:00,3047.21,3048.44,3044.21,3044.6,3628.332
7771,2025-11-30 16:55:00+00:00,3044.61,3045.18,3042.0,3042.75,5798.373
7772,2025-11-30 17:00:00+00:00,3042.74,3042.74,3035.17,3035.17,12818.379
7773,2025-11-30 17:05:00+00:00,3035.17,3038.18,3030.87,3033.85,8456.547
7774,2025-11-30 17:10:00+00:00,3033.85,3033.91,3030.12,3033.24,9990.909
7775,2025-11-30 17:15:00+00:00,3033.24,3039.89,3033.14,3037.34,8474.472
7776,2025-11-30 17:20:00+00:00,3037.33,3038.34,3034.67,3036.75,2812.343
7777,2025-11-30 17:25:00+00:00,3036.75,3036.75,3033.36,3034.28,3097.741
7778,2025-11-30 17:30:00+00:00,3034.27,3036.3,3033.59,3033.59,3054.756
7779,2025-11-30 17:35:00+00:00,3033.58,3039.0,3031.0,3038.1,7411.403
7780,2025-11-30 17:40:00+00:00,3038.11,3042.23,3036.95,3037.95,6824.61
7781,2025-11-30 17:45:00+00:00,3037.95,3043.64,3037.89,3042.03,4890.563
7782,2025-11-30 17:50:00+00:00,3042.03,3042.56,3038.84,3039.68,2366.745
7783,2025-11-30 17:55:00+00:00,3039.67,3040.36,3039.05,3039.86,1760.681
7784,2025-11-30 18:00:00+00:00,3039.87,3040.34,3034.7,3034.94,3521.163
7785,2025-11-30 18:05:00+00:00,3034.95,3037.0,3031.48,3032.04,4678.025
7786,2025-11-30 18:10:00+00:00,3032.04,3035.28,3032.03,3033.52,3797.301
7787,2025-11-30 18:15:00+00:00,3033.53,3035.34,3030.44,3034.46,3180.755
7788,2025-11-30 18:20:00+00:00,3034.45,3036.95,3033.61,3035.28,1809.548
7789,2025-11-30 18:25:00+00:00,3035.27,3035.41,3033.42,3033.96,1967.482
7790,2025-11-30 18:30:00+00:00,3033.96,3034.98,3030.88,3032.35,3894.197
7791,2025-11-30 18:35:00+00:00,3032.35,3032.88,3030.62,3031.92,2668.236
7792,2025-11-30 18:40:00+00:00,3031.92,3031.92,3027.13,3029.79,5420.529
7793,2025-11-30 18:45:00+00:00,3029.79,3033.59,3028.54,3032.5,2943.026
7794,2025-11-30 18:50:00+00:00,3032.49,3036.45,3031.83,3035.55,3618.761
7795,2025-11-30 18:55:00+00:00,3035.54,3036.15,3035.03,3035.91,1755.373
7796,2025-11-30 19:00:00+00:00,3035.9,3039.87,3033.54,3035.79,7660.696
7797,2025-11-30 19:05:00+00:00,3035.8,3036.92,3034.65,3035.71,1509.463
7798,2025-11-30 19:10:00+00:00,3035.7,3035.91,3030.23,3033.22,7601.85
7799,2025-11-30 19:15:00+00:00,3033.22,3034.45,3031.08,3031.38,2002.054
7800,2025-11-30 19:20:00+00:00,3031.38,3032.49,3029.4,3031.04,2197.706
7801,2025-11-30 19:25:00+00:00,3031.04,3031.71,3029.07,3030.75,3350.067
7802,2025-11-30 19:30:00+00:00,3030.75,3031.16,3028.34,3028.93,3760.149
7803,2025-11-30 19:35:00+00:00,3028.94,3036.21,3028.93,3034.76,4853.847
7804,2025-11-30 19:40:00+00:00,3034.76,3035.82,3032.86,3032.87,2050.276
7805,2025-11-30 19:45:00+00:00,3032.87,3035.41,3031.6,3031.88,1522.499
7806,2025-11-30 19:50:00+00:00,3031.89,3031.89,3030.0,3030.68,1690.19
7807,2025-11-30 19:55:00+00:00,3030.69,3033.83,3030.46,3033.44,2575.756
7808,2025-11-30 20:00:00+00:00,3033.45,3036.99,3033.3,3036.99,2532.766
7809,2025-11-30 20:05:00+00:00,3037.0,3039.0,3036.67,3037.89,2773.31
7810,2025-11-30 20:10:00+00:00,3037.88,3040.0,3037.65,3038.93,5307.009
7811,2025-11-30 20:15:00+00:00,3038.92,3039.41,3036.54,3037.71,4101.761
7812,2025-11-30 20:20:00+00:00,3037.71,3037.71,3031.52,3033.75,2207.529
7813,2025-11-30 20:25:00+00:00,3033.74,3033.98,3028.35,3028.84,6215.915
7814,2025-11-30 20:30:00+00:00,3028.84,3030.1,3026.16,3026.88,7820.106
7815,2025-11-30 20:35:00+00:00,3026.88,3027.64,3021.15,3022.69,10674.062
7816,2025-11-30 20:40:00+00:00,3022.69,3026.98,3022.0,3026.01,3321.055
7817,2025-11-30 20:45:00+00:00,3026.01,3028.34,3025.09,3026.01,3225.737
7818,2025-11-30 20:50:00+00:00,3026.01,3026.01,3023.0,3024.39,2110.302
7819,2025-11-30 20:55:00+00:00,3024.4,3029.46,3024.31,3027.84,2271.215
7820,2025-11-30 21:00:00+00:00,3027.83,3028.2,3024.46,3026.24,2504.506
7821,2025-11-30 21:05:00+00:00,3026.23,3027.15,3023.01,3023.04,2236.151
7822,2025-11-30 21:10:00+00:00,3023.04,3023.42,3013.7,3019.43,26467.586
7823,2025-11-30 21:15:00+00:00,3019.44,3021.63,3016.68,3016.86,5692.398
7824,2025-11-30 21:20:00+00:00,3016.86,3017.59,3013.04,3017.08,9189.261
7825,2025-11-30 21:25:00+00:00,3017.08,3021.9,3016.45,3021.44,4713.989
7826,2025-11-30 21:30:00+00:00,3021.45,3024.84,3021.0,3022.49,5237.267
7827,2025-11-30 21:35:00+00:00,3022.49,3023.25,3018.01,3018.34,3084.717
7828,2025-11-30 21:40:00+00:00,3018.35,3020.36,3017.05,3020.04,2452.41
7829,2025-11-30 21:45:00+00:00,3020.03,3022.29,3019.69,3020.56,2289.068
7830,2025-11-30 21:50:00+00:00,3020.56,3025.95,3018.51,3022.47,9127.52
7831,2025-11-30 21:55:00+00:00,3022.47,3022.48,3019.18,3021.11,1740.391
7832,2025-11-30 22:00:00+00:00,3021.12,3025.2,3021.11,3024.7,3559.591
7833,2025-11-30 22:05:00+00:00,3024.7,3028.3,3023.88,3026.33,3316.622
7834,2025-11-30 22:10:00+00:00,3026.32,3031.08,3026.32,3030.2,4768.434
7835,2025-11-30 22:15:00+00:00,3030.19,3035.71,3028.41,3029.01,6085.53
7836,2025-11-30 22:20:00+00:00,3029.01,3030.23,3023.36,3029.54,7633.141
7837,2025-11-30 22:25:00+00:00,3029.54,3031.0,3027.05,3027.05,2646.001
7838,2025-11-30 22:30:00+00:00,3027.05,3027.05,3022.72,3024.49,4601.051
7839,2025-11-30 22:35:00+00:00,3024.49,3026.46,3018.05,3022.89,5108.416
7840,2025-11-30 22:40:00+00:00,3022.89,3029.0,3022.34,3024.76,4338.198
7841,2025-11-30 22:45:00+00:00,3024.75,3025.81,3021.36,3024.23,2114.245
7842,2025-11-30 22:50:00+00:00,3024.23,3027.77,3024.23,3027.76,1906.261
7843,2025-11-30 22:55:00+00:00,3027.77,3034.74,3027.3,3032.21,5205.989
7844,2025-11-30 23:00:00+00:00,3032.23,3034.07,3021.75,3022.64,8777.553
7845,2025-11-30 23:05:00+00:00,3022.64,3022.64,3015.1,3016.7,14724.613
7846,2025-11-30 23:10:00+00:00,3016.7,3020.8,3016.32,3019.42,6282.163
7847,2025-11-30 23:15:00+00:00,3019.41,3021.0,3017.19,3018.13,3977.684
7848,2025-11-30 23:20:00+00:00,3018.14,3020.0,3015.42,3018.77,6099.592
7849,2025-11-30 23:25:00+00:00,3018.77,3018.78,3006.64,3006.65,28914.336
7850,2025-11-30 23:30:00+00:00,3006.64,3008.72,3001.1,3004.64,25323.942
7851,2025-11-30 23:35:00+00:00,3004.64,3004.64,2993.2,2997.05,33335.786
7852,2025-11-30 23:40:00+00:00,2997.04,2999.39,2994.11,2997.82,14165.771
7853,2025-11-30 23:45:00+00:00,2997.83,3001.47,2993.61,2994.0,11412.0
7854,2025-11-30 23:50:00+00:00,2994.0,2996.6,2989.2,2990.73,18433.497
7855,2025-11-30 23:55:00+00:00,2990.72,2994.63,2988.28,2990.02,19504.162
7856,2025-12-01 00:00:00+00:00,2990.02,2998.84,2979.7,2985.85,49983.473
7857,2025-12-01 00:05:00+00:00,2985.85,2986.34,2910.51,2935.84,223626.318
7858,2025-12-01 00:10:00+00:00,2935.23,2940.55,2900.0,2915.16,121525.745
7859,2025-12-01 00:15:00+00:00,2915.15,2923.38,2894.02,2902.2,94127.897
7860,2025-12-01 00:20:00+00:00,2902.19,2910.29,2877.77,2899.13,94794.521
7861,2025-12-01 00:25:00+00:00,2899.13,2907.27,2889.06,2891.76,33433.715
7862,2025-12-01 00:30:00+00:00,2891.77,2894.97,2861.0,2873.91,111253.58
7863,2025-12-01 00:35:00+00:00,2873.9,2882.19,2861.52,2868.97,69855.165
7864,2025-12-01 00:40:00+00:00,2868.96,2882.61,2861.11,2863.63,47668.255
7865,2025-12-01 00:45:00+00:00,2863.63,2864.47,2848.0,2855.03,87028.129
7866,2025-12-01 00:50:00+00:00,2855.02,2856.15,2835.6,2835.96,76350.023
7867,2025-12-01 00:55:00+00:00,2835.96,2847.74,2830.0,2834.82,65244.122
7868,2025-12-01 01:00:00+00:00,2834.82,2857.98,2832.04,2854.89,64347.76
7869,2025-12-01 01:05:00+00:00,2854.88,2859.5,2848.24,2850.05,44338.389
7870,2025-12-01 01:10:00+00:00,2850.04,2853.49,2843.71,2847.31,31278.865
7871,2025-12-01 01:15:00+00:00,2847.32,2857.55,2846.0,2849.47,29232.147
7872,2025-12-01 01:20:00+00:00,2849.48,2854.71,2844.16,2845.03,17943.86
7873,2025-12-01 01:25:00+00:00,2845.04,2850.6,2840.71,2845.62,23740.534
7874,2025-12-01 01:30:00+00:00,2845.62,2852.0,2841.01,2847.55,18397.706
7875,2025-12-01 01:35:00+00:00,2847.55,2857.14,2846.58,2849.61,19933.149
7876,2025-12-01 01:40:00+00:00,2849.61,2854.57,2846.01,2849.81,10191.756
7877,2025-12-01 01:45:00+00:00,2849.8,2852.66,2847.02,2847.35,10419.083
7878,2025-12-01 01:50:00+00:00,2847.34,2850.1,2845.6,2849.14,10201.402
7879,2025-12-01 01:55:00+00:00,2849.16,2855.0,2847.0,2849.42,14880.126
7880,2025-12-01 02:00:00+00:00,2849.42,2870.17,2846.11,2867.71,61812.192
7881,2025-12-01 02:05:00+00:00,2867.71,2872.99,2858.06,2861.44,44714.316
7882,2025-12-01 02:10:00+00:00,2861.45,2872.48,2858.78,2865.71,29984.864
7883,2025-12-01 02:15:00+00:00,2865.71,2867.73,2859.19,2859.36,14032.532
7884,2025-12-01 02:20:00+00:00,2859.37,2860.25,2854.44,2854.45,11802.409
7885,2025-12-01 02:25:00+00:00,2854.45,2857.29,2852.31,2852.31,11645.89
7886,2025-12-01 02:30:00+00:00,2852.3,2861.76,2851.69,2858.34,17551.953
7887,2025-12-01 02:35:00+00:00,2858.36,2860.6,2824.6,2844.07,89352.253
7888,2025-12-01 02:40:00+00:00,2844.07,2858.5,2843.64,2850.67,46794.832
7889,2025-12-01 02:45:00+00:00,2850.66,2851.34,2833.75,2835.11,34970.287
7890,2025-12-01 02:50:00+00:00,2835.12,2842.99,2834.82,2841.07,17644.92
7891,2025-12-01 02:55:00+00:00,2841.06,2843.14,2836.2,2836.79,14030.45
7892,2025-12-01 03:00:00+00:00,2836.8,2840.09,2832.9,2836.72,19475.257
7893,2025-12-01 03:05:00+00:00,2836.72,2841.86,2820.0,2823.09,52846.004
7894,2025-12-01 03:10:00+00:00,2823.1,2828.29,2812.76,2824.21,51213.301
7895,2025-12-01 03:15:00+00:00,2824.21,2833.33,2817.74,2825.06,28529.94
7896,2025-12-01 03:20:00+00:00,2825.06,2831.57,2824.17,2829.0,15696.22
7897,2025-12-01 03:25:00+00:00,2828.99,2831.06,2823.0,2826.4,11857.367
7898,2025-12-01 03:30:00+00:00,2826.4,2828.41,2821.25,2823.58,19374.359
7899,2025-12-01 03:35:00+00:00,2823.58,2828.09,2812.5,2818.56,28422.07
7900,2025-12-01 03:40:00+00:00,2818.56,2830.8,2818.0,2830.6,23234.062
7901,2025-12-01 03:45:00+00:00,2830.6,2831.0,2821.13,2822.2,12833.559
7902,2025-12-01 03:50:00+00:00,2822.2,2828.32,2818.66,2823.06,16690.118
7903,2025-12-01 03:55:00+00:00,2823.05,2827.88,2822.58,2824.8,9361.397
7904,2025-12-01 04:00:00+00:00,2824.81,2827.0,2821.37,2821.82,12388.208
7905,2025-12-01 04:05:00+00:00,2821.82,2824.1,2816.42,2816.43,9668.137
7906,2025-12-01 04:10:00+00:00,2816.42,2825.0,2812.6,2818.19,20520.796
7907,2025-12-01 04:15:00+00:00,2818.19,2819.56,2806.97,2816.48,41571.338
7908,2025-12-01 04:20:00+00:00,2816.47,2817.29,2810.73,2812.0,14945.971
7909,2025-12-01 04:25:00+00:00,2812.01,2813.32,2805.55,2807.25,32489.5
7910,2025-12-01 04:30:00+00:00,2807.25,2815.38,2805.86,2814.2,23512.726
7911,2025-12-01 04:35:00+00:00,2814.19,2815.83,2807.22,2814.99,13384.485
7912,2025-12-01 04:40:00+00:00,2814.99,2816.87,2812.46,2813.89,13399.058
7913,2025-12-01 04:45:00+00:00,2813.88,2815.0,2811.57,2814.0,7190.313
7914,2025-12-01 04:50:00+00:00,2814.01,2817.89,2811.88,2815.19,14442.472
7915,2025-12-01 04:55:00+00:00,2815.18,2823.78,2815.18,2820.82,18377.242
7916,2025-12-01 05:00:00+00:00,2820.81,2824.24,2819.52,2823.36,12100.036
7917,2025-12-01 05:05:00+00:00,2823.37,2825.27,2812.45,2819.17,18354.238
7918,2025-12-01 05:10:00+00:00,2819.16,2823.5,2815.17,2815.64,10580.397
7919,2025-12-01 05:15:00+00:00,2815.64,2817.06,2808.68,2809.94,13059.465
7920,2025-12-01 05:20:00+00:00,2809.94,2819.85,2809.94,2818.49,12645.789
7921,2025-12-01 05:25:00+00:00,2818.5,2824.68,2817.67,2821.45,17140.064
7922,2025-12-01 05:30:00+00:00,2821.45,2821.47,2817.6,2820.6,8372.885
7923,2025-12-01 05:35:00+00:00,2820.61,2821.24,2811.22,2812.75,9014.071
7924,2025-12-01 05:40:00+00:00,2812.75,2815.18,2811.57,2813.98,5894.0
7925,2025-12-01 05:45:00+00:00,2813.98,2829.99,2813.97,2827.01,37766.327
7926,2025-12-01 05:50:00+00:00,2827.01,2830.0,2825.29,2825.76,18979.024
7927,2025-12-01 05:55:00+00:00,2825.76,2828.58,2825.01,2826.77,6405.353
7928,2025-12-01 06:00:00+00:00,2826.77,2834.77,2826.0,2827.17,24183.653
7929,2025-12-01 06:05:00+00:00,2827.17,2827.45,2823.33,2824.51,9662.421
7930,2025-12-01 06:10:00+00:00,2824.5,2828.64,2824.27,2828.59,8327.303
7931,2025-12-01 06:15:00+00:00,2828.58,2832.23,2826.29,2826.3,11915.623
7932,2025-12-01 06:20:00+00:00,2826.3,2828.63,2824.57,2826.41,6729.887
7933,2025-12-01 06:25:00+00:00,2826.41,2828.38,2823.46,2825.17,4844.758
7934,2025-12-01 06:30:00+00:00,2825.18,2826.32,2821.22,2823.5,6006.75
7935,2025-12-01 06:35:00+00:00,2823.51,2829.0,2821.81,2827.76,5376.031
7936,2025-12-01 06:40:00+00:00,2827.76,2828.09,2824.58,2827.8,3499.889
7937,2025-12-01 06:45:00+00:00,2827.8,2829.84,2824.23,2826.71,5289.239
7938,2025-12-01 06:50:00+00:00,2826.71,2826.79,2822.11,2823.27,4250.478
7939,2025-12-01 06:55:00+00:00,2823.26,2827.04,2822.23,2823.52,4802.017
7940,2025-12-01 07:00:00+00:00,2823.51,2825.64,2822.13,2823.21,3894.071
7941,2025-12-01 07:05:00+00:00,2823.21,2823.59,2818.48,2822.75,13147.032
7942,2025-12-01 07:10:00+00:00,2822.76,2825.58,2821.51,2823.61,5139.669
7943,2025-12-01 07:15:00+00:00,2823.61,2825.44,2821.53,2824.55,5310.368
7944,2025-12-01 07:20:00+00:00,2824.55,2828.3,2822.38,2827.26,6985.93
7945,2025-12-01 07:25:00+00:00,2827.25,2832.18,2827.25,2827.91,12327.094
7946,2025-12-01 07:30:00+00:00,2827.91,2833.96,2827.55,2833.79,11769.114
7947,2025-12-01 07:35:00+00:00,2833.79,2839.2,2831.87,2835.42,21620.111
7948,2025-12-01 07:40:00+00:00,2835.43,2838.08,2833.3,2837.49,11459.722
7949,2025-12-01 07:45:00+00:00,2837.48,2843.42,2836.35,2839.91,22263.635
7950,2025-12-01 07:50:00+00:00,2839.91,2842.41,2835.71,2838.0,11887.256
7951,2025-12-01 07:55:00+00:00,2838.0,2841.16,2837.24,2838.44,9875.051
7952,2025-12-01 08:00:00+00:00,2838.43,2840.36,2834.45,2834.59,9007.885
7953,2025-12-01 08:05:00+00:00,2834.59,2844.72,2834.32,2839.99,17744.494
7954,2025-12-01 08:10:00+00:00,2839.99,2839.99,2833.05,2833.08,9956.599
7955,2025-12-01 08:15:00+00:00,2833.08,2836.52,2832.0,2835.59,8414.848
7956,2025-12-01 08:20:00+00:00,2835.6,2836.91,2830.65,2831.44,7995.485
7957,2025-12-01 08:25:00+00:00,2831.44,2836.26,2831.44,2836.23,3530.21
7958,2025-12-01 08:30:00+00:00,2836.23,2837.19,2832.22,2836.5,4254.47
7959,2025-12-01 08:35:00+00:00,2836.51,2841.59,2836.51,2839.58,9813.428
7960,2025-12-01 08:40:00+00:00,2839.57,2841.91,2839.43,2840.34,5459.55
7961,2025-12-01 08:45:00+00:00,2840.37,2841.55,2838.54,2839.43,6206.232
7962,2025-12-01 08:50:00+00:00,2839.44,2839.92,2836.37,2836.37,4896.009
7963,2025-12-01 08:55:00+00:00,2836.37,2840.0,2832.12,2838.87,14488.452
7964,2025-12-01 09:00:00+00:00,2838.86,2854.56,2834.25,2839.35,56329.888
7965,2025-12-01 09:05:00+00:00,2839.35,2845.78,2835.29,2835.43,35454.025
7966,2025-12-01 09:10:00+00:00,2835.42,2835.43,2828.93,2833.0,16003.754
7967,2025-12-01 09:15:00+00:00,2833.0,2836.14,2830.13,2830.56,7339.272
7968,2025-12-01 09:20:00+00:00,2830.55,2835.33,2827.0,2832.61,18648.46
7969,2025-12-01 09:25:00+00:00,2832.61,2836.62,2828.07,2836.53,10662.223
7970,2025-12-01 09:30:00+00:00,2836.54,2838.0,2835.03,2837.84,15471.839
7971,2025-12-01 09:35:00+00:00,2837.82,2839.99,2835.22,2836.14,21932.994
7972,2025-12-01 09:40:00+00:00,2836.14,2841.0,2835.58,2840.79,5628.087
7973,2025-12-01 09:45:00+00:00,2840.79,2843.43,2836.97,2837.0,16640.862
7974,2025-12-01 09:50:00+00:00,2837.0,2838.93,2835.52,2835.54,7061.154
7975,2025-12-01 09:55:00+00:00,2835.55,2838.25,2834.45,2837.88,6519.563
7976,2025-12-01 10:00:00+00:00,2837.88,2844.43,2837.87,2842.28,13547.414
7977,2025-12-01 10:05:00+00:00,2842.28,2844.82,2839.84,2840.94,7950.313
7978,2025-12-01 10:10:00+00:00,2840.94,2841.09,2837.26,2837.46,4337.38
7979,2025-12-01 10:15:00+00:00,2837.46,2838.17,2836.44,2837.79,4229.273
7980,2025-12-01 10:20:00+00:00,2837.79,2838.19,2836.0,2837.79,3134.997
7981,2025-12-01 10:25:00+00:00,2837.79,2838.0,2835.68,2836.76,4237.327
7982,2025-12-01 10:30:00+00:00,2836.76,2838.7,2836.19,2837.99,7931.229
7983,2025-12-01 10:35:00+00:00,2837.98,2840.0,2837.98,2839.0,7757.83
7984,2025-12-01 10:40:00+00:00,2838.99,2841.42,2838.03,2840.63,11933.472
7985,2025-12-01 10:45:00+00:00,2840.64,2842.24,2840.45,2841.89,9855.171
7986,2025-12-01 10:50:00+00:00,2841.89,2842.0,2841.1,2841.99,3655.374
7987,2025-12-01 10:55:00+00:00,2842.0,2843.0,2841.28,2841.89,6673.795
7988,2025-12-01 11:00:00+00:00,2841.9,2843.0,2837.31,2837.31,6354.93
7989,2025-12-01 11:05:00+00:00,2837.31,2837.32,2833.86,2835.37,10885.391
7990,2025-12-01 11:10:00+00:00,2835.38,2836.77,2834.08,2836.0,7882.815
7991,2025-12-01 11:15:00+00:00,2835.99,2842.88,2835.7,2841.48,18356.156
7992,2025-12-01 11:20:00+00:00,2841.48,2844.0,2839.62,2843.99,12364.179
7993,2025-12-01 11:25:00+00:00,2843.99,2848.75,2841.05,2842.28,17890.181
7994,2025-12-01 11:30:00+00:00,2842.28,2843.14,2840.08,2841.35,10564.691
7995,2025-12-01 11:35:00+00:00,2841.35,2843.0,2840.79,2842.39,9319.087
7996,2025-12-01 11:40:00+00:00,2842.39,2843.0,2835.08,2836.19,9861.203
7997,2025-12-01 11:45:00+00:00,2836.2,2840.23,2835.5,2840.22,6531.79
7998,2025-12-01 11:50:00+00:00,2840.22,2841.29,2836.95,2838.0,3997.746
7999,2025-12-01 11:55:00+00:00,2838.0,2838.0,2835.79,2836.48,5902.302
8000,2025-12-01 12:00:00+00:00,2836.48,2838.11,2828.69,2831.02,21988.894
8001,2025-12-01 12:05:00+00:00,2831.02,2831.03,2820.01,2823.43,34618.223
8002,2025-12-01 12:10:00+00:00,2823.44,2824.99,2815.17,2818.88,38546.041
8003,2025-12-01 12:15:00+00:00,2818.87,2823.5,2818.87,2822.09,16575.344
8004,2025-12-01 12:20:00+00:00,2822.08,2827.49,2820.0,2824.42,12902.803
8005,2025-12-01 12:25:00+00:00,2824.42,2824.6,2817.48,2820.06,12396.065
8006,2025-12-01 12:30:00+00:00,2820.07,2820.1,2811.48,2814.03,21761.625
8007,2025-12-01 12:35:00+00:00,2814.02,2823.72,2814.02,2814.96,15737.476
8008,2025-12-01 12:40:00+00:00,2814.96,2817.14,2810.22,2817.14,22192.315
8009,2025-12-01 12:45:00+00:00,2817.14,2817.99,2791.0,2799.27,89818.776
8010,2025-12-01 12:50:00+00:00,2799.28,2827.69,2796.71,2820.84,99457.629
8011,2025-12-01 12:55:00+00:00,2820.85,2826.13,2815.15,2819.53,28934.674
8012,2025-12-01 13:00:00+00:00,2819.52,2838.98,2817.8,2829.52,70858.185
8013,2025-12-01 13:05:00+00:00,2829.52,2834.83,2824.8,2832.24,26366.121
8014,2025-12-01 13:10:00+00:00,2832.23,2832.36,2820.0,2826.8,31221.973
8015,2025-12-01 13:15:00+00:00,2826.8,2829.15,2820.64,2822.84,21665.311
8016,2025-12-01 13:20:00+00:00,2822.85,2827.99,2822.03,2824.01,11028.113
8017,2025-12-01 13:25:00+00:00,2824.02,2825.45,2820.0,2822.02,10477.674
8018,2025-12-01 13:30:00+00:00,2822.03,2822.91,2812.47,2813.32,24781.453
8019,2025-12-01 13:35:00+00:00,2813.33,2815.36,2806.36,2809.09,23421.783
8020,2025-12-01 13:40:00+00:00,2809.08,2814.66,2806.69,2808.99,18169.553
8021,2025-12-01 13:45:00+00:00,2808.99,2812.07,2807.15,2808.59,14186.598
8022,2025-12-01 13:50:00+00:00,2808.59,2815.86,2802.94,2812.09,28563.439
8023,2025-12-01 13:55:00+00:00,2812.1,2813.44,2806.96,2812.03,18093.8
8024,2025-12-01 14:00:00+00:00,2812.03,2821.54,2809.8,2820.29,21954.524
8025,2025-12-01 14:05:00+00:00,2820.28,2820.29,2808.0,2819.64,16666.893
8026,2025-12-01 14:10:00+00:00,2819.65,2826.0,2816.23,2819.51,21946.51
8027,2025-12-01 14:15:00+00:00,2819.51,2820.5,2812.58,2817.15,9965.758
8028,2025-12-01 14:20:00+00:00,2817.15,2817.98,2813.86,2814.03,4547.006
8029,2025-12-01 14:25:00+00:00,2814.02,2819.98,2812.84,2819.0,7494.121
8030,2025-12-01 14:30:00+00:00,2819.01,2820.4,2804.15,2817.09,30338.668
8031,2025-12-01 14:35:00+00:00,2817.1,2831.07,2817.1,2819.84,44915.472
8032,2025-12-01 14:40:00+00:00,2819.84,2822.0,2810.44,2811.12,20595.668
8033,2025-12-01 14:45:00+00:00,2811.13,2822.33,2807.2,2809.9,23557.876
8034,2025-12-01 14:50:00+00:00,2809.9,2815.78,2805.0,2808.39,24722.245
8035,2025-12-01 14:55:00+00:00,2808.38,2822.25,2807.64,2816.84,25066.751
8036,2025-12-01 15:00:00+00:00,2816.85,2819.28,2808.36,2809.09,16744.312
8037,2025-12-01 15:05:00+00:00,2809.1,2814.32,2807.37,2810.78,11967.737
8038,2025-12-01 15:10:00+00:00,2810.77,2814.59,2796.28,2799.56,24568.041
8039,2025-12-01 15:15:00+00:00,2799.56,2804.65,2776.61,2798.3,103567.15
8040,2025-12-01 15:20:00+00:00,2798.3,2800.0,2775.0,2780.93,71335.609
8041,2025-12-01 15:25:00+00:00,2780.93,2782.24,2765.76,2769.19,100400.429
8042,2025-12-01 15:30:00+00:00,2769.2,2770.61,2727.75,2742.6,158335.972
8043,2025-12-01 15:35:00+00:00,2742.48,2757.0,2740.0,2742.65,80856.319
8044,2025-12-01 15:40:00+00:00,2742.65,2743.75,2718.07,2725.97,132225.245
8045,2025-12-01 15:45:00+00:00,2725.98,2737.98,2719.95,2736.7,77932.061
8046,2025-12-01 15:50:00+00:00,2736.7,2757.0,2736.69,2750.57,93101.542
8047,2025-12-01 15:55:00+00:00,2750.56,2752.49,2740.0,2745.01,45364.082
8048,2025-12-01 16:00:00+00:00,2745.01,2748.84,2736.57,2738.17,33856.668
8049,2025-12-01 16:05:00+00:00,2738.19,2741.0,2725.66,2726.06,38933.466
8050,2025-12-01 16:10:00+00:00,2726.06,2729.97,2722.87,2725.26,29271.139
8051,2025-12-01 16:15:00+00:00,2725.26,2729.07,2718.63,2724.52,33487.875
8052,2025-12-01 16:20:00+00:00,2724.52,2735.14,2722.02,2725.67,37590.159
8053,2025-12-01 16:25:00+00:00,2725.68,2740.0,2725.28,2733.77,29286.683
8054,2025-12-01 16:30:00+00:00,2733.76,2744.6,2733.31,2739.2,26161.555
8055,2025-12-01 16:35:00+00:00,2739.2,2755.0,2728.5,2751.0,52530.728
8056,2025-12-01 16:40:00+00:00,2751.0,2755.74,2744.33,2744.71,28934.54
8057,2025-12-01 16:45:00+00:00,2744.72,2747.4,2733.88,2735.85,24446.675
8058,2025-12-01 16:50:00+00:00,2735.86,2736.81,2726.22,2728.0,28482.525
8059,2025-12-01 16:55:00+00:00,2728.0,2730.82,2725.01,2730.64,14618.04
8060,2025-12-01 17:00:00+00:00,2730.65,2740.44,2729.65,2739.39,26448.643
8061,2025-12-01 17:05:00+00:00,2739.39,2744.9,2733.05,2733.23,17081.222
8062,2025-12-01 17:10:00+00:00,2733.22,2740.74,2731.39,2731.76,10063.368
8063,2025-12-01 17:15:00+00:00,2731.76,2739.36,2727.35,2736.78,24443.594
8064,2025-12-01 17:20:00+00:00,2736.78,2741.97,2735.4,2737.99,15257.687
8065,2025-12-01 17:25:00+00:00,2737.99,2747.06,2737.08,2743.31,14447.157
8066,2025-12-01 17:30:00+00:00,2743.31,2744.0,2733.15,2735.25,12125.178
8067,2025-12-01 17:35:00+00:00,2735.25,2743.26,2734.4,2741.13,7638.805
8068,2025-12-01 17:40:00+00:00,2741.13,2747.63,2736.54,2746.99,9918.414
8069,2025-12-01 17:45:00+00:00,2747.0,2751.87,2745.2,2748.47,15981.042
8070,2025-12-01 17:50:00+00:00,2748.46,2749.52,2743.24,2747.42,8703.992
8071,2025-12-01 17:55:00+00:00,2747.43,2748.28,2737.64,2738.13,8985.813
8072,2025-12-01 18:00:00+00:00,2738.12,2743.99,2738.11,2740.35,6988.213
8073,2025-12-01 18:05:00+00:00,2740.36,2744.49,2736.92,2739.49,7249.586
8074,2025-12-01 18:10:00+00:00,2739.49,2756.93,2739.48,2753.51,21275.83
8075,2025-12-01 18:15:00+00:00,2753.51,2756.0,2748.89,2753.07,13009.899
8076,2025-12-01 18:20:00+00:00,2753.08,2754.72,2745.13,2752.86,55928.149
8077,2025-12-01 18:25:00+00:00,2752.87,2753.62,2745.83,2749.8,7542.431
8078,2025-12-01 18:30:00+00:00,2749.8,2750.49,2741.0,2741.0,10134.98
8079,2025-12-01 18:35:00+00:00,2741.0,2742.07,2731.79,2732.25,14730.055
8080,2025-12-01 18:40:00+00:00,2732.25,2733.47,2722.99,2726.68,21929.925
8081,2025-12-01 18:45:00+00:00,2726.68,2735.61,2724.75,2730.87,13165.268
8082,2025-12-01 18:50:00+00:00,2730.86,2735.0,2726.84,2735.0,8133.395
8083,2025-12-01 18:55:00+00:00,2735.0,2755.55,2733.9,2748.36,47767.602
8084,2025-12-01 19:00:00+00:00,2748.36,2752.56,2743.36,2747.1,14701.652
8085,2025-12-01 19:05:00+00:00,2747.1,2750.74,2737.48,2744.58,13895.035
8086,2025-12-01 19:10:00+00:00,2744.59,2748.55,2744.2,2744.98,6368.312
8087,2025-12-01 19:15:00+00:00,2744.98,2749.0,2739.48,2740.01,9277.863
8088,2025-12-01 19:20:00+00:00,2740.0,2745.11,2733.0,2744.27,20378.849
8089,2025-12-01 19:25:00+00:00,2744.28,2744.28,2737.09,2737.96,5772.568
8090,2025-12-01 19:30:00+00:00,2737.97,2739.93,2730.73,2732.85,10594.423
8091,2025-12-01 19:35:00+00:00,2732.85,2748.36,2732.14,2740.7,14328.392
8092,2025-12-01 19:40:00+00:00,2740.69,2742.7,2732.93,2734.89,7955.756
8093,2025-12-01 19:45:00+00:00,2734.89,2736.54,2729.04,2734.99,8422.566
8094,2025-12-01 19:50:00+00:00,2735.0,2741.95,2734.06,2740.3,7469.906
8095,2025-12-01 19:55:00+00:00,2740.31,2743.0,2736.83,2739.58,3885.931
8096,2025-12-01 20:00:00+00:00,2739.57,2754.0,2738.97,2753.23,17257.653
8097,2025-12-01 20:05:00+00:00,2753.23,2768.17,2753.15,2760.42,55403.102
8098,2025-12-01 20:10:00+00:00,2760.42,2768.39,2757.0,2759.25,25208.088
8099,2025-12-01 20:15:00+00:00,2759.25,2759.26,2750.4,2757.67,14091.745
8100,2025-12-01 20:20:00+00:00,2757.66,2759.54,2752.36,2758.02,11458.919
8101,2025-12-01 20:25:00+00:00,2758.02,2758.03,2746.37,2747.78,13221.444
8102,2025-12-01 20:30:00+00:00,2747.78,2751.64,2742.44,2744.27,20024.279
8103,2025-12-01 20:35:00+00:00,2744.27,2751.85,2741.0,2749.07,17570.632
8104,2025-12-01 20:40:00+00:00,2749.07,2758.01,2746.93,2758.01,19310.844
8105,2025-12-01 20:45:00+00:00,2758.01,2759.05,2750.91,2751.21,11894.592
8106,2025-12-01 20:50:00+00:00,2751.21,2755.82,2750.0,2752.24,6159.001
8107,2025-12-01 20:55:00+00:00,2752.23,2759.66,2750.04,2756.86,13555.824
8108,2025-12-01 21:00:00+00:00,2756.87,2766.26,2754.75,2759.15,16378.228
8109,2025-12-01 21:05:00+00:00,2759.16,2777.42,2757.76,2772.78,29116.606
8110,2025-12-01 21:10:00+00:00,2772.77,2775.51,2761.72,2763.22,12453.857
8111,2025-12-01 21:15:00+00:00,2763.22,2776.26,2762.42,2768.19,15944.386
8112,2025-12-01 21:20:00+00:00,2768.19,2787.42,2767.65,2785.71,59187.834
8113,2025-12-01 21:25:00+00:00,2785.71,2792.7,2781.0,2782.71,24122.791
8114,2025-12-01 21:30:00+00:00,2782.71,2796.52,2782.52,2794.47,19459.898
8115,2025-12-01 21:35:00+00:00,2794.49,2795.32,2787.0,2791.56,17094.027
8116,2025-12-01 21:40:00+00:00,2791.56,2797.59,2790.66,2795.06,29289.26
8117,2025-12-01 21:45:00+00:00,2795.05,2795.43,2783.26,2787.78,15501.802
8118,2025-12-01 21:50:00+00:00,2787.79,2792.01,2784.53,2787.07,11908.777
8119,2025-12-01 21:55:00+00:00,2787.07,2793.49,2787.06,2790.68,7187.295
8120,2025-12-01 22:00:00+00:00,2790.68,2807.98,2790.0,2807.58,34556.542
8121,2025-12-01 22:05:00+00:00,2807.58,2812.68,2801.99,2809.99,28241.01
8122,2025-12-01 22:10:00+00:00,2810.0,2810.28,2791.84,2792.35,20452.895
8123,2025-12-01 22:15:00+00:00,2792.35,2801.82,2792.19,2794.64,13135.782
8124,2025-12-01 22:20:00+00:00,2794.64,2798.48,2794.38,2796.71,4005.886
8125,2025-12-01 22:25:00+00:00,2796.7,2800.77,2794.12,2798.55,6790.828
8126,2025-12-01 22:30:00+00:00,2798.55,2802.47,2791.53,2792.45,9296.166
8127,2025-12-01 22:35:00+00:00,2792.45,2800.0,2791.66,2799.73,7059.422
8128,2025-12-01 22:40:00+00:00,2799.72,2805.18,2797.72,2800.47,6098.88
8129,2025-12-01 22:45:00+00:00,2800.47,2810.0,2800.46,2808.59,13575.793
8130,2025-12-01 22:50:00+00:00,2808.6,2808.88,2804.17,2805.4,5018.581
8131,2025-12-01 22:55:00+00:00,2805.4,2806.5,2794.99,2795.65,8608.625
8132,2025-12-01 23:00:00+00:00,2795.66,2805.92,2795.55,2805.0,13642.755
8133,2025-12-01 23:05:00+00:00,2805.0,2805.08,2798.46,2800.69,7160.13
8134,2025-12-01 23:10:00+00:00,2800.69,2801.29,2795.31,2796.75,6288.38
8135,2025-12-01 23:15:00+00:00,2796.76,2806.46,2796.75,2805.8,6616.059
8136,2025-12-01 23:20:00+00:00,2805.8,2809.83,2803.68,2806.07,10653.871
8137,2025-12-01 23:25:00+00:00,2806.08,2811.53,2806.07,2811.52,8228.034
8138,2025-12-01 23:30:00+00:00,2811.53,2818.0,2805.84,2807.6,23425.803
8139,2025-12-01 23:35:00+00:00,2807.61,2811.64,2805.95,2810.3,7794.237
8140,2025-12-01 23:40:00+00:00,2810.3,2810.89,2804.08,2806.16,7053.06
8141,2025-12-01 23:45:00+00:00,2806.16,2806.27,2798.59,2800.27,13096.169
8142,2025-12-01 23:50:00+00:00,2800.26,2802.0,2796.68,2796.68,7886.669
8143,2025-12-01 23:55:00+00:00,2796.69,2800.23,2796.68,2797.47,7759.748
8144,2025-12-02 00:00:00+00:00,2797.48,2798.76,2792.71,2793.33,15201.925
8145,2025-12-02 00:05:00+00:00,2793.33,2803.77,2789.06,2798.32,26152.063
8146,2025-12-02 00:10:00+00:00,2798.32,2799.64,2791.5,2792.7,8099.376
8147,2025-12-02 00:15:00+00:00,2792.7,2795.47,2790.19,2791.31,8160.896
8148,2025-12-02 00:20:00+00:00,2791.32,2791.32,2781.38,2788.95,31787.978
8149,2025-12-02 00:25:00+00:00,2788.95,2792.55,2786.0,2789.28,9943.075
8150,2025-12-02 00:30:00+00:00,2789.29,2799.56,2789.29,2797.64,11106.41
8151,2025-12-02 00:35:00+00:00,2797.64,2798.1,2790.76,2795.83,6154.115
8152,2025-12-02 00:40:00+00:00,2795.83,2795.83,2785.8,2787.11,5491.489
8153,2025-12-02 00:45:00+00:00,2787.11,2792.0,2785.82,2791.99,6829.271
8154,2025-12-02 00:50:00+00:00,2792.0,2797.14,2792.0,2792.3,9802.926
8155,2025-12-02 00:55:00+00:00,2792.3,2794.44,2791.01,2794.29,4614.648
8156,2025-12-02 01:00:00+00:00,2794.29,2801.83,2791.75,2800.28,8867.582
8157,2025-12-02 01:05:00+00:00,2800.28,2825.57,2799.42,2811.57,65606.321
8158,2025-12-02 01:10:00+00:00,2811.57,2815.17,2800.72,2802.76,19557.867
8159,2025-12-02 01:15:00+00:00,2802.76,2806.51,2794.58,2798.59,17715.724
8160,2025-12-02 01:20:00+00:00,2798.59,2804.9,2794.56,2803.24,8998.545
8161,2025-12-02 01:25:00+00:00,2803.24,2806.79,2799.51,2802.72,6599.211
8162,2025-12-02 01:30:00+00:00,2802.72,2806.39,2798.57,2799.14,9367.176
8163,2025-12-02 01:35:00+00:00,2799.13,2801.6,2794.7,2800.65,6775.308
8164,2025-12-02 01:40:00+00:00,2800.64,2802.91,2794.8,2795.88,5089.4
8165,2025-12-02 01:45:00+00:00,2795.89,2798.22,2794.24,2794.66,4729.279
8166,2025-12-02 01:50:00+00:00,2794.67,2797.54,2791.55,2796.57,8735.818
8167,2025-12-02 01:55:00+00:00,2796.58,2796.58,2792.19,2793.9,7191.897
8168,2025-12-02 02:00:00+00:00,2793.9,2795.19,2789.31,2793.78,9736.884
8169,2025-12-02 02:05:00+00:00,2793.78,2795.8,2783.7,2790.25,14515.831
8170,2025-12-02 02:10:00+00:00,2790.25,2797.84,2788.37,2797.12,6706.454
8171,2025-12-02 02:15:00+00:00,2797.12,2808.13,2797.11,2805.31,13918.793
8172,2025-12-02 02:20:00+00:00,2805.31,2808.52,2802.92,2806.12,10063.686
8173,2025-12-02 02:25:00+00:00,2806.12,2808.59,2804.72,2805.0,6128.365
8174,2025-12-02 02:30:00+00:00,2805.0,2808.55,2802.3,2806.61,5881.184
8175,2025-12-02 02:35:00+00:00,2806.62,2812.86,2802.6,2806.73,10178.582
8176,2025-12-02 02:40:00+00:00,2806.74,2813.0,2806.74,2810.92,7660.176
8177,2025-12-02 02:45:00+00:00,2810.92,2813.0,2806.56,2806.85,6163.411
8178,2025-12-02 02:50:00+00:00,2806.85,2809.21,2802.44,2802.84,5970.446
8179,2025-12-02 02:55:00+00:00,2802.84,2803.77,2798.52,2799.69,15228.039
8180,2025-12-02 03:00:00+00:00,2799.69,2800.84,2797.6,2797.6,5803.198
8181,2025-12-02 03:05:00+00:00,2797.6,2798.34,2794.69,2796.82,6986.779
8182,2025-12-02 03:10:00+00:00,2796.83,2803.33,2796.83,2801.45,6811.086
8183,2025-12-02 03:15:00+00:00,2801.44,2801.45,2795.71,2795.71,7156.195
8184,2025-12-02 03:20:00+00:00,2795.72,2795.86,2785.86,2786.84,17938.344
8185,2025-12-02 03:25:00+00:00,2786.84,2790.21,2786.74,2789.56,7192.107
8186,2025-12-02 03:30:00+00:00,2789.56,2789.73,2783.78,2786.76,11205.544
8187,2025-12-02 03:35:00+00:00,2786.75,2794.43,2786.75,2794.38,9159.621
8188,2025-12-02 03:40:00+00:00,2794.39,2808.97,2792.17,2808.86,17447.625
8189,2025-12-02 03:45:00+00:00,2808.86,2809.31,2802.41,2803.14,12234.575
8190,2025-12-02 03:50:00+00:00,2803.15,2805.55,2802.22,2803.5,6587.918
8191,2025-12-02 03:55:00+00:00,2803.49,2809.45,2801.68,2803.25,9578.043
8192,2025-12-02 04:00:00+00:00,2803.24,2810.55,2802.41,2803.23,13068.872
8193,2025-12-02 04:05:00+00:00,2803.23,2807.38,2802.5,2805.98,4357.629
8194,2025-12-02 04:10:00+00:00,2805.97,2809.53,2805.24,2807.25,5180.17
8195,2025-12-02 04:15:00+00:00,2807.25,2813.29,2805.0,2809.72,11164.201
8196,2025-12-02 04:20:00+00:00,2809.72,2810.6,2805.08,2805.23,5843.443
8197,2025-12-02 04:25:00+00:00,2805.23,2808.58,2804.0,2805.6,5862.341
8198,2025-12-02 04:30:00+00:00,2805.6,2806.19,2802.26,2803.05,6191.979
8199,2025-12-02 04:35:00+00:00,2803.05,2805.47,2802.38,2805.47,3623.328
8200,2025-12-02 04:40:00+00:00,2805.47,2807.0,2802.36,2805.45,7222.636
8201,2025-12-02 04:45:00+00:00,2805.45,2805.7,2803.37,2804.54,3767.667
8202,2025-12-02 04:50:00+00:00,2804.54,2807.0,2803.78,2806.47,5239.889
8203,2025-12-02 04:55:00+00:00,2806.46,2806.47,2803.08,2803.84,5158.871
8204,2025-12-02 05:00:00+00:00,2803.84,2805.15,2802.23,2802.33,3224.867
8205,2025-12-02 05:05:00+00:00,2802.34,2802.34,2796.0,2799.39,10278.41
8206,2025-12-02 05:10:00+00:00,2799.39,2805.66,2799.39,2801.87,5539.336
8207,2025-12-02 05:15:00+00:00,2801.87,2805.0,2800.3,2805.0,5316.203
8208,2025-12-02 05:20:00+00:00,2805.0,2805.66,2801.25,2802.06,2602.111
8209,2025-12-02 05:25:00+00:00,2802.05,2802.69,2798.0,2798.69,3593.594
8210,2025-12-02 05:30:00+00:00,2798.69,2801.22,2796.19,2800.71,5366.697
8211,2025-12-02 05:35:00+00:00,2800.71,2800.71,2797.33,2797.35,2708.65
8212,2025-12-02 05:40:00+00:00,2797.34,2799.83,2796.84,2799.11,4291.522
8213,2025-12-02 05:45:00+00:00,2799.12,2802.85,2797.51,2800.97,7802.103
8214,2025-12-02 05:50:00+00:00,2800.97,2803.51,2798.0,2802.58,4768.911
8215,2025-12-02 05:55:00+00:00,2802.58,2804.87,2798.41,2801.99,4249.365
8216,2025-12-02 06:00:00+00:00,2801.99,2803.33,2799.0,2799.0,3795.618
8217,2025-12-02 06:05:00+00:00,2799.0,2800.39,2796.25,2796.79,5951.2
8218,2025-12-02 06:10:00+00:00,2796.79,2801.02,2796.79,2800.84,3315.101
8219,2025-12-02 06:15:00+00:00,2800.83,2803.6,2798.81,2802.01,5047.327
8220,2025-12-02 06:20:00+00:00,2802.01,2802.97,2797.74,2799.93,4025.872
8221,2025-12-02 06:25:00+00:00,2799.92,2802.65,2798.92,2801.49,2325.182
8222,2025-12-02 06:30:00+00:00,2801.49,2807.85,2801.12,2807.36,6398.812
8223,2025-12-02 06:35:00+00:00,2807.37,2809.0,2804.44,2808.99,7023.772
8224,2025-12-02 06:40:00+00:00,2809.0,2812.37,2807.94,2810.51,14203.051
8225,2025-12-02 06:45:00+00:00,2810.5,2811.06,2808.68,2809.75,5293.417
8226,2025-12-02 06:50:00+00:00,2809.76,2814.8,2808.85,2813.8,11090.705
8227,2025-12-02 06:55:00+00:00,2813.8,2813.87,2810.45,2811.72,5022.624
8228,2025-12-02 07:00:00+00:00,2811.73,2813.42,2809.0,2809.28,4443.101
8229,2025-12-02 07:05:00+00:00,2809.27,2810.37,2806.05,2806.05,5484.582
8230,2025-12-02 07:10:00+00:00,2806.05,2808.89,2805.72,2807.4,5541.915
8231,2025-12-02 07:15:00+00:00,2807.39,2808.43,2805.6,2808.42,5221.464
8232,2025-12-02 07:20:00+00:00,2808.43,2808.99,2804.26,2804.36,5573.253
8233,2025-12-02 07:25:00+00:00,2804.36,2806.29,2803.04,2803.74,3548.469
8234,2025-12-02 07:30:00+00:00,2803.74,2804.7,2801.29,2802.19,4865.796
8235,2025-12-02 07:35:00+00:00,2802.19,2806.54,2802.19,2804.21,3360.569
8236,2025-12-02 07:40:00+00:00,2804.2,2806.14,2802.31,2805.28,3751.328
8237,2025-12-02 07:45:00+00:00,2805.28,2805.79,2802.62,2802.78,7186.466
8238,2025-12-02 07:50:00+00:00,2802.79,2805.66,2802.78,2805.0,4613.071
8239,2025-12-02 07:55:00+00:00,2804.99,2806.04,2803.61,2804.2,3946.269
8240,2025-12-02 08:00:00+00:00,2804.2,2805.52,2800.68,2802.93,6609.011
8241,2025-12-02 08:05:00+00:00,2802.92,2804.55,2797.09,2797.46,9311.432
8242,2025-12-02 08:10:00+00:00,2797.46,2799.26,2792.33,2794.22,16924.151
8243,2025-12-02 08:15:00+00:00,2794.23,2795.3,2786.83,2788.12,29309.874
8244,2025-12-02 08:20:00+00:00,2788.12,2791.18,2788.12,2790.02,11668.89
8245,2025-12-02 08:25:00+00:00,2790.01,2790.45,2786.0,2787.38,16214.66
8246,2025-12-02 08:30:00+00:00,2787.38,2789.92,2780.6,2788.05,25507.46
8247,2025-12-02 08:35:00+00:00,2788.05,2796.65,2788.02,2794.93,13637.836
8248,2025-12-02 08:40:00+00:00,2794.93,2797.39,2791.54,2793.48,11464.487
8249,2025-12-02 08:45:00+00:00,2793.48,2802.99,2793.48,2799.11,10040.894
8250,2025-12-02 08:50:00+00:00,2799.1,2799.3,2795.11,2796.19,7905.066
8251,2025-12-02 08:55:00+00:00,2796.19,2797.55,2793.43,2797.19,7962.2
8252,2025-12-02 09:00:00+00:00,2797.19,2800.0,2795.91,2798.99,5191.573
8253,2025-12-02 09:05:00+00:00,2799.0,2810.98,2798.38,2803.63,19845.594
8254,2025-12-02 09:10:00+00:00,2803.64,2806.66,2801.8,2801.8,8431.47
8255,2025-12-02 09:15:00+00:00,2801.81,2802.62,2796.12,2797.44,8690.177
8256,2025-12-02 09:20:00+00:00,2797.44,2805.81,2797.43,2805.81,9687.229
8257,2025-12-02 09:25:00+00:00,2805.82,2808.59,2804.38,2805.34,8791.309
8258,2025-12-02 09:30:00+00:00,2805.34,2805.34,2802.79,2804.97,4081.36
8259,2025-12-02 09:35:00+00:00,2804.98,2804.98,2800.21,2800.91,6576.103
8260,2025-12-02 09:40:00+00:00,2800.91,2801.0,2795.03,2796.43,11006.984
8261,2025-12-02 09:45:00+00:00,2796.43,2798.77,2794.0,2797.65,8851.116
8262,2025-12-02 09:50:00+00:00,2797.65,2798.98,2796.08,2797.01,3460.177
8263,2025-12-02 09:55:00+00:00,2797.02,2798.18,2795.0,2796.6,3631.207
8264,2025-12-02 10:00:00+00:00,2796.6,2801.56,2796.33,2799.42,5566.136
8265,2025-12-02 10:05:00+00:00,2799.42,2804.31,2799.42,2803.35,4069.388
8266,2025-12-02 10:10:00+00:00,2803.35,2809.91,2802.5,2806.73,14423.467
8267,2025-12-02 10:15:00+00:00,2806.72,2808.87,2804.63,2805.74,5619.492
8268,2025-12-02 10:20:00+00:00,2805.73,2806.56,2803.01,2804.17,4721.429
8269,2025-12-02 10:25:00+00:00,2804.18,2807.46,2803.88,2804.51,4896.103
8270,2025-12-02 10:30:00+00:00,2804.52,2808.18,2804.52,2806.29,5567.993
8271,2025-12-02 10:35:00+00:00,2806.29,2808.55,2806.29,2807.67,5005.752
8272,2025-12-02 10:40:00+00:00,2807.67,2812.66,2807.66,2811.45,14209.31
8273,2025-12-02 10:45:00+00:00,2811.44,2820.0,2811.44,2815.77,33249.741
8274,2025-12-02 10:50:00+00:00,2815.77,2834.02,2815.17,2822.47,69214.048
8275,2025-12-02 10:55:00+00:00,2822.46,2825.2,2821.08,2821.71,14196.215
8276,2025-12-02 11:00:00+00:00,2821.72,2827.16,2821.05,2821.76,17860.201
8277,2025-12-02 11:05:00+00:00,2821.77,2824.47,2819.04,2820.61,9908.446
8278,2025-12-02 11:10:00+00:00,2820.61,2821.6,2814.81,2819.3,10089.544
8279,2025-12-02 11:15:00+00:00,2819.31,2821.56,2815.47,2819.47,7840.03
8280,2025-12-02 11:20:00+00:00,2819.46,2822.21,2819.4,2821.76,9737.009
8281,2025-12-02 11:25:00+00:00,2821.77,2828.59,2820.31,2827.82,14394.588
8282,2025-12-02 11:30:00+00:00,2827.81,2829.0,2823.86,2826.66,12806.563
8283,2025-12-02 11:35:00+00:00,2826.65,2826.72,2823.1,2823.71,8330.083
8284,2025-12-02 11:40:00+00:00,2823.7,2825.61,2822.44,2822.6,5662.647
8285,2025-12-02 11:45:00+00:00,2822.6,2825.27,2822.6,2823.51,4266.349
8286,2025-12-02 11:50:00+00:00,2823.51,2826.99,2822.0,2826.99,4318.476
8287,2025-12-02 11:55:00+00:00,2826.99,2829.46,2822.49,2824.67,11880.028
8288,2025-12-02 12:00:00+00:00,2824.68,2828.45,2823.07,2826.74,10603.748
8289,2025-12-02 12:05:00+00:00,2826.74,2830.28,2826.37,2827.19,8873.888
8290,2025-12-02 12:10:00+00:00,2827.2,2829.0,2825.83,2826.41,5033.733
8291,2025-12-02 12:15:00+00:00,2826.4,2829.56,2824.26,2827.7,8651.994
8292,2025-12-02 12:20:00+00:00,2827.7,2827.7,2822.0,2823.65,5515.399
8293,2025-12-02 12:25:00+00:00,2823.65,2823.8,2818.88,2822.02,10202.925
8294,2025-12-02 12:30:00+00:00,2822.02,2825.19,2817.3,2817.99,6614.622
8295,2025-12-02 12:35:00+00:00,2817.99,2820.49,2815.0,2820.49,11605.098
8296,2025-12-02 12:40:00+00:00,2820.49,2821.36,2817.66,2819.14,4968.418
8297,2025-12-02 12:45:00+00:00,2819.14,2820.86,2818.25,2820.2,4091.281
8298,2025-12-02 12:50:00+00:00,2820.2,2824.73,2820.2,2823.79,6200.502
8299,2025-12-02 12:55:00+00:00,2823.78,2826.49,2823.74,2826.48,5683.014
8300,2025-12-02 13:00:00+00:00,2826.48,2828.84,2821.13,2821.85,10384.716
8301,2025-12-02 13:05:00+00:00,2821.86,2825.29,2820.84,2823.96,8527.037
8302,2025-12-02 13:10:00+00:00,2823.96,2832.0,2823.16,2827.08,13776.341
8303,2025-12-02 13:15:00+00:00,2827.07,2843.85,2827.07,2836.11,53937.633
8304,2025-12-02 13:20:00+00:00,2836.11,2840.48,2834.31,2835.95,16686.193
8305,2025-12-02 13:25:00+00:00,2835.94,2838.39,2835.01,2835.62,9050.583
8306,2025-12-02 13:30:00+00:00,2835.63,2838.47,2835.33,2836.0,8967.485
8307,2025-12-02 13:35:00+00:00,2835.99,2839.97,2834.43,2838.81,9737.916
8308,2025-12-02 13:40:00+00:00,2838.8,2843.28,2836.78,2838.79,16410.502
8309,2025-12-02 13:45:00+00:00,2838.78,2841.89,2836.47,2840.38,12771.735
8310,2025-12-02 13:50:00+00:00,2840.38,2842.05,2836.4,2840.74,10351.45
8311,2025-12-02 13:55:00+00:00,2840.74,2847.3,2839.21,2842.95,36268.438
8312,2025-12-02 14:00:00+00:00,2842.95,2844.0,2838.97,2842.8,22237.729
8313,2025-12-02 14:05:00+00:00,2842.8,2866.0,2842.47,2858.1,85460.582
8314,2025-12-02 14:10:00+00:00,2858.23,2860.0,2853.99,2855.55,39382.796
8315,2025-12-02 14:15:00+00:00,2855.56,2859.0,2855.16,2855.39,17163.514
8316,2025-12-02 14:20:00+00:00,2855.39,2855.58,2845.96,2854.74,28430.761
8317,2025-12-02 14:25:00+00:00,2854.73,2873.01,2854.5,2859.69,50233.498
8318,2025-12-02 14:30:00+00:00,2859.69,2866.0,2852.37,2862.3,36793.687
8319,2025-12-02 14:35:00+00:00,2862.31,2872.22,2859.99,2861.25,44485.567
8320,2025-12-02 14:40:00+00:00,2861.25,2888.0,2855.07,2886.0,79117.727
8321,2025-12-02 14:45:00+00:00,2885.99,2909.27,2885.11,2897.14,174581.95
8322,2025-12-02 14:50:00+00:00,2897.14,2898.0,2882.29,2887.08,56121.244
8323,2025-12-02 14:55:00+00:00,2887.07,2896.64,2886.39,2893.69,27802.912
8324,2025-12-02 15:00:00+00:00,2893.69,2935.75,2892.35,2923.56,132982.548
8325,2025-12-02 15:05:00+00:00,2923.55,2933.0,2915.58,2925.11,65421.941
8326,2025-12-02 15:10:00+00:00,2925.12,2969.69,2918.23,2954.09,171517.692
8327,2025-12-02 15:15:00+00:00,2954.09,2978.0,2952.83,2970.08,117644.915
8328,2025-12-02 15:20:00+00:00,2970.09,2984.02,2959.23,2979.3,99298.07
8329,2025-12-02 15:25:00+00:00,2979.3,2981.79,2956.75,2958.59,76094.301
8330,2025-12-02 15:30:00+00:00,2958.59,2977.0,2958.59,2968.43,61083.828
8331,2025-12-02 15:35:00+00:00,2968.43,2972.42,2965.45,2970.15,31384.901
8332,2025-12-02 15:40:00+00:00,2970.15,3022.0,2969.82,2997.9,149416.011
8333,2025-12-02 15:45:00+00:00,2997.9,3014.25,2996.7,3007.51,60803.236
8334,2025-12-02 15:50:00+00:00,3007.52,3026.04,3003.43,3006.67,76550.363
8335,2025-12-02 15:55:00+00:00,3006.66,3010.2,3003.46,3005.55,27824.058
8336,2025-12-02 16:00:00+00:00,3005.55,3024.21,3005.55,3016.99,64841.021
8337,2025-12-02 16:05:00+00:00,3016.99,3020.1,3009.75,3015.44,35167.32
8338,2025-12-02 16:10:00+00:00,3015.44,3020.48,3011.0,3015.93,30112.18
8339,2025-12-02 16:15:00+00:00,3015.94,3016.36,2997.26,3001.96,65552.299
8340,2025-12-02 16:20:00+00:00,3001.96,3011.5,2989.1,2992.66,64448.898
8341,2025-12-02 16:25:00+00:00,2992.67,3003.0,2991.48,2998.1,33527.102
8342,2025-12-02 16:30:00+00:00,2998.09,3004.97,2990.06,2994.67,45890.353
8343,2025-12-02 16:35:00+00:00,2994.66,3003.16,2991.2,2999.95,47181.148
8344,2025-12-02 16:40:00+00:00,2999.95,3001.59,2985.14,2988.04,36886.405
8345,2025-12-02 16:45:00+00:00,2988.04,2997.29,2985.13,2993.23,27388.606
8346,2025-12-02 16:50:00+00:00,2993.23,3002.92,2989.38,2999.75,34635.977
8347,2025-12-02 16:55:00+00:00,2999.75,3004.97,2993.12,2994.08,30656.543
8348,2025-12-02 17:00:00+00:00,2994.09,3007.6,2993.18,3000.93,40425.523
8349,2025-12-02 17:05:00+00:00,3000.93,3004.29,2993.68,2995.65,18569.955
8350,2025-12-02 17:10:00+00:00,2995.65,2999.91,2992.6,2995.1,11784.494
8351,2025-12-02 17:15:00+00:00,2995.1,3008.99,2994.62,3006.32,28473.514
8352,2025-12-02 17:20:00+00:00,3006.33,3013.16,3003.42,3008.4,32872.96
8353,2025-12-02 17:25:00+00:00,3008.4,3034.94,3008.22,3025.0,67526.012
8354,2025-12-02 17:30:00+00:00,3025.01,3029.69,3022.01,3027.26,32919.51
8355,2025-12-02 17:35:00+00:00,3027.27,3030.0,3019.0,3022.06,28394.745
8356,2025-12-02 17:40:00+00:00,3022.06,3023.83,3015.82,3020.32,14581.568
8357,2025-12-02 17:45:00+00:00,3020.33,3020.34,3015.04,3017.46,15426.611
8358,2025-12-02 17:50:00+00:00,3017.45,3022.0,3012.57,3020.71,16429.731
8359,2025-12-02 17:55:00+00:00,3020.72,3020.99,3012.01,3014.36,12012.087
8360,2025-12-02 18:00:00+00:00,3014.36,3023.8,3012.0,3018.34,16830.903
8361,2025-12-02 18:05:00+00:00,3018.33,3024.49,3016.0,3023.04,10617.032
8362,2025-12-02 18:10:00+00:00,3023.03,3025.66,3012.44,3020.33,23065.004
8363,2025-12-02 18:15:00+00:00,3020.33,3024.39,3017.34,3024.25,11415.358
8364,2025-12-02 18:20:00+00:00,3024.24,3029.83,3021.47,3022.05,19096.941
8365,2025-12-02 18:25:00+00:00,3022.06,3022.24,3014.0,3018.86,11251.292
8366,2025-12-02 18:30:00+00:00,3018.87,3032.53,3017.24,3026.84,33193.368
8367,2025-12-02 18:35:00+00:00,3026.84,3031.66,3018.18,3019.99,16362.56
8368,2025-12-02 18:40:00+00:00,3020.0,3020.0,3016.28,3016.5,14544.094
8369,2025-12-02 18:45:00+00:00,3016.5,3018.34,3014.58,3016.93,9120.668
8370,2025-12-02 18:50:00+00:00,3016.94,3017.44,3008.0,3013.83,21360.433
8371,2025-12-02 18:55:00+00:00,3013.84,3014.31,3006.15,3012.38,15209.272
8372,2025-12-02 19:00:00+00:00,3012.38,3023.0,3011.56,3021.47,16125.562
8373,2025-12-02 19:05:00+00:00,3021.48,3022.1,3015.56,3020.85,9867.684
8374,2025-12-02 19:10:00+00:00,3020.86,3022.96,3015.0,3018.22,8958.2
8375,2025-12-02 19:15:00+00:00,3018.23,3019.97,3013.65,3017.25,6940.245
8376,2025-12-02 19:20:00+00:00,3017.24,3018.01,3013.0,3017.7,6594.365
8377,2025-12-02 19:25:00+00:00,3017.69,3020.93,3017.34,3019.02,5005.427
8378,2025-12-02 19:30:00+00:00,3019.02,3022.52,3017.22,3021.87,5862.14
8379,2025-12-02 19:35:00+00:00,3021.87,3028.81,3020.0,3027.77,12466.355
8380,2025-12-02 19:40:00+00:00,3027.76,3027.89,3020.4,3021.4,7548.844
8381,2025-12-02 19:45:00+00:00,3021.4,3023.43,3018.42,3019.4,7339.361
8382,2025-12-02 19:50:00+00:00,3019.39,3019.74,3012.52,3014.25,12079.936
8383,2025-12-02 19:55:00+00:00,3014.24,3016.05,3013.0,3014.61,7521.386
8384,2025-12-02 20:00:00+00:00,3014.6,3015.78,3005.0,3009.45,16374.791
8385,2025-12-02 20:05:00+00:00,3009.44,3012.1,3006.87,3011.12,13317.895
8386,2025-12-02 20:10:00+00:00,3011.13,3012.7,3003.0,3003.09,15266.396
8387,2025-12-02 20:15:00+00:00,3003.09,3003.14,2988.0,2990.56,48268.046
8388,2025-12-02 20:20:00+00:00,2990.57,2996.96,2990.33,2991.6,16556.966
8389,2025-12-02 20:25:00+00:00,2991.6,2996.3,2980.52,2982.82,30822.667
8390,2025-12-02 20:30:00+00:00,2982.83,2992.7,2981.88,2985.16,17866.874
8391,2025-12-02 20:35:00+00:00,2985.16,2986.49,2970.04,2973.5,38389.692
8392,2025-12-02 20:40:00+00:00,2973.51,2980.72,2973.51,2980.35,14309.772
8393,2025-12-02 20:45:00+00:00,2980.34,2989.33,2978.46,2987.36,22019.714
8394,2025-12-02 20:50:00+00:00,2987.37,2988.64,2980.46,2980.47,8853.064
8395,2025-12-02 20:55:00+00:00,2980.47,2988.0,2975.19,2978.68,16466.136
8396,2025-12-02 21:00:00+00:00,2978.68,2985.73,2977.1,2982.35,8684.847
8397,2025-12-02 21:05:00+00:00,2982.36,2989.11,2981.18,2984.11,8515.095
8398,2025-12-02 21:10:00+00:00,2984.1,2985.54,2981.01,2985.2,7980.669
8399,2025-12-02 21:15:00+00:00,2985.2,2986.0,2980.27,2980.96,4621.501
8400,2025-12-02 21:20:00+00:00,2980.95,2984.12,2979.56,2981.5,4812.149
8401,2025-12-02 21:25:00+00:00,2981.49,2986.17,2976.0,2983.7,8205.349
8402,2025-12-02 21:30:00+00:00,2983.69,2987.57,2982.52,2984.98,6856.908
8403,2025-12-02 21:35:00+00:00,2984.98,2995.56,2984.59,2988.28,11312.106
8404,2025-12-02 21:40:00+00:00,2988.27,2992.08,2982.92,2988.07,8134.429
8405,2025-12-02 21:45:00+00:00,2988.07,2989.53,2984.13,2985.32,3205.705
8406,2025-12-02 21:50:00+00:00,2985.32,2993.0,2985.31,2992.75,6237.014
8407,2025-12-02 21:55:00+00:00,2992.75,2996.68,2992.43,2993.85,8850.981
8408,2025-12-02 22:00:00+00:00,2993.85,3007.65,2993.52,3006.01,19055.235
8409,2025-12-02 22:05:00+00:00,3006.0,3006.01,2994.45,2998.3,10098.935
8410,2025-12-02 22:10:00+00:00,2998.3,3018.0,2997.71,3012.14,21373.744
8411,2025-12-02 22:15:00+00:00,3012.13,3013.7,3006.88,3008.71,8605.809
8412,2025-12-02 22:20:00+00:00,3008.7,3012.02,3006.0,3009.01,6602.062
8413,2025-12-02 22:25:00+00:00,3009.01,3011.38,3007.66,3007.66,3831.079
8414,2025-12-02 22:30:00+00:00,3007.67,3011.0,3006.3,3008.78,4767.591
8415,2025-12-02 22:35:00+00:00,3008.79,3013.66,3008.79,3010.53,3056.886
8416,2025-12-02 22:40:00+00:00,3010.53,3020.0,3008.94,3013.69,11055.204
8417,2025-12-02 22:45:00+00:00,3013.7,3014.74,3010.01,3013.12,5786.587
8418,2025-12-02 22:50:00+00:00,3013.12,3016.16,3010.42,3013.66,6228.31
8419,2025-12-02 22:55:00+00:00,3013.67,3017.18,3012.46,3016.32,4982.833
8420,2025-12-02 23:00:00+00:00,3016.32,3017.26,3009.71,3010.02,8520.717
8421,2025-12-02 23:05:00+00:00,3010.01,3014.3,3008.48,3013.85,6235.707
8422,2025-12-02 23:10:00+00:00,3013.86,3015.0,3010.2,3010.2,4850.923
8423,2025-12-02 23:15:00+00:00,3010.2,3013.57,3009.0,3013.56,4532.497
8424,2025-12-02 23:20:00+00:00,3013.56,3013.56,3007.12,3008.0,5142.51
8425,2025-12-02 23:25:00+00:00,3008.0,3008.71,3004.16,3006.7,6081.353
8426,2025-12-02 23:30:00+00:00,3006.7,3008.46,3002.76,3004.01,6711.247
8427,2025-12-02 23:35:00+00:00,3004.0,3005.95,2997.0,2998.29,10033.121
8428,2025-12-02 23:40:00+00:00,2998.28,3000.39,2997.33,2998.48,5989.197
8429,2025-12-02 23:45:00+00:00,2998.48,3000.9,2997.0,2999.25,4965.005
8430,2025-12-02 23:50:00+00:00,2999.26,3000.3,2989.93,2992.63,10717.721
8431,2025-12-02 23:55:00+00:00,2992.63,2998.57,2990.07,2994.63,12092.097
8432,2025-12-03 00:00:00+00:00,2994.63,2998.79,2992.45,2993.98,12530.596
8433,2025-12-03 00:05:00+00:00,2993.99,3003.62,2991.62,3001.09,16141.74
8434,2025-12-03 00:10:00+00:00,3001.09,3003.53,2996.52,2997.59,7613.569
8435,2025-12-03 00:15:00+00:00,2997.59,3003.7,2996.3,2999.13,6073.966
8436,2025-12-03 00:20:00+00:00,2999.13,3000.3,2993.34,2994.28,4993.735
8437,2025-12-03 00:25:00+00:00,2994.28,2994.46,2986.44,2989.34,12820.815
8438,2025-12-03 00:30:00+00:00,2989.34,2989.4,2983.76,2986.46,10553.074
8439,2025-12-03 00:35:00+00:00,2986.46,2991.12,2985.52,2989.85,6063.035
8440,2025-12-03 00:40:00+00:00,2989.84,3002.27,2989.25,3002.01,12659.235
8441,2025-12-03 00:45:00+00:00,3002.01,3004.5,2999.11,3003.47,8761.123
8442,2025-12-03 00:50:00+00:00,3003.48,3007.38,3000.38,3001.66,8809.862
8443,2025-12-03 00:55:00+00:00,3001.66,3003.29,2997.85,3001.72,7294.865
8444,2025-12-03 01:00:00+00:00,3001.72,3004.34,2997.77,2998.07,5421.005
8445,2025-12-03 01:05:00+00:00,2998.06,3006.15,2997.75,3001.11,7060.356
8446,2025-12-03 01:10:00+00:00,3001.11,3011.3,3001.11,3007.35,11993.948
8447,2025-12-03 01:15:00+00:00,3007.35,3011.31,3006.82,3008.97,10077.924
8448,2025-12-03 01:20:00+00:00,3008.97,3012.0,3008.0,3010.35,9297.96
8449,2025-12-03 01:25:00+00:00,3010.35,3013.6,3004.65,3009.06,7668.667
8450,2025-12-03 01:30:00+00:00,3009.07,3015.72,3008.02,3013.62,11393.574
8451,2025-12-03 01:35:00+00:00,3013.61,3015.91,3009.64,3009.69,4797.952
8452,2025-12-03 01:40:00+00:00,3009.68,3013.36,3009.34,3012.97,5189.396
8453,2025-12-03 01:45:00+00:00,3012.97,3019.29,3012.0,3018.3,13443.315
8454,2025-12-03 01:50:00+00:00,3018.29,3027.32,3015.26,3016.55,34288.188
8455,2025-12-03 01:55:00+00:00,3016.55,3017.7,3011.8,3014.27,9957.674
8456,2025-12-03 02:00:00+00:00,3014.27,3030.0,3012.42,3024.41,19143.303
8457,2025-12-03 02:05:00+00:00,3024.4,3024.7,3014.46,3018.5,9936.294
8458,2025-12-03 02:10:00+00:00,3018.51,3046.92,3018.15,3043.47,85671.219
8459,2025-12-03 02:15:00+00:00,3043.47,3048.0,3031.71,3033.76,26109.496
8460,2025-12-03 02:20:00+00:00,3033.75,3042.11,3031.86,3039.44,14435.976
8461,2025-12-03 02:25:00+00:00,3039.44,3045.93,3039.06,3040.25,18301.871
8462,2025-12-03 02:30:00+00:00,3040.25,3040.67,3032.76,3036.18,12428.226
8463,2025-12-03 02:35:00+00:00,3036.18,3037.74,3030.55,3032.44,10669.438
8464,2025-12-03 02:40:00+00:00,3032.44,3033.69,3028.57,3028.85,5944.299
8465,2025-12-03 02:45:00+00:00,3028.84,3032.14,3018.11,3028.53,24116.143
8466,2025-12-03 02:50:00+00:00,3028.53,3029.78,3027.15,3027.62,3743.758
8467,2025-12-03 02:55:00+00:00,3027.62,3033.01,3027.05,3029.46,8140.577
8468,2025-12-03 03:00:00+00:00,3029.47,3036.37,3023.0,3024.1,17792.466
8469,2025-12-03 03:05:00+00:00,3024.1,3024.55,3019.66,3023.13,12930.743
8470,2025-12-03 03:10:00+00:00,3023.13,3027.98,3021.31,3026.97,7544.299
8471,2025-12-03 03:15:00+00:00,3026.97,3032.66,3022.72,3032.43,11944.653
8472,2025-12-03 03:20:00+00:00,3032.42,3035.17,3029.55,3029.55,7808.938
8473,2025-12-03 03:25:00+00:00,3029.55,3036.66,3029.23,3035.42,8151.772
8474,2025-12-03 03:30:00+00:00,3035.42,3036.19,3032.65,3034.35,5009.472
8475,2025-12-03 03:35:00+00:00,3034.36,3035.3,3031.32,3034.53,5424.145
8476,2025-12-03 03:40:00+00:00,3034.53,3034.63,3030.0,3032.59,4340.644
8477,2025-12-03 03:45:00+00:00,3032.58,3034.5,3031.05,3033.85,3944.502
8478,2025-12-03 03:50:00+00:00,3033.85,3034.3,3030.62,3031.24,3767.191
8479,2025-12-03 03:55:00+00:00,3031.24,3031.97,3029.07,3029.08,4945.059
8480,2025-12-03 04:00:00+00:00,3029.07,3032.28,3028.05,3032.02,5459.025
8481,2025-12-03 04:05:00+00:00,3032.02,3038.0,3031.0,3037.0,5793.039
8482,2025-12-03 04:10:00+00:00,3037.0,3041.87,3036.4,3038.57,16528.691
8483,2025-12-03 04:15:00+00:00,3038.56,3042.63,3037.0,3040.79,7374.558
8484,2025-12-03 04:20:00+00:00,3040.79,3047.17,3038.25,3045.64,17578.539
8485,2025-12-03 04:25:00+00:00,3045.63,3063.0,3041.99,3044.24,63609.713
8486,2025-12-03 04:30:00+00:00,3044.24,3049.9,3041.31,3049.52,16452.868
8487,2025-12-03 04:35:00+00:00,3049.52,3054.86,3047.0,3051.38,15504.298
8488,2025-12-03 04:40:00+00:00,3051.38,3053.45,3049.22,3051.57,8786.212
8489,2025-12-03 04:45:00+00:00,3051.56,3054.92,3048.38,3054.63,11088.454
8490,2025-12-03 04:50:00+00:00,3054.63,3057.5,3052.01,3055.97,15717.25
8491,2025-12-03 04:55:00+00:00,3055.97,3057.6,3051.22,3055.21,13942.35
8492,2025-12-03 05:00:00+00:00,3055.21,3059.81,3052.82,3058.95,11166.303
8493,2025-12-03 05:05:00+00:00,3058.95,3069.46,3056.13,3067.25,38449.469
8494,2025-12-03 05:10:00+00:00,3067.25,3067.26,3054.0,3055.0,22370.472
8495,2025-12-03 05:15:00+00:00,3055.0,3055.39,3045.63,3050.89,33138.022
8496,2025-12-03 05:20:00+00:00,3050.89,3052.8,3047.77,3050.55,9227.057
8497,2025-12-03 05:25:00+00:00,3050.55,3054.77,3049.65,3054.19,6090.716
8498,2025-12-03 05:30:00+00:00,3054.19,3056.74,3050.0,3055.49,7680.395
8499,2025-12-03 05:35:00+00:00,3055.49,3062.94,3053.48,3062.09,11687.173
8500,2025-12-03 05:40:00+00:00,3062.08,3063.69,3057.15,3058.37,11656.664
8501,2025-12-03 05:45:00+00:00,3058.37,3064.47,3057.41,3064.46,5992.562
8502,2025-12-03 05:50:00+00:00,3064.47,3065.81,3055.76,3057.35,12292.249
8503,2025-12-03 05:55:00+00:00,3057.36,3060.2,3056.54,3057.19,7725.014
8504,2025-12-03 06:00:00+00:00,3057.18,3077.14,3053.0,3068.56,43270.306
8505,2025-12-03 06:05:00+00:00,3068.56,3075.3,3066.96,3071.6,23326.226
8506,2025-12-03 06:10:00+00:00,3071.59,3072.64,3066.03,3067.96,13993.403
8507,2025-12-03 06:15:00+00:00,3067.96,3079.5,3067.07,3076.56,16894.811
8508,2025-12-03 06:20:00+00:00,3076.57,3084.34,3074.4,3083.92,28804.883
8509,2025-12-03 06:25:00+00:00,3083.91,3084.1,3076.39,3082.13,18983.078
8510,2025-12-03 06:30:00+00:00,3082.14,3082.5,3076.85,3077.97,12337.231
8511,2025-12-03 06:35:00+00:00,3077.97,3082.06,3074.1,3078.84,11665.572
8512,2025-12-03 06:40:00+00:00,3078.83,3078.84,3058.0,3062.15,38664.367
8513,2025-12-03 06:45:00+00:00,3062.15,3063.77,3053.96,3061.49,26207.695
8514,2025-12-03 06:50:00+00:00,3061.49,3064.86,3059.0,3061.71,9150.849
8515,2025-12-03 06:55:00+00:00,3061.72,3066.32,3060.12,3065.36,7705.1
8516,2025-12-03 07:00:00+00:00,3065.36,3067.11,3060.86,3063.75,9745.369
8517,2025-12-03 07:05:00+00:00,3063.74,3064.79,3056.41,3058.87,10958.548
8518,2025-12-03 07:10:00+00:00,3058.88,3061.07,3055.39,3056.74,9725.022
8519,2025-12-03 07:15:00+00:00,3056.73,3056.73,3050.15,3053.76,25689.563
8520,2025-12-03 07:20:00+00:00,3053.77,3063.12,3053.76,3062.05,10671.951
8521,2025-12-03 07:25:00+00:00,3062.05,3063.0,3056.61,3057.5,6083.772
8522,2025-12-03 07:30:00+00:00,3057.5,3060.0,3056.04,3058.9,5369.058
8523,2025-12-03 07:35:00+00:00,3058.9,3060.36,3055.7,3056.84,6755.617
8524,2025-12-03 07:40:00+00:00,3056.83,3058.59,3054.82,3057.52,7520.717
8525,2025-12-03 07:45:00+00:00,3057.51,3059.49,3055.65,3059.36,6559.031
8526,2025-12-03 07:50:00+00:00,3059.35,3059.5,3055.56,3059.37,5914.274
8527,2025-12-03 07:55:00+00:00,3059.36,3060.41,3055.53,3056.41,6804.464
8528,2025-12-03 08:00:00+00:00,3056.41,3059.66,3056.0,3057.02,4847.114
8529,2025-12-03 08:05:00+00:00,3057.01,3059.85,3052.0,3053.56,7275.43
8530,2025-12-03 08:10:00+00:00,3053.56,3058.28,3053.56,3057.02,5693.716
8531,2025-12-03 08:15:00+00:00,3057.01,3057.89,3051.8,3052.9,9110.895
8532,2025-12-03 08:20:00+00:00,3052.9,3053.85,3050.8,3050.98,6412.187
8533,2025-12-03 08:25:00+00:00,3050.97,3053.86,3045.21,3048.71,18046.314
8534,2025-12-03 08:30:00+00:00,3048.72,3051.0,3041.95,3044.48,21162.85
8535,2025-12-03 08:35:00+00:00,3044.48,3050.23,3044.1,3046.05,11657.922
8536,2025-12-03 08:40:00+00:00,3046.05,3049.04,3044.13,3049.03,6057.731
8537,2025-12-03 08:45:00+00:00,3049.03,3054.77,3049.03,3052.26,9569.081
8538,2025-12-03 08:50:00+00:00,3052.26,3053.0,3046.22,3046.22,7428.212
8539,2025-12-03 08:55:00+00:00,3046.22,3050.94,3044.92,3049.86,6498.984
8540,2025-12-03 09:00:00+00:00,3049.86,3052.32,3049.31,3051.7,6159.194
8541,2025-12-03 09:05:00+00:00,3051.7,3052.21,3044.21,3047.67,6906.452
8542,2025-12-03 09:10:00+00:00,3047.66,3055.56,3046.67,3054.86,11545.057
8543,2025-12-03 09:15:00+00:00,3054.85,3055.23,3049.61,3051.82,6173.094
8544,2025-12-03 09:20:00+00:00,3051.81,3055.0,3050.68,3051.73,5476.017
8545,2025-12-03 09:25:00+00:00,3051.73,3054.19,3048.47,3049.77,6104.675
8546,2025-12-03 09:30:00+00:00,3049.77,3051.0,3046.15,3049.34,5832.905
8547,2025-12-03 09:35:00+00:00,3049.34,3051.25,3047.4,3050.23,4703.518
8548,2025-12-03 09:40:00+00:00,3050.23,3052.66,3048.65,3051.12,5963.202
8549,2025-12-03 09:45:00+00:00,3051.12,3054.5,3050.59,3054.01,4154.981
8550,2025-12-03 09:50:00+00:00,3054.0,3059.4,3053.4,3057.56,12653.037
8551,2025-12-03 09:55:00+00:00,3057.55,3062.0,3056.83,3059.04,15413.68
8552,2025-12-03 10:00:00+00:00,3059.04,3062.08,3057.96,3060.38,6843.305
8553,2025-12-03 10:05:00+00:00,3060.38,3060.83,3057.67,3059.07,3615.391
8554,2025-12-03 10:10:00+00:00,3059.07,3060.49,3057.23,3058.05,4113.59
8555,2025-12-03 10:15:00+00:00,3058.05,3063.42,3057.71,3063.28,5485.209
8556,2025-12-03 10:20:00+00:00,3063.27,3072.9,3062.75,3067.83,20871.98
8557,2025-12-03 10:25:00+00:00,3067.83,3079.15,3067.2,3068.3,24425.502
8558,2025-12-03 10:30:00+00:00,3068.31,3068.31,3060.32,3061.72,10212.273
8559,2025-12-03 10:35:00+00:00,3061.73,3062.08,3055.72,3057.58,11087.042
8560,2025-12-03 10:40:00+00:00,3057.58,3058.05,3049.34,3052.23,21097.008
8561,2025-12-03 10:45:00+00:00,3052.23,3059.71,3048.89,3059.41,17559.351
8562,2025-12-03 10:50:00+00:00,3059.41,3059.7,3056.37,3058.55,6866.986
8563,2025-12-03 10:55:00+00:00,3058.54,3058.55,3051.39,3054.55,6460.22
8564,2025-12-03 11:00:00+00:00,3054.56,3059.03,3054.16,3055.7,5893.128
8565,2025-12-03 11:05:00+00:00,3055.69,3062.58,3054.16,3060.81,9438.261
8566,2025-12-03 11:10:00+00:00,3060.82,3060.82,3055.0,3055.69,5345.966
8567,2025-12-03 11:15:00+00:00,3055.69,3061.11,3048.48,3060.4,22060.253
8568,2025-12-03 11:20:00+00:00,3060.41,3068.55,3059.02,3066.66,11371.198
8569,2025-12-03 11:25:00+00:00,3066.66,3072.47,3062.46,3069.18,15432.696
8570,2025-12-03 11:30:00+00:00,3069.18,3073.43,3063.94,3071.01,20014.051
8571,2025-12-03 11:35:00+00:00,3071.01,3073.0,3067.08,3068.97,6491.193
8572,2025-12-03 11:40:00+00:00,3068.98,3069.72,3065.1,3068.02,8249.755
8573,2025-12-03 11:45:00+00:00,3068.02,3074.29,3067.46,3073.99,11048.052
8574,2025-12-03 11:50:00+00:00,3073.98,3076.96,3070.83,3071.1,13995.819
8575,2025-12-03 11:55:00+00:00,3071.1,3072.55,3070.62,3071.95,4565.116
8576,2025-12-03 12:00:00+00:00,3071.94,3080.85,3069.04,3077.74,21808.088
8577,2025-12-03 12:05:00+00:00,3077.74,3077.79,3065.74,3070.0,19967.511
8578,2025-12-03 12:10:00+00:00,3070.0,3074.0,3067.45,3072.44,10181.557
8579,2025-12-03 12:15:00+00:00,3072.45,3078.47,3070.7,3075.29,10523.993
8580,2025-12-03 12:20:00+00:00,3075.3,3085.49,3069.99,3076.85,27413.886
8581,2025-12-03 12:25:00+00:00,3076.85,3078.93,3070.0,3071.45,18413.27
8582,2025-12-03 12:30:00+00:00,3071.45,3076.75,3068.52,3073.25,15516.244
8583,2025-12-03 12:35:00+00:00,3073.26,3077.3,3072.78,3074.48,8204.718
8584,2025-12-03 12:40:00+00:00,3074.48,3077.29,3071.56,3077.02,6346.18
8585,2025-12-03 12:45:00+00:00,3077.01,3082.88,3075.24,3082.47,16559.284
8586,2025-12-03 12:50:00+00:00,3082.46,3082.93,3078.0,3079.5,13078.159
8587,2025-12-03 12:55:00+00:00,3079.5,3083.0,3078.31,3080.16,9431.453
8588,2025-12-03 13:00:00+00:00,3080.15,3090.0,3076.02,3086.42,25894.479
8589,2025-12-03 13:05:00+00:00,3086.42,3088.66,3081.21,3083.06,14713.685
8590,2025-12-03 13:10:00+00:00,3083.06,3085.12,3080.0,3081.6,8251.9
8591,2025-12-03 13:15:00+00:00,3081.59,3094.99,3080.0,3091.76,44919.699
8592,2025-12-03 13:20:00+00:00,3091.75,3091.9,3085.72,3088.25,13654.372
8593,2025-12-03 13:25:00+00:00,3088.26,3093.0,3085.78,3085.78,11604.408
8594,2025-12-03 13:30:00+00:00,3085.78,3092.0,3082.5,3091.51,15661.108
8595,2025-12-03 13:35:00+00:00,3091.51,3092.98,3088.2,3088.65,10231.73
8596,2025-12-03 13:40:00+00:00,3088.66,3093.0,3088.42,3091.91,10079.1
8597,2025-12-03 13:45:00+00:00,3091.91,3092.59,3088.68,3091.7,8380.236
8598,2025-12-03 13:50:00+00:00,3091.71,3093.0,3087.76,3091.87,7751.282
8599,2025-12-03 13:55:00+00:00,3091.86,3092.28,3086.5,3088.79,9555.245
8600,2025-12-03 14:00:00+00:00,3088.79,3090.47,3030.01,3030.86,194805.259
8601,2025-12-03 14:05:00+00:00,3030.82,3053.83,3030.0,3046.05,99762.628
8602,2025-12-03 14:10:00+00:00,3046.05,3060.0,3041.2,3047.15,58678.409
8603,2025-12-03 14:15:00+00:00,3047.15,3071.82,3046.39,3058.94,57452.474
8604,2025-12-03 14:20:00+00:00,3058.93,3063.5,3053.08,3062.56,24960.193
8605,2025-12-03 14:25:00+00:00,3062.56,3073.88,3062.33,3072.5,28143.291
8606,2025-12-03 14:30:00+00:00,3072.51,3073.68,3054.39,3054.39,49149.951
8607,2025-12-03 14:35:00+00:00,3054.39,3089.51,3054.0,3076.29,65508.087
8608,2025-12-03 14:40:00+00:00,3076.29,3145.14,3075.57,3130.27,292592.914
8609,2025-12-03 14:45:00+00:00,3130.28,3131.24,3093.99,3098.2,143282.553
8610,2025-12-03 14:50:00+00:00,3098.19,3103.82,3069.69,3086.28,97604.574
8611,2025-12-03 14:55:00+00:00,3086.28,3090.86,3073.5,3074.79,34541.909
8612,2025-12-03 15:00:00+00:00,3074.8,3108.68,3074.63,3104.35,64309.493
8613,2025-12-03 15:05:00+00:00,3104.36,3106.55,3084.69,3085.27,43550.944
8614,2025-12-03 15:10:00+00:00,3085.26,3095.0,3058.03,3065.81,63595.257
8615,2025-12-03 15:15:00+00:00,3065.82,3073.0,3062.94,3067.99,32643.803
8616,2025-12-03 15:20:00+00:00,3067.99,3076.91,3055.0,3074.45,48349.073
8617,2025-12-03 15:25:00+00:00,3074.45,3081.55,3072.41,3073.04,21748.816
8618,2025-12-03 15:30:00+00:00,3073.04,3091.69,3067.15,3087.0,37395.667
8619,2025-12-03 15:35:00+00:00,3087.0,3091.29,3073.08,3074.88,27544.524
8620,2025-12-03 15:40:00+00:00,3074.88,3083.39,3074.46,3080.09,9269.185
8621,2025-12-03 15:45:00+00:00,3080.1,3090.0,3080.1,3086.72,13383.625
8622,2025-12-03 15:50:00+00:00,3086.72,3087.39,3080.0,3080.95,11702.128
8623,2025-12-03 15:55:00+00:00,3080.96,3084.85,3077.44,3084.84,11217.631
8624,2025-12-03 16:00:00+00:00,3084.84,3091.02,3079.14,3084.53,22020.902
8625,2025-12-03 16:05:00+00:00,3084.54,3085.56,3066.38,3067.92,20048.752
8626,2025-12-03 16:10:00+00:00,3067.92,3072.21,3062.72,3068.6,23269.051
8627,2025-12-03 16:15:00+00:00,3068.61,3081.36,3067.87,3079.81,15033.013
8628,2025-12-03 16:20:00+00:00,3079.81,3083.49,3071.07,3075.0,11871.874
8629,2025-12-03 16:25:00+00:00,3075.0,3083.16,3075.0,3082.66,9044.219
8630,2025-12-03 16:30:00+00:00,3082.66,3095.0,3081.28,3091.74,23010.116
8631,2025-12-03 16:35:00+00:00,3091.73,3105.74,3091.6,3099.25,31417.447
8632,2025-12-03 16:40:00+00:00,3099.24,3106.51,3095.25,3104.49,17165.605
8633,2025-12-03 16:45:00+00:00,3104.49,3105.57,3093.4,3094.73,18506.151
8634,2025-12-03 16:50:00+00:00,3094.73,3100.36,3092.06,3092.69,12787.021
8635,2025-12-03 16:55:00+00:00,3092.7,3094.33,3082.0,3086.99,17524.859
8636,2025-12-03 17:00:00+00:00,3086.99,3099.98,3086.0,3096.97,17153.454
8637,2025-12-03 17:05:00+00:00,3096.98,3099.81,3092.64,3097.13,7366.248
8638,2025-12-03 17:10:00+00:00,3097.13,3107.65,3094.54,3106.25,18536.445
8639,2025-12-03 17:15:00+00:00,3106.26,3110.0,3092.0,3096.61,25184.151
8640,2025-12-03 17:20:00+00:00,3096.61,3103.99,3093.39,3097.22,13725.041
8641,2025-12-03 17:25:00+00:00,3097.22,3099.97,3096.0,3096.54,4553.864
8642,2025-12-03 17:30:00+00:00,3096.55,3105.76,3096.54,3102.14,13681.255
8643,2025-12-03 17:35:00+00:00,3102.15,3115.0,3098.96,3112.09,30048.805
8644,2025-12-03 17:40:00+00:00,3112.08,3119.68,3110.0,3115.0,28758.846
8645,2025-12-03 17:45:00+00:00,3115.0,3131.98,3113.17,3130.71,37131.065
8646,2025-12-03 17:50:00+00:00,3130.72,3132.37,3120.16,3129.99,21179.055
8647,2025-12-03 17:55:00+00:00,3129.99,3130.52,3125.24,3126.38,9423.652
8648,2025-12-03 18:00:00+00:00,3126.39,3137.0,3124.31,3134.24,18652.227
8649,2025-12-03 18:05:00+00:00,3134.24,3135.86,3126.84,3131.83,13651.142
8650,2025-12-03 18:10:00+00:00,3131.83,3137.77,3127.74,3133.67,19802.893
8651,2025-12-03 18:15:00+00:00,3133.67,3133.67,3116.6,3118.56,29451.562
8652,2025-12-03 18:20:00+00:00,3118.55,3122.4,3117.21,3120.93,13705.119
8653,2025-12-03 18:25:00+00:00,3120.92,3131.31,3120.91,3130.65,10892.051
8654,2025-12-03 18:30:00+00:00,3130.66,3134.24,3124.4,3130.9,11320.648
8655,2025-12-03 18:35:00+00:00,3130.91,3134.0,3126.69,3133.12,8929.067
8656,2025-12-03 18:40:00+00:00,3133.12,3141.17,3129.21,3136.68,21202.152
8657,2025-12-03 18:45:00+00:00,3136.68,3137.39,3128.43,3128.48,12759.238
8658,2025-12-03 18:50:00+00:00,3128.47,3128.48,3110.36,3112.5,30884.527
8659,2025-12-03 18:55:00+00:00,3112.5,3116.38,3103.0,3113.76,32291.398
8660,2025-12-03 19:00:00+00:00,3113.76,3119.07,3110.14,3113.91,16161.065
8661,2025-12-03 19:05:00+00:00,3113.91,3123.0,3109.66,3121.55,13431.984
8662,2025-12-03 19:10:00+00:00,3121.55,3121.55,3111.26,3115.57,9193.785
8663,2025-12-03 19:15:00+00:00,3115.58,3123.0,3110.55,3121.84,8963.056
8664,2025-12-03 19:20:00+00:00,3121.84,3122.57,3115.48,3118.44,6358.681
8665,2025-12-03 19:25:00+00:00,3118.45,3124.71,3116.42,3121.28,7311.968
8666,2025-12-03 19:30:00+00:00,3121.29,3123.87,3115.49,3121.75,5900.92
8667,2025-12-03 19:35:00+00:00,3121.76,3122.7,3111.81,3115.19,7474.703
8668,2025-12-03 19:40:00+00:00,3115.2,3119.11,3113.94,3119.1,4337.186
8669,2025-12-03 19:45:00+00:00,3119.11,3128.35,3117.55,3127.33,7182.968
8670,2025-12-03 19:50:00+00:00,3127.33,3131.88,3126.81,3127.3,9241.659
8671,2025-12-03 19:55:00+00:00,3127.29,3127.3,3123.99,3126.78,4153.738
8672,2025-12-03 20:00:00+00:00,3126.79,3137.0,3120.21,3121.38,20025.735
8673,2025-12-03 20:05:00+00:00,3121.38,3129.11,3115.6,3125.78,13626.175
8674,2025-12-03 20:10:00+00:00,3125.79,3130.77,3121.56,3123.64,5775.655
8675,2025-12-03 20:15:00+00:00,3123.65,3126.9,3119.69,3126.25,5414.471
8676,2025-12-03 20:20:00+00:00,3126.25,3127.93,3116.78,3120.54,6217.15
8677,2025-12-03 20:25:00+00:00,3120.54,3126.3,3120.05,3125.34,4423.314
8678,2025-12-03 20:30:00+00:00,3125.34,3130.0,3121.99,3127.12,6871.762
8679,2025-12-03 20:35:00+00:00,3127.12,3131.2,3123.29,3126.83,8690.418
8680,2025-12-03 20:40:00+00:00,3126.83,3128.91,3122.14,3128.54,10626.676
8681,2025-12-03 20:45:00+00:00,3128.54,3135.8,3126.67,3133.28,15770.089
8682,2025-12-03 20:50:00+00:00,3133.28,3161.62,3131.18,3138.47,76429.633
8683,2025-12-03 20:55:00+00:00,3138.47,3145.13,3128.67,3136.82,39492.41
8684,2025-12-03 21:00:00+00:00,3136.83,3142.71,3127.06,3138.84,32619.401
8685,2025-12-03 21:05:00+00:00,3138.84,3152.9,3138.4,3144.48,30810.873
8686,2025-12-03 21:10:00+00:00,3144.47,3152.5,3141.68,3148.43,14524.23
8687,2025-12-03 21:15:00+00:00,3148.42,3154.26,3145.36,3149.04,13523.441
8688,2025-12-03 21:20:00+00:00,3149.05,3152.49,3144.92,3148.08,14062.482
8689,2025-12-03 21:25:00+00:00,3148.08,3150.88,3145.0,3146.55,5484.626
8690,2025-12-03 21:30:00+00:00,3146.55,3153.0,3145.04,3152.33,11536.711
8691,2025-12-03 21:35:00+00:00,3152.34,3152.43,3145.97,3150.77,9099.638
8692,2025-12-03 21:40:00+00:00,3150.76,3150.98,3146.01,3148.09,5581.563
8693,2025-12-03 21:45:00+00:00,3148.09,3151.06,3142.16,3150.06,11073.727
8694,2025-12-03 21:50:00+00:00,3150.07,3151.0,3148.15,3149.62,4168.568
8695,2025-12-03 21:55:00+00:00,3149.62,3169.0,3148.57,3163.09,60708.584
8696,2025-12-03 22:00:00+00:00,3163.08,3178.31,3141.82,3152.91,77962.377
8697,2025-12-03 22:05:00+00:00,3152.91,3159.38,3149.93,3153.1,12985.346
8698,2025-12-03 22:10:00+00:00,3153.11,3168.73,3152.74,3165.6,11514.78
8699,2025-12-03 22:15:00+00:00,3165.59,3168.02,3158.71,3160.65,17422.139
8700,2025-12-03 22:20:00+00:00,3160.68,3167.41,3155.67,3159.9,18644.326
8701,2025-12-03 22:25:00+00:00,3159.89,3162.29,3153.46,3160.0,15499.836
8702,2025-12-03 22:30:00+00:00,3160.0,3167.39,3155.09,3158.25,13894.257
8703,2025-12-03 22:35:00+00:00,3158.24,3177.15,3156.09,3169.56,20504.293
8704,2025-12-03 22:40:00+00:00,3169.56,3175.67,3161.76,3166.64,13259.035
8705,2025-12-03 22:45:00+00:00,3166.63,3198.0,3166.37,3184.94,66667.145
8706,2025-12-03 22:50:00+00:00,3184.94,3189.0,3178.0,3179.7,36453.057
8707,2025-12-03 22:55:00+00:00,3179.7,3192.0,3176.69,3188.42,23331.224
8708,2025-12-03 23:00:00+00:00,3188.43,3216.53,3186.31,3191.32,109680.683
8709,2025-12-03 23:05:00+00:00,3191.31,3202.61,3190.98,3196.04,18842.967
8710,2025-12-03 23:10:00+00:00,3196.05,3196.05,3186.16,3191.43,16761.292
8711,2025-12-03 23:15:00+00:00,3191.42,3196.34,3185.44,3186.79,15825.195
8712,2025-12-03 23:20:00+00:00,3186.78,3186.79,3177.52,3179.4,15437.605
8713,2025-12-03 23:25:00+00:00,3179.4,3183.0,3178.65,3179.52,8280.593
8714,2025-12-03 23:30:00+00:00,3179.51,3183.42,3177.16,3181.74,8595.702
8715,2025-12-03 23:35:00+00:00,3181.73,3182.37,3177.78,3181.08,5624.026
8716,2025-12-03 23:40:00+00:00,3181.09,3189.33,3180.11,3187.94,10424.744
8717,2025-12-03 23:45:00+00:00,3187.94,3196.81,3185.12,3191.46,19776.316
8718,2025-12-03 23:50:00+00:00,3191.46,3197.4,3190.1,3196.99,9332.888
8719,2025-12-03 23:55:00+00:00,3197.0,3197.18,3183.89,3187.07,14290.642
8720,2025-12-04 00:00:00+00:00,3187.08,3192.01,3183.79,3190.46,17661.608
8721,2025-12-04 00:05:00+00:00,3190.45,3195.73,3189.25,3195.4,12234.41
8722,2025-12-04 00:10:00+00:00,3195.4,3196.0,3173.01,3174.18,25363.773
8723,2025-12-04 00:15:00+00:00,3174.18,3192.0,3172.75,3188.89,20268.784
8724,2025-12-04 00:20:00+00:00,3188.89,3191.85,3181.13,3190.61,13926.598
8725,2025-12-04 00:25:00+00:00,3190.61,3192.97,3177.28,3182.4,14078.188
8726,2025-12-04 00:30:00+00:00,3182.4,3186.94,3177.3,3177.32,10428.356
8727,2025-12-04 00:35:00+00:00,3177.32,3189.0,3176.6,3185.63,10025.732
8728,2025-12-04 00:40:00+00:00,3185.63,3199.93,3185.19,3196.37,21729.98
8729,2025-12-04 00:45:00+00:00,3196.37,3199.0,3188.64,3199.0,14118.148
8730,2025-12-04 00:50:00+00:00,3199.0,3206.0,3197.0,3197.1,33071.307
8731,2025-12-04 00:55:00+00:00,3197.09,3202.22,3191.49,3196.48,16608.99
8732,2025-12-04 01:00:00+00:00,3196.49,3201.45,3193.31,3200.77,8299.822
8733,2025-12-04 01:05:00+00:00,3200.76,3204.42,3197.37,3203.62,11152.083
8734,2025-12-04 01:10:00+00:00,3203.62,3237.96,3202.7,3235.67,97621.275
8735,2025-12-04 01:15:00+00:00,3235.67,3239.27,3200.5,3204.73,106398.391
8736,2025-12-04 01:20:00+00:00,3204.73,3215.36,3196.8,3205.82,35799.85
8737,2025-12-04 01:25:00+00:00,3205.82,3212.87,3204.24,3208.36,14511.575
8738,2025-12-04 01:30:00+00:00,3208.37,3211.0,3203.0,3210.95,10939.826
8739,2025-12-04 01:35:00+00:00,3210.95,3216.53,3209.85,3216.0,14146.138
8740,2025-12-04 01:40:00+00:00,3216.0,3219.79,3213.39,3215.91,19562.596
8741,2025-12-04 01:45:00+00:00,3215.9,3217.0,3202.59,3202.59,20744.096
8742,2025-12-04 01:50:00+00:00,3202.59,3207.74,3198.17,3200.81,35587.752
8743,2025-12-04 01:55:00+00:00,3200.8,3203.37,3198.17,3201.23,13526.731
8744,2025-12-04 02:00:00+00:00,3201.24,3209.5,3197.03,3203.36,25199.17
8745,2025-12-04 02:05:00+00:00,3203.37,3208.25,3199.45,3203.21,8172.084
8746,2025-12-04 02:10:00+00:00,3203.2,3213.28,3202.37,3211.38,14067.201
8747,2025-12-04 02:15:00+00:00,3211.38,3219.0,3208.13,3219.0,13259.419
8748,2025-12-04 02:20:00+00:00,3218.99,3219.79,3204.07,3212.0,16097.467
8749,2025-12-04 02:25:00+00:00,3212.0,3217.3,3209.95,3211.46,8877.011
8750,2025-12-04 02:30:00+00:00,3211.46,3215.84,3205.0,3213.41,7517.144
8751,2025-12-04 02:35:00+00:00,3213.41,3223.07,3212.14,3221.87,11335.402
8752,2025-12-04 02:40:00+00:00,3221.87,3223.68,3215.58,3220.6,12476.74
8753,2025-12-04 02:45:00+00:00,3220.6,3224.66,3217.0,3218.86,11129.817
8754,2025-12-04 02:50:00+00:00,3218.86,3221.46,3216.0,3220.15,6631.79
8755,2025-12-04 02:55:00+00:00,3220.16,3223.84,3218.9,3219.99,7356.642
8756,2025-12-04 03:00:00+00:00,3220.0,3223.93,3216.06,3223.8,5832.653
8757,2025-12-04 03:05:00+00:00,3223.8,3227.72,3218.23,3222.2,10730.905
8758,2025-12-04 03:10:00+00:00,3222.2,3222.53,3215.57,3217.12,6354.835
8759,2025-12-04 03:15:00+00:00,3217.13,3219.06,3211.5,3211.88,8966.504
8760,2025-12-04 03:20:00+00:00,3211.88,3216.8,3209.62,3215.79,7442.843
8761,2025-12-04 03:25:00+00:00,3215.78,3215.79,3211.92,3213.53,3508.058
8762,2025-12-04 03:30:00+00:00,3213.53,3214.69,3206.04,3207.67,9507.172
8763,2025-12-04 03:35:00+00:00,3207.67,3210.0,3203.27,3206.13,8599.85
8764,2025-12-04 03:40:00+00:00,3206.14,3206.61,3204.02,3205.95,10876.33
8765,2025-12-04 03:45:00+00:00,3205.96,3209.77,3204.15,3209.23,7484.906
8766,2025-12-04 03:50:00+00:00,3209.23,3209.53,3206.46,3207.87,4335.432
8767,2025-12-04 03:55:00+00:00,3207.87,3208.95,3206.71,3208.57,2419.539
8768,2025-12-04 04:00:00+00:00,3208.57,3211.09,3206.0,3209.02,6014.95
8769,2025-12-04 04:05:00+00:00,3209.03,3214.94,3208.0,3214.61,4688.147
8770,2025-12-04 04:10:00+00:00,3214.6,3218.0,3210.21,3210.51,5742.274
8771,2025-12-04 04:15:00+00:00,3210.51,3211.2,3203.47,3204.13,7500.046
8772,2025-12-04 04:20:00+00:00,3204.12,3204.99,3201.66,3204.21,8755.815
8773,2025-12-04 04:25:00+00:00,3204.21,3208.0,3203.72,3206.15,5643.507
8774,2025-12-04 04:30:00+00:00,3206.16,3209.71,3203.69,3204.89,7215.073
8775,2025-12-04 04:35:00+00:00,3204.9,3206.22,3199.11,3199.64,9925.308
8776,2025-12-04 04:40:00+00:00,3199.64,3202.66,3192.19,3196.8,20504.127
8777,2025-12-04 04:45:00+00:00,3196.81,3197.97,3188.01,3189.36,24442.527
8778,2025-12-04 04:50:00+00:00,3189.35,3193.43,3186.09,3190.91,33265.96
8779,2025-12-04 04:55:00+00:00,3190.91,3193.73,3188.52,3190.84,13844.844
8780,2025-12-04 05:00:00+00:00,3190.84,3192.54,3188.47,3191.04,7946.849
8781,2025-12-04 05:05:00+00:00,3191.03,3193.31,3186.25,3186.65,11306.496
8782,2025-12-04 05:10:00+00:00,3186.66,3189.44,3183.0,3186.78,23549.881
8783,2025-12-04 05:15:00+00:00,3186.78,3188.81,3178.32,3180.89,20489.31
8784,2025-12-04 05:20:00+00:00,3180.88,3184.55,3179.0,3184.1,18024.506
8785,2025-12-04 05:25:00+00:00,3184.11,3193.62,3184.1,3191.31,17817.34
8786,2025-12-04 05:30:00+00:00,3191.31,3191.55,3184.08,3186.0,7447.863
8787,2025-12-04 05:35:00+00:00,3186.01,3186.01,3180.35,3182.92,10888.342
8788,2025-12-04 05:40:00+00:00,3182.91,3186.62,3180.39,3180.39,11564.729
8789,2025-12-04 05:45:00+00:00,3180.39,3181.93,3178.42,3178.58,10559.421
8790,2025-12-04 05:50:00+00:00,3178.57,3180.4,3170.06,3178.9,45957.438
8791,2025-12-04 05:55:00+00:00,3178.89,3184.47,3178.89,3184.09,10155.038
8792,2025-12-04 06:00:00+00:00,3184.1,3186.75,3179.44,3179.57,9931.318
8793,2025-12-04 06:05:00+00:00,3179.56,3184.17,3179.56,3181.82,6086.327
8794,2025-12-04 06:10:00+00:00,3181.82,3185.52,3181.82,3185.18,8092.268
8795,2025-12-04 06:15:00+00:00,3185.18,3189.44,3184.62,3187.16,11477.477
8796,2025-12-04 06:20:00+00:00,3187.15,3202.57,3186.0,3193.26,39281.855
8797,2025-12-04 06:25:00+00:00,3193.26,3204.37,3193.26,3202.41,23646.269
8798,2025-12-04 06:30:00+00:00,3202.37,3215.54,3202.37,3213.89,32229.069
8799,2025-12-04 06:35:00+00:00,3213.89,3219.33,3210.4,3211.27,20564.536
8800,2025-12-04 06:40:00+00:00,3211.27,3215.62,3203.3,3206.22,24425.912
8801,2025-12-04 06:45:00+00:00,3206.21,3208.41,3202.24,3206.65,12939.899
8802,2025-12-04 06:50:00+00:00,3206.66,3211.05,3203.76,3205.91,10550.713
8803,2025-12-04 06:55:00+00:00,3205.9,3206.13,3202.56,3203.81,3391.871
8804,2025-12-04 07:00:00+00:00,3203.81,3204.11,3197.58,3198.79,15364.152
8805,2025-12-04 07:05:00+00:00,3198.78,3201.71,3194.08,3194.09,11050.346
8806,2025-12-04 07:10:00+00:00,3194.08,3197.06,3179.02,3188.49,40466.051
8807,2025-12-04 07:15:00+00:00,3188.49,3204.72,3184.61,3201.01,37420.221
8808,2025-12-04 07:20:00+00:00,3201.01,3202.0,3192.75,3194.56,9632.736
8809,2025-12-04 07:25:00+00:00,3194.57,3198.94,3194.56,3195.3,4336.977
8810,2025-12-04 07:30:00+00:00,3195.3,3198.57,3193.29,3195.99,9104.109
8811,2025-12-04 07:35:00+00:00,3195.99,3199.63,3195.99,3197.32,6011.938
8812,2025-12-04 07:40:00+00:00,3197.32,3201.25,3196.11,3196.4,5743.786
8813,2025-12-04 07:45:00+00:00,3196.4,3196.88,3190.19,3192.0,5290.428
8814,2025-12-04 07:50:00+00:00,3192.0,3193.2,3189.53,3189.55,4592.819
8815,2025-12-04 07:55:00+00:00,3189.56,3190.64,3187.61,3189.02,6562.227
8816,2025-12-04 08:00:00+00:00,3189.01,3195.88,3182.73,3194.62,11660.325
8817,2025-12-04 08:05:00+00:00,3194.62,3195.17,3181.13,3181.97,15334.568
8818,2025-12-04 08:10:00+00:00,3181.97,3183.4,3173.45,3178.6,18332.347
8819,2025-12-04 08:15:00+00:00,3178.6,3184.23,3177.52,3183.88,10037.351
8820,2025-12-04 08:20:00+00:00,3183.88,3185.64,3182.0,3182.01,5177.527
8821,2025-12-04 08:25:00+00:00,3182.0,3183.16,3178.34,3179.0,7457.505
8822,2025-12-04 08:30:00+00:00,3179.0,3180.05,3174.15,3180.05,11470.507
8823,2025-12-04 08:35:00+00:00,3180.04,3186.3,3180.04,3185.02,7441.977
8824,2025-12-04 08:40:00+00:00,3185.01,3190.45,3184.39,3188.06,8850.922
8825,2025-12-04 08:45:00+00:00,3188.06,3188.76,3185.0,3185.0,4018.784
8826,2025-12-04 08:50:00+00:00,3185.0,3185.0,3178.88,3179.69,6339.608
8827,2025-12-04 08:55:00+00:00,3179.69,3183.03,3179.05,3183.0,4798.71
8828,2025-12-04 09:00:00+00:00,3183.01,3185.96,3181.72,3184.66,5486.284
8829,2025-12-04 09:05:00+00:00,3184.66,3198.0,3184.06,3195.58,17761.047
8830,2025-12-04 09:10:00+00:00,3195.58,3197.75,3191.01,3191.24,9302.794
8831,2025-12-04 09:15:00+00:00,3191.23,3192.51,3185.18,3187.0,7035.433
8832,2025-12-04 09:20:00+00:00,3187.0,3194.7,3187.0,3193.19,5227.654
8833,2025-12-04 09:25:00+00:00,3193.2,3195.0,3191.87,3193.82,2820.664
8834,2025-12-04 09:30:00+00:00,3193.83,3199.92,3193.83,3198.48,8329.171
8835,2025-12-04 09:35:00+00:00,3198.45,3205.0,3196.53,3200.99,11285.661
8836,2025-12-04 09:40:00+00:00,3200.99,3207.59,3199.38,3206.66,14602.956
8837,2025-12-04 09:45:00+00:00,3206.66,3206.67,3199.79,3201.1,7989.33
8838,2025-12-04 09:50:00+00:00,3201.11,3204.74,3201.11,3204.36,6859.908
8839,2025-12-04 09:55:00+00:00,3204.36,3204.36,3198.01,3198.64,6164.145
8840,2025-12-04 10:00:00+00:00,3198.65,3202.64,3198.1,3201.6,5764.109
8841,2025-12-04 10:05:00+00:00,3201.59,3201.59,3194.59,3199.66,6310.008
8842,2025-12-04 10:10:00+00:00,3199.67,3200.59,3196.11,3197.09,5014.938
8843,2025-12-04 10:15:00+00:00,3197.09,3197.1,3191.44,3191.89,6466.284
8844,2025-12-04 10:20:00+00:00,3191.89,3199.62,3191.77,3196.01,7690.768
8845,2025-12-04 10:25:00+00:00,3196.0,3199.56,3195.19,3196.5,2691.078
8846,2025-12-04 10:30:00+00:00,3196.5,3198.18,3193.34,3195.44,3788.021
8847,2025-12-04 10:35:00+00:00,3195.43,3196.5,3193.12,3194.13,3624.684
8848,2025-12-04 10:40:00+00:00,3194.12,3194.46,3189.0,3191.97,6827.623
8849,2025-12-04 10:45:00+00:00,3191.97,3194.39,3185.88,3186.97,9604.578
8850,2025-12-04 10:50:00+00:00,3186.98,3187.78,3183.55,3186.71,8906.252
8851,2025-12-04 10:55:00+00:00,3186.72,3188.6,3186.15,3187.28,3961.428
8852,2025-12-04 11:00:00+00:00,3187.28,3187.29,3183.55,3186.76,5817.281
8853,2025-12-04 11:05:00+00:00,3186.76,3188.82,3182.46,3187.98,7772.864
8854,2025-12-04 11:10:00+00:00,3187.98,3191.27,3186.38,3190.29,6044.174
8855,2025-12-04 11:15:00+00:00,3190.28,3191.01,3187.33,3188.87,3568.321
8856,2025-12-04 11:20:00+00:00,3188.86,3190.3,3184.42,3187.23,4206.828
8857,2025-12-04 11:25:00+00:00,3187.24,3190.1,3183.0,3190.02,8840.457
8858,2025-12-04 11:30:00+00:00,3190.02,3193.66,3178.24,3179.37,18273.229
8859,2025-12-04 11:35:00+00:00,3179.38,3185.36,3178.36,3182.69,13137.179
8860,2025-12-04 11:40:00+00:00,3182.68,3182.69,3175.55,3180.72,9981.1
8861,2025-12-04 11:45:00+00:00,3180.72,3186.84,3177.29,3184.77,8845.091
8862,2025-12-04 11:50:00+00:00,3184.76,3187.06,3182.86,3187.06,6503.396
8863,2025-12-04 11:55:00+00:00,3187.06,3187.06,3182.52,3185.09,3984.103
8864,2025-12-04 12:00:00+00:00,3185.09,3190.87,3184.08,3187.81,7409.898
8865,2025-12-04 12:05:00+00:00,3187.81,3190.33,3186.05,3188.33,5072.19
8866,2025-12-04 12:10:00+00:00,3188.33,3191.61,3186.0,3188.69,5485.618
8867,2025-12-04 12:15:00+00:00,3188.69,3192.67,3182.35,3182.83,6814.413
8868,2025-12-04 12:20:00+00:00,3182.82,3183.2,3175.99,3178.01,19965.212
8869,2025-12-04 12:25:00+00:00,3178.01,3179.12,3176.44,3178.09,9172.422
8870,2025-12-04 12:30:00+00:00,3178.1,3180.92,3176.0,3178.83,6941.899
8871,2025-12-04 12:35:00+00:00,3178.84,3183.3,3177.7,3179.16,8518.957
8872,2025-12-04 12:40:00+00:00,3179.15,3186.44,3179.15,3182.22,6549.379
8873,2025-12-04 12:45:00+00:00,3182.22,3183.82,3176.58,3177.46,6425.43
8874,2025-12-04 12:50:00+00:00,3177.45,3180.3,3176.0,3177.16,3943.168
8875,2025-12-04 12:55:00+00:00,3177.16,3178.82,3171.56,3175.42,13640.632
8876,2025-12-04 13:00:00+00:00,3175.41,3178.8,3154.27,3161.28,68767.999
8877,2025-12-04 13:05:00+00:00,3161.28,3166.4,3158.73,3160.29,32977.846
8878,2025-12-04 13:10:00+00:00,3160.3,3167.8,3159.99,3162.83,17428.722
8879,2025-12-04 13:15:00+00:00,3162.83,3170.58,3162.64,3170.0,12067.229
8880,2025-12-04 13:20:00+00:00,3170.0,3184.88,3168.2,3182.67,23774.181
8881,2025-12-04 13:25:00+00:00,3182.68,3189.62,3180.0,3184.21,27663.909
8882,2025-12-04 13:30:00+00:00,3184.21,3187.9,3179.39,3180.31,23560.266
8883,2025-12-04 13:35:00+00:00,3180.32,3180.32,3170.53,3178.76,14341.439
8884,2025-12-04 13:40:00+00:00,3178.75,3182.43,3172.77,3173.36,8358.619
8885,2025-12-04 13:45:00+00:00,3173.36,3174.94,3165.59,3167.3,23251.897
8886,2025-12-04 13:50:00+00:00,3167.29,3174.17,3166.0,3172.74,11092.908
8887,2025-12-04 13:55:00+00:00,3172.74,3176.14,3169.0,3169.39,7107.525
8888,2025-12-04 14:00:00+00:00,3169.39,3174.19,3167.42,3168.2,10259.886
8889,2025-12-04 14:05:00+00:00,3168.2,3181.0,3167.48,3177.71,11521.48
8890,2025-12-04 14:10:00+00:00,3177.72,3180.22,3173.9,3177.16,5284.987
8891,2025-12-04 14:15:00+00:00,3177.17,3178.11,3174.57,3175.5,6318.744
8892,2025-12-04 14:20:00+00:00,3175.49,3185.7,3174.28,3177.75,14970.995
8893,2025-12-04 14:25:00+00:00,3177.75,3187.66,3177.41,3185.2,12450.484
8894,2025-12-04 14:30:00+00:00,3185.2,3185.58,3167.84,3168.12,34309.022
8895,2025-12-04 14:35:00+00:00,3168.13,3183.0,3165.22,3169.71,26534.653
8896,2025-12-04 14:40:00+00:00,3169.75,3181.32,3169.75,3175.01,15814.965
8897,2025-12-04 14:45:00+00:00,3175.01,3179.79,3174.0,3174.0,20570.656
8898,2025-12-04 14:50:00+00:00,3174.0,3175.91,3145.0,3149.22,102689.974
8899,2025-12-04 14:55:00+00:00,3149.21,3158.93,3138.15,3143.01,78122.757
8900,2025-12-04 15:00:00+00:00,3143.0,3155.0,3142.47,3154.73,35192.015
8901,2025-12-04 15:05:00+00:00,3154.72,3177.28,3153.1,3168.0,59256.34
8902,2025-12-04 15:10:00+00:00,3168.0,3183.67,3166.59,3178.6,37520.372
8903,2025-12-04 15:15:00+00:00,3178.59,3186.47,3168.9,3181.81,30386.62
8904,2025-12-04 15:20:00+00:00,3181.8,3183.99,3174.64,3175.1,20529.819
8905,2025-12-04 15:25:00+00:00,3175.09,3175.1,3162.5,3171.94,39278.618
8906,2025-12-04 15:30:00+00:00,3171.93,3177.94,3168.88,3174.42,14340.52
8907,2025-12-04 15:35:00+00:00,3174.43,3227.66,3174.43,3218.0,121531.496
8908,2025-12-04 15:40:00+00:00,3218.01,3218.13,3202.1,3213.38,62530.539
8909,2025-12-04 15:45:00+00:00,3213.38,3215.5,3196.25,3199.36,35457.711
8910,2025-12-04 15:50:00+00:00,3199.36,3210.0,3194.53,3208.68,23818.433
8911,2025-12-04 15:55:00+00:00,3208.68,3213.23,3205.47,3206.56,20079.683
8912,2025-12-04 16:00:00+00:00,3206.56,3209.53,3188.0,3190.0,47241.748
8913,2025-12-04 16:05:00+00:00,3189.99,3203.65,3184.0,3201.24,33324.693
8914,2025-12-04 16:10:00+00:00,3201.24,3201.93,3191.99,3194.19,16340.797
8915,2025-12-04 16:15:00+00:00,3194.18,3212.98,3193.12,3212.55,18148.62
8916,2025-12-04 16:20:00+00:00,3212.54,3225.0,3207.52,3220.66,36402.973
8917,2025-12-04 16:25:00+00:00,3220.65,3222.64,3207.1,3208.45,29014.097
8918,2025-12-04 16:30:00+00:00,3208.44,3208.44,3193.75,3194.39,47301.485
8919,2025-12-04 16:35:00+00:00,3194.39,3198.6,3176.77,3182.82,62848.39
8920,2025-12-04 16:40:00+00:00,3182.83,3184.05,3172.18,3178.53,31742.447
8921,2025-12-04 16:45:00+00:00,3178.52,3188.93,3166.0,3168.74,53157.22
8922,2025-12-04 16:50:00+00:00,3168.75,3175.0,3163.0,3164.63,39355.755
8923,2025-12-04 16:55:00+00:00,3164.63,3169.0,3157.14,3167.16,22203.993
8924,2025-12-04 17:00:00+00:00,3167.16,3174.1,3162.22,3163.75,22894.533
8925,2025-12-04 17:05:00+00:00,3163.76,3166.03,3158.35,3163.81,14326.578
8926,2025-12-04 17:10:00+00:00,3163.82,3171.58,3159.15,3169.3,17443.099
8927,2025-12-04 17:15:00+00:00,3169.3,3170.86,3155.35,3161.0,19994.357
8928,2025-12-04 17:20:00+00:00,3161.0,3165.95,3161.0,3163.45,13055.875
8929,2025-12-04 17:25:00+00:00,3163.46,3165.3,3158.71,3161.32,5468.295
8930,2025-12-04 17:30:00+00:00,3161.32,3161.32,3148.0,3156.12,41603.244
8931,2025-12-04 17:35:00+00:00,3156.13,3165.0,3142.18,3142.75,36629.088
8932,2025-12-04 17:40:00+00:00,3142.75,3149.76,3131.01,3149.76,49529.68
8933,2025-12-04 17:45:00+00:00,3149.76,3149.85,3141.18,3146.82,16657.285
8934,2025-12-04 17:50:00+00:00,3146.82,3158.48,3143.0,3158.48,19689.316
8935,2025-12-04 17:55:00+00:00,3158.47,3161.55,3155.87,3159.2,14141.842
8936,2025-12-04 18:00:00+00:00,3159.21,3159.78,3150.57,3153.37,13112.25
8937,2025-12-04 18:05:00+00:00,3153.38,3157.07,3144.76,3149.86,13908.561
8938,2025-12-04 18:10:00+00:00,3149.86,3156.71,3146.84,3154.12,7615.715
8939,2025-12-04 18:15:00+00:00,3154.12,3154.41,3145.06,3147.25,7060.032
8940,2025-12-04 18:20:00+00:00,3147.25,3164.07,3147.24,3162.75,12069.033
8941,2025-12-04 18:25:00+00:00,3162.76,3162.76,3153.03,3156.63,12165.192
8942,2025-12-04 18:30:00+00:00,3156.62,3161.5,3154.45,3158.39,8503.548
8943,2025-12-04 18:35:00+00:00,3158.4,3162.93,3156.3,3156.64,5962.886
8944,2025-12-04 18:40:00+00:00,3156.65,3156.65,3135.55,3137.33,33324.96
8945,2025-12-04 18:45:00+00:00,3137.33,3142.86,3135.23,3140.32,15410.336
8946,2025-12-04 18:50:00+00:00,3140.32,3146.26,3131.18,3136.21,16097.79
8947,2025-12-04 18:55:00+00:00,3136.21,3141.28,3132.23,3139.7,14059.557
8948,2025-12-04 19:00:00+00:00,3139.7,3140.98,3123.0,3126.15,35824.613
8949,2025-12-04 19:05:00+00:00,3126.14,3130.99,3120.5,3121.59,22923.967
8950,2025-12-04 19:10:00+00:00,3121.58,3121.91,3081.63,3088.53,133736.186
8951,2025-12-04 19:15:00+00:00,3088.53,3098.16,3075.58,3076.78,66919.454
8952,2025-12-04 19:20:00+00:00,3076.78,3081.4,3064.81,3070.74,85095.557
8953,2025-12-04 19:25:00+00:00,3070.74,3097.8,3070.0,3092.04,58751.931
8954,2025-12-04 19:30:00+00:00,3092.04,3112.64,3087.33,3100.5,58494.253
8955,2025-12-04 19:35:00+00:00,3100.5,3119.64,3100.5,3115.11,50506.026
8956,2025-12-04 19:40:00+00:00,3115.11,3117.6,3109.87,3113.52,20059.938
8957,2025-12-04 19:45:00+00:00,3113.52,3127.94,3113.51,3124.79,34121.264
8958,2025-12-04 19:50:00+00:00,3124.79,3125.66,3115.81,3122.62,13504.546
8959,2025-12-04 19:55:00+00:00,3122.64,3122.99,3117.22,3117.66,6901.985
8960,2025-12-04 20:00:00+00:00,3117.66,3127.7,3114.08,3115.76,16050.431
8961,2025-12-04 20:05:00+00:00,3115.76,3120.0,3104.05,3118.31,40067.171
8962,2025-12-04 20:10:00+00:00,3118.3,3120.39,3112.05,3114.96,11384.01
8963,2025-12-04 20:15:00+00:00,3114.95,3118.39,3107.7,3118.39,9984.49
8964,2025-12-04 20:20:00+00:00,3118.4,3121.28,3110.41,3117.53,9942.532
8965,2025-12-04 20:25:00+00:00,3117.53,3125.5,3115.0,3115.0,9953.794
8966,2025-12-04 20:30:00+00:00,3115.0,3126.56,3112.23,3121.76,10180.491
8967,2025-12-04 20:35:00+00:00,3121.76,3128.3,3119.18,3126.04,10122.42
8968,2025-12-04 20:40:00+00:00,3126.04,3133.43,3120.15,3129.13,19051.298
8969,2025-12-04 20:45:00+00:00,3129.13,3139.5,3128.96,3135.79,19630.637
8970,2025-12-04 20:50:00+00:00,3135.79,3144.59,3135.04,3137.24,21714.464
8971,2025-12-04 20:55:00+00:00,3137.24,3141.52,3136.91,3139.53,11855.685
8972,2025-12-04 21:00:00+00:00,3139.53,3142.97,3135.21,3139.94,9509.018
8973,2025-12-04 21:05:00+00:00,3139.95,3150.47,3137.63,3147.1,16993.448
8974,2025-12-04 21:10:00+00:00,3147.11,3148.33,3136.09,3139.12,11585.547
8975,2025-12-04 21:15:00+00:00,3139.13,3143.99,3138.26,3140.81,4126.288
8976,2025-12-04 21:20:00+00:00,3140.81,3140.82,3132.0,3132.73,12034.457
8977,2025-12-04 21:25:00+00:00,3132.74,3133.85,3128.93,3129.33,6510.03
8978,2025-12-04 21:30:00+00:00,3129.32,3133.79,3125.07,3132.47,7156.16
8979,2025-12-04 21:35:00+00:00,3132.47,3140.44,3130.26,3139.42,6907.018
8980,2025-12-04 21:40:00+00:00,3139.45,3139.95,3131.71,3133.47,4248.878
8981,2025-12-04 21:45:00+00:00,3133.47,3133.65,3126.29,3127.12,8313.82
8982,2025-12-04 21:50:00+00:00,3127.12,3128.76,3121.92,3124.54,12291.086
8983,2025-12-04 21:55:00+00:00,3124.54,3125.0,3117.11,3122.0,12371.897
8984,2025-12-04 22:00:00+00:00,3121.99,3134.01,3121.92,3127.21,16052.674
8985,2025-12-04 22:05:00+00:00,3127.21,3133.89,3126.2,3133.88,4553.818
8986,2025-12-04 22:10:00+00:00,3133.89,3137.54,3130.7,3132.57,6540.815
8987,2025-12-04 22:15:00+00:00,3132.57,3140.99,3131.21,3140.8,5405.799
8988,2025-12-04 22:20:00+00:00,3140.81,3140.81,3132.45,3136.19,5671.576
8989,2025-12-04 22:25:00+00:00,3136.2,3140.0,3133.51,3139.35,8569.433
8990,2025-12-04 22:30:00+00:00,3139.36,3148.17,3137.65,3146.77,7228.566
8991,2025-12-04 22:35:00+00:00,3146.76,3147.82,3141.62,3143.0,6520.578
8992,2025-12-04 22:40:00+00:00,3143.0,3145.98,3139.0,3143.63,4875.907
8993,2025-12-04 22:45:00+00:00,3143.64,3145.29,3138.84,3142.99,3271.519
8994,2025-12-04 22:50:00+00:00,3142.99,3146.58,3142.0,3143.42,3138.137
8995,2025-12-04 22:55:00+00:00,3143.43,3145.0,3140.14,3142.57,3052.756
8996,2025-12-04 23:00:00+00:00,3142.58,3143.15,3134.94,3140.1,10198.798
8997,2025-12-04 23:05:00+00:00,3140.09,3143.0,3136.0,3136.01,3212.362
8998,2025-12-04 23:10:00+00:00,3136.0,3137.25,3132.32,3135.35,4935.562
8999,2025-12-04 23:15:00+00:00,3135.36,3140.17,3135.06,3135.9,4843.959
9000,2025-12-04 23:20:00+00:00,3135.89,3138.97,3134.77,3136.93,1918.916
9001,2025-12-04 23:25:00+00:00,3136.93,3138.48,3135.01,3136.67,2706.647
9002,2025-12-04 23:30:00+00:00,3136.68,3140.81,3136.0,3136.13,2969.128
9003,2025-12-04 23:35:00+00:00,3136.13,3139.0,3135.24,3136.35,2057.907
9004,2025-12-04 23:40:00+00:00,3136.34,3136.35,3126.77,3131.91,9305.855
9005,2025-12-04 23:45:00+00:00,3131.9,3134.0,3129.0,3133.99,3509.74
9006,2025-12-04 23:50:00+00:00,3134.0,3134.92,3131.0,3132.16,3194.625
9007,2025-12-04 23:55:00+00:00,3132.16,3133.52,3131.26,3132.01,2794.457
9008,2025-12-05 00:00:00+00:00,3132.01,3139.75,3131.48,3138.13,14853.505
9009,2025-12-05 00:05:00+00:00,3138.14,3143.06,3135.2,3137.88,7260.29
9010,2025-12-05 00:10:00+00:00,3137.87,3139.55,3131.05,3132.48,5256.038
9011,2025-12-05 00:15:00+00:00,3132.47,3137.57,3132.39,3136.35,5244.464
9012,2025-12-05 00:20:00+00:00,3136.36,3156.5,3134.06,3151.92,19909.892
9013,2025-12-05 00:25:00+00:00,3151.92,3151.93,3143.99,3145.01,10683.122
9014,2025-12-05 00:30:00+00:00,3145.01,3151.6,3143.19,3146.78,9054.7
9015,2025-12-05 00:35:00+00:00,3146.78,3152.16,3143.22,3148.15,9342.343
9016,2025-12-05 00:40:00+00:00,3148.15,3151.66,3148.15,3151.11,4777.248
9017,2025-12-05 00:45:00+00:00,3151.11,3151.11,3146.59,3149.6,4508.143
9018,2025-12-05 00:50:00+00:00,3149.6,3150.0,3144.64,3145.51,3984.628
9019,2025-12-05 00:55:00+00:00,3145.51,3147.97,3144.18,3145.22,3841.899
9020,2025-12-05 01:00:00+00:00,3145.23,3148.14,3142.02,3147.78,3820.239
9021,2025-12-05 01:05:00+00:00,3147.78,3156.98,3147.77,3155.34,13391.207
9022,2025-12-05 01:10:00+00:00,3155.35,3155.35,3146.24,3148.66,5417.503
9023,2025-12-05 01:15:00+00:00,3148.67,3158.74,3148.33,3154.43,8381.282
9024,2025-12-05 01:20:00+00:00,3154.44,3158.0,3150.4,3157.38,4704.452
9025,2025-12-05 01:25:00+00:00,3157.38,3168.7,3156.48,3163.33,27129.764
9026,2025-12-05 01:30:00+00:00,3163.33,3163.69,3157.57,3157.91,9758.906
9027,2025-12-05 01:35:00+00:00,3157.9,3161.16,3155.13,3161.14,5491.456
9028,2025-12-05 01:40:00+00:00,3161.15,3162.97,3158.86,3161.99,5581.66
9029,2025-12-05 01:45:00+00:00,3162.0,3168.0,3160.04,3167.23,5882.86
9030,2025-12-05 01:50:00+00:00,3167.24,3169.68,3162.09,3163.12,7224.322
9031,2025-12-05 01:55:00+00:00,3163.12,3165.33,3160.5,3162.09,4404.151
9032,2025-12-05 02:00:00+00:00,3162.08,3162.08,3154.81,3159.32,8793.132
9033,2025-12-05 02:05:00+00:00,3159.33,3161.72,3156.64,3157.79,4832.147
9034,2025-12-05 02:10:00+00:00,3157.79,3166.89,3154.68,3166.88,10108.121
9035,2025-12-05 02:15:00+00:00,3166.89,3178.02,3166.88,3174.61,26245.044
9036,2025-12-05 02:20:00+00:00,3174.61,3174.65,3168.29,3168.79,7160.546
9037,2025-12-05 02:25:00+00:00,3168.79,3176.97,3168.78,3176.56,6487.915
9038,2025-12-05 02:30:00+00:00,3176.56,3178.64,3174.16,3177.58,8144.869
9039,2025-12-05 02:35:00+00:00,3177.59,3185.67,3176.59,3183.49,15497.995
9040,2025-12-05 02:40:00+00:00,3183.49,3188.0,3181.05,3187.02,11521.345
9041,2025-12-05 02:45:00+00:00,3187.02,3187.03,3181.92,3186.14,12367.873
9042,2025-12-05 02:50:00+00:00,3186.14,3186.88,3183.0,3183.01,5265.286
9043,2025-12-05 02:55:00+00:00,3183.0,3183.8,3178.23,3181.68,7950.352
9044,2025-12-05 03:00:00+00:00,3181.68,3184.91,3180.66,3182.87,5819.901
9045,2025-12-05 03:05:00+00:00,3182.87,3190.04,3181.82,3188.7,8268.571
9046,2025-12-05 03:10:00+00:00,3188.7,3192.72,3181.78,3181.84,8986.553
9047,2025-12-05 03:15:00+00:00,3181.83,3182.49,3175.64,3178.23,12578.933
9048,2025-12-05 03:20:00+00:00,3178.23,3178.24,3169.69,3171.88,16802.374
9049,2025-12-05 03:25:00+00:00,3171.87,3175.62,3170.0,3172.61,7904.735
9050,2025-12-05 03:30:00+00:00,3172.61,3173.53,3167.61,3171.28,10563.155
9051,2025-12-05 03:35:00+00:00,3171.29,3174.08,3169.11,3173.72,6937.622
9052,2025-12-05 03:40:00+00:00,3173.73,3173.89,3168.47,3168.58,4006.403
9053,2025-12-05 03:45:00+00:00,3168.58,3171.0,3166.52,3169.8,7657.293
9054,2025-12-05 03:50:00+00:00,3169.79,3171.96,3169.5,3169.5,5269.006
9055,2025-12-05 03:55:00+00:00,3169.51,3170.56,3165.0,3169.61,11395.896
9056,2025-12-05 04:00:00+00:00,3169.61,3177.0,3169.6,3175.9,9823.87
9057,2025-12-05 04:05:00+00:00,3175.9,3178.75,3175.0,3175.39,4607.918
9058,2025-12-05 04:10:00+00:00,3175.38,3180.64,3175.38,3177.38,9679.153
9059,2025-12-05 04:15:00+00:00,3177.37,3178.82,3174.39,3175.35,3395.065
9060,2025-12-05 04:20:00+00:00,3175.35,3176.0,3167.59,3167.81,5848.821
9061,2025-12-05 04:25:00+00:00,3167.81,3170.73,3166.45,3167.81,6350.406
9062,2025-12-05 04:30:00+00:00,3167.8,3167.81,3150.43,3161.62,36443.899
9063,2025-12-05 04:35:00+00:00,3161.62,3162.79,3155.88,3157.08,10612.677
9064,2025-12-05 04:40:00+00:00,3157.07,3159.14,3153.24,3155.64,10152.478
9065,2025-12-05 04:45:00+00:00,3155.63,3156.07,3150.48,3151.49,16417.828
9066,2025-12-05 04:50:00+00:00,3151.49,3171.7,3151.29,3170.94,41754.799
9067,2025-12-05 04:55:00+00:00,3170.94,3170.94,3165.46,3167.17,13506.986
9068,2025-12-05 05:00:00+00:00,3167.18,3170.64,3165.66,3170.37,8740.156
9069,2025-12-05 05:05:00+00:00,3170.38,3172.64,3162.97,3163.0,8395.458
9070,2025-12-05 05:10:00+00:00,3162.99,3164.21,3160.7,3160.72,6799.837
9071,2025-12-05 05:15:00+00:00,3160.72,3162.3,3158.19,3158.19,6626.939
9072,2025-12-05 05:20:00+00:00,3158.19,3159.48,3153.14,3154.07,9417.245
9073,2025-12-05 05:25:00+00:00,3154.08,3157.47,3152.68,3155.85,6817.716
9074,2025-12-05 05:30:00+00:00,3155.85,3156.39,3152.0,3152.55,5939.48
9075,2025-12-05 05:35:00+00:00,3152.55,3156.98,3151.18,3155.81,6696.716
9076,2025-12-05 05:40:00+00:00,3155.8,3157.61,3154.06,3155.47,4032.78
9077,2025-12-05 05:45:00+00:00,3155.46,3157.07,3153.59,3154.85,4304.132
9078,2025-12-05 05:50:00+00:00,3154.85,3155.82,3152.0,3152.63,5628.355
9079,2025-12-05 05:55:00+00:00,3152.63,3154.81,3151.75,3154.8,3188.961
9080,2025-12-05 06:00:00+00:00,3154.8,3163.35,3154.8,3162.16,11161.996
9081,2025-12-05 06:05:00+00:00,3162.15,3171.11,3161.76,3170.55,11990.077
9082,2025-12-05 06:10:00+00:00,3170.55,3176.1,3164.72,3164.88,19207.201
9083,2025-12-05 06:15:00+00:00,3164.88,3166.63,3160.6,3160.86,5427.831
9084,2025-12-05 06:20:00+00:00,3160.87,3166.42,3160.0,3166.11,3935.879
9085,2025-12-05 06:25:00+00:00,3166.12,3167.84,3163.87,3164.74,3227.147
9086,2025-12-05 06:30:00+00:00,3164.74,3165.76,3156.86,3164.12,4464.557
9087,2025-12-05 06:35:00+00:00,3164.12,3166.63,3160.51,3161.61,4015.195
9088,2025-12-05 06:40:00+00:00,3161.62,3163.88,3161.0,3162.88,1506.948
9089,2025-12-05 06:45:00+00:00,3162.88,3166.0,3162.68,3162.68,2935.279
9090,2025-12-05 06:50:00+00:00,3162.67,3168.28,3161.3,3165.21,4634.815
9091,2025-12-05 06:55:00+00:00,3165.21,3168.34,3164.22,3167.65,3025.254
9092,2025-12-05 07:00:00+00:00,3167.65,3169.23,3164.87,3168.71,6167.718
9093,2025-12-05 07:05:00+00:00,3168.7,3181.0,3168.7,3179.0,21653.721
9094,2025-12-05 07:10:00+00:00,3179.0,3179.36,3173.56,3174.21,9995.686
9095,2025-12-05 07:15:00+00:00,3174.21,3176.0,3172.92,3174.99,7632.4
9096,2025-12-05 07:20:00+00:00,3174.99,3181.64,3174.07,3177.47,7466.013
9097,2025-12-05 07:25:00+00:00,3177.47,3181.25,3177.28,3178.53,10690.931
9098,2025-12-05 07:30:00+00:00,3178.54,3180.0,3174.91,3175.73,8134.158
9099,2025-12-05 07:35:00+00:00,3175.73,3180.35,3173.9,3176.42,11270.545
9100,2025-12-05 07:40:00+00:00,3176.42,3176.42,3171.74,3173.62,8774.022
9101,2025-12-05 07:45:00+00:00,3173.61,3173.89,3168.22,3172.77,11262.18
9102,2025-12-05 07:50:00+00:00,3172.77,3173.34,3170.32,3172.39,7043.634
9103,2025-12-05 07:55:00+00:00,3172.39,3173.1,3170.0,3172.47,5417.032
9104,2025-12-05 08:00:00+00:00,3172.47,3172.47,3162.22,3163.07,14112.549
9105,2025-12-05 08:05:00+00:00,3163.06,3166.36,3160.0,3161.35,14316.171
9106,2025-12-05 08:10:00+00:00,3161.36,3163.73,3160.0,3161.25,7269.479
9107,2025-12-05 08:15:00+00:00,3161.26,3161.45,3156.0,3159.99,12087.347
9108,2025-12-05 08:20:00+00:00,3159.98,3163.3,3157.5,3160.43,7421.556
9109,2025-12-05 08:25:00+00:00,3160.44,3162.55,3158.5,3158.56,4208.223
9110,2025-12-05 08:30:00+00:00,3158.56,3159.54,3156.45,3156.64,6627.256
9111,2025-12-05 08:35:00+00:00,3156.65,3158.66,3153.38,3156.46,11003.671
9112,2025-12-05 08:40:00+00:00,3156.46,3156.5,3140.35,3149.18,37934.624
9113,2025-12-05 08:45:00+00:00,3149.17,3153.74,3147.7,3153.51,11673.953
9114,2025-12-05 08:50:00+00:00,3153.51,3155.55,3152.12,3154.19,6143.16
9115,2025-12-05 08:55:00+00:00,3154.2,3157.04,3153.29,3153.87,6453.151
9116,2025-12-05 09:00:00+00:00,3153.88,3154.1,3142.76,3150.09,12924.799
9117,2025-12-05 09:05:00+00:00,3150.1,3151.59,3144.03,3145.97,9602.651
9118,2025-12-05 09:10:00+00:00,3145.98,3147.05,3135.33,3140.94,27688.038
9119,2025-12-05 09:15:00+00:00,3140.95,3141.47,3115.37,3119.34,85813.573
9120,2025-12-05 09:20:00+00:00,3119.35,3128.48,3112.86,3123.96,45238.937
9121,2025-12-05 09:25:00+00:00,3123.97,3123.97,3115.91,3122.2,21203.786
9122,2025-12-05 09:30:00+00:00,3122.2,3128.0,3115.02,3116.04,26385.243
9123,2025-12-05 09:35:00+00:00,3116.03,3122.98,3115.41,3121.5,14868.418
9124,2025-12-05 09:40:00+00:00,3121.5,3122.4,3106.01,3112.6,36414.542
9125,2025-12-05 09:45:00+00:00,3112.61,3114.74,3109.85,3112.75,17816.042
9126,2025-12-05 09:50:00+00:00,3112.75,3115.0,3109.39,3111.5,13884.781
9127,2025-12-05 09:55:00+00:00,3111.5,3123.61,3110.36,3120.39,33281.828
9128,2025-12-05 10:00:00+00:00,3120.39,3131.4,3119.06,3129.63,31765.905
9129,2025-12-05 10:05:00+00:00,3129.63,3138.64,3127.44,3128.71,28137.562
9130,2025-12-05 10:10:00+00:00,3128.72,3132.01,3124.9,3127.21,10374.984
9131,2025-12-05 10:15:00+00:00,3127.21,3134.39,3126.0,3128.24,11429.932
9132,2025-12-05 10:20:00+00:00,3128.24,3135.13,3128.24,3134.01,5370.571
9133,2025-12-05 10:25:00+00:00,3134.01,3144.0,3133.8,3139.0,28348.005
9134,2025-12-05 10:30:00+00:00,3138.99,3147.66,3136.96,3143.69,16632.64
9135,2025-12-05 10:35:00+00:00,3143.69,3146.74,3138.53,3140.02,13828.816
9136,2025-12-05 10:40:00+00:00,3140.03,3145.43,3139.26,3143.89,9129.952
9137,2025-12-05 10:45:00+00:00,3143.89,3144.28,3134.14,3136.67,12472.789
9138,2025-12-05 10:50:00+00:00,3136.67,3141.75,3136.14,3139.86,4902.793
9139,2025-12-05 10:55:00+00:00,3139.86,3140.7,3129.0,3133.4,19237.416
9140,2025-12-05 11:00:00+00:00,3133.41,3139.01,3125.78,3136.15,23983.278
9141,2025-12-05 11:05:00+00:00,3136.15,3141.1,3136.14,3137.54,9397.912
9142,2025-12-05 11:10:00+00:00,3137.54,3141.74,3136.57,3141.71,4473.092
9143,2025-12-05 11:15:00+00:00,3141.72,3142.0,3137.13,3138.3,3145.616
9144,2025-12-05 11:20:00+00:00,3138.3,3139.35,3122.05,3125.02,28954.988
9145,2025-12-05 11:25:00+00:00,3125.03,3129.13,3120.86,3128.1,13777.884
9146,2025-12-05 11:30:00+00:00,3128.09,3129.44,3107.17,3113.14,37743.451
9147,2025-12-05 11:35:00+00:00,3113.14,3118.91,3108.25,3118.29,24493.261
9148,2025-12-05 11:40:00+00:00,3118.3,3119.24,3115.85,3116.3,7788.226
9149,2025-12-05 11:45:00+00:00,3116.29,3140.21,3116.29,3135.52,38266.16
9150,2025-12-05 11:50:00+00:00,3135.52,3135.52,3128.7,3133.33,9767.662
9151,2025-12-05 11:55:00+00:00,3133.33,3133.9,3127.51,3130.0,6584.497
9152,2025-12-05 12:00:00+00:00,3129.99,3130.46,3124.31,3126.37,9148.017
9153,2025-12-05 12:05:00+00:00,3126.36,3134.14,3123.45,3130.89,13632.051
9154,2025-12-05 12:10:00+00:00,3130.89,3131.12,3121.11,3122.27,10687.061
9155,2025-12-05 12:15:00+00:00,3122.28,3126.39,3119.61,3121.99,9718.167
9156,2025-12-05 12:20:00+00:00,3122.0,3122.44,3116.3,3120.82,10628.893
9157,2025-12-05 12:25:00+00:00,3120.81,3123.7,3119.67,3123.1,4157.964
9158,2025-12-05 12:30:00+00:00,3123.1,3129.65,3116.94,3129.6,10113.053
9159,2025-12-05 12:35:00+00:00,3129.59,3131.55,3125.45,3129.99,11961.531
9160,2025-12-05 12:40:00+00:00,3130.0,3130.97,3123.71,3124.59,4323.863
9161,2025-12-05 12:45:00+00:00,3124.58,3128.5,3122.76,3127.95,4584.212
9162,2025-12-05 12:50:00+00:00,3127.95,3128.96,3125.85,3128.61,3125.648
9163,2025-12-05 12:55:00+00:00,3128.62,3128.76,3125.14,3126.49,2344.124
9164,2025-12-05 13:00:00+00:00,3126.5,3127.51,3111.75,3114.22,19630.468
9165,2025-12-05 13:05:00+00:00,3114.23,3131.0,3113.09,3128.61,22389.496
9166,2025-12-05 13:10:00+00:00,3128.61,3137.12,3122.92,3123.18,19956.306
9167,2025-12-05 13:15:00+00:00,3123.18,3130.0,3120.6,3128.01,9852.859
9168,2025-12-05 13:20:00+00:00,3128.01,3130.52,3125.3,3127.75,8434.519
9169,2025-12-05 13:25:00+00:00,3127.75,3127.75,3111.11,3119.43,36962.697
9170,2025-12-05 13:30:00+00:00,3119.43,3121.16,3107.0,3117.46,32875.919
9171,2025-12-05 13:35:00+00:00,3117.45,3117.45,3103.29,3105.41,22787.36
9172,2025-12-05 13:40:00+00:00,3105.41,3107.65,3086.0,3095.59,97436.69
9173,2025-12-05 13:45:00+00:00,3095.58,3097.57,3086.14,3094.61,38736.798
9174,2025-12-05 13:50:00+00:00,3094.61,3105.76,3092.1,3101.95,37608.946
9175,2025-12-05 13:55:00+00:00,3101.95,3107.5,3097.0,3097.94,16812.74
9176,2025-12-05 14:00:00+00:00,3097.95,3108.04,3096.93,3100.76,29619.347
9177,2025-12-05 14:05:00+00:00,3100.77,3111.2,3100.36,3106.25,20107.016
9178,2025-12-05 14:10:00+00:00,3106.25,3112.88,3099.0,3102.43,21392.736
9179,2025-12-05 14:15:00+00:00,3102.43,3106.17,3099.29,3104.9,13442.01
9180,2025-12-05 14:20:00+00:00,3104.9,3104.91,3096.04,3099.19,12522.704
9181,2025-12-05 14:25:00+00:00,3099.2,3106.86,3099.12,3099.44,14541.671
9182,2025-12-05 14:30:00+00:00,3099.43,3115.74,3098.76,3107.64,51196.198
9183,2025-12-05 14:35:00+00:00,3107.63,3110.77,3091.15,3092.23,34252.929
9184,2025-12-05 14:40:00+00:00,3092.23,3102.0,3081.09,3093.96,54111.48
9185,2025-12-05 14:45:00+00:00,3093.96,3106.09,3088.69,3092.25,32619.301
9186,2025-12-05 14:50:00+00:00,3092.25,3103.15,3086.93,3101.23,29081.111
9187,2025-12-05 14:55:00+00:00,3101.23,3105.1,3098.57,3102.43,17853.899
9188,2025-12-05 15:00:00+00:00,3102.42,3146.7,3102.27,3143.32,132471.816
9189,2025-12-05 15:05:00+00:00,3143.32,3157.0,3128.33,3131.5,119303.652
9190,2025-12-05 15:10:00+00:00,3131.49,3146.5,3129.0,3139.99,66937.81
9191,2025-12-05 15:15:00+00:00,3140.0,3146.42,3128.13,3132.77,45601.754
9192,2025-12-05 15:20:00+00:00,3132.76,3141.18,3130.58,3137.78,16706.37
9193,2025-12-05 15:25:00+00:00,3137.79,3138.22,3127.94,3137.74,13708.493
9194,2025-12-05 15:30:00+00:00,3137.74,3145.25,3135.5,3139.63,18617.624
9195,2025-12-05 15:35:00+00:00,3139.63,3145.89,3131.0,3134.07,23038.112
9196,2025-12-05 15:40:00+00:00,3134.07,3134.07,3121.65,3131.04,25620.992
9197,2025-12-05 15:45:00+00:00,3131.05,3131.05,3114.05,3125.88,29972.942
9198,2025-12-05 15:50:00+00:00,3125.88,3125.88,3107.55,3112.18,40452.995
9199,2025-12-05 15:55:00+00:00,3112.17,3112.17,3093.05,3105.39,56618.508
9200,2025-12-05 16:00:00+00:00,3105.39,3107.48,3089.21,3091.99,43161.435
9201,2025-12-05 16:05:00+00:00,3091.99,3091.99,3062.0,3067.5,118540.891
9202,2025-12-05 16:10:00+00:00,3067.49,3070.86,3051.0,3059.48,89055.301
9203,2025-12-05 16:15:00+00:00,3059.48,3072.83,3044.5,3064.44,108353.713
9204,2025-12-05 16:20:00+00:00,3064.44,3078.0,3061.89,3064.21,59113.26
9205,2025-12-05 16:25:00+00:00,3064.21,3074.34,3060.15,3060.15,30544.333
9206,2025-12-05 16:30:00+00:00,3060.16,3061.61,3033.0,3042.34,81597.073
9207,2025-12-05 16:35:00+00:00,3042.34,3047.62,3022.68,3030.21,82563.607
9208,2025-12-05 16:40:00+00:00,3030.2,3030.2,2996.92,3014.19,143717.569
9209,2025-12-05 16:45:00+00:00,3014.19,3022.71,3003.5,3006.17,73476.589
9210,2025-12-05 16:50:00+00:00,3006.18,3027.99,3004.11,3025.44,69576.266
9211,2025-12-05 16:55:00+00:00,3025.43,3038.99,3016.07,3031.69,78489.32
9212,2025-12-05 17:00:00+00:00,3031.69,3036.73,3027.0,3030.47,34436.983
9213,2025-12-05 17:05:00+00:00,3030.46,3031.76,3010.96,3020.8,45156.071
9214,2025-12-05 17:10:00+00:00,3020.81,3020.92,3012.31,3013.61,17744.853
9215,2025-12-05 17:15:00+00:00,3013.62,3018.0,3007.81,3013.77,20015.291
9216,2025-12-05 17:20:00+00:00,3013.76,3025.0,3010.03,3018.77,17856.246
9217,2025-12-05 17:25:00+00:00,3018.77,3018.9,3010.39,3013.72,10446.869
9218,2025-12-05 17:30:00+00:00,3013.72,3028.12,3012.66,3022.08,25719.591
9219,2025-12-05 17:35:00+00:00,3022.08,3022.09,3005.2,3014.98,24339.406
9220,2025-12-05 17:40:00+00:00,3014.98,3019.88,3010.54,3017.7,12842.585
9221,2025-12-05 17:45:00+00:00,3017.71,3029.98,3015.82,3020.26,23937.387
9222,2025-12-05 17:50:00+00:00,3020.25,3039.0,3018.97,3030.15,26802.194
9223,2025-12-05 17:55:00+00:00,3030.16,3033.0,3025.13,3032.04,17151.242
9224,2025-12-05 18:00:00+00:00,3032.05,3035.0,3025.9,3034.89,16297.422
9225,2025-12-05 18:05:00+00:00,3034.9,3062.49,3032.56,3051.76,68870.17
9226,2025-12-05 18:10:00+00:00,3051.75,3058.0,3050.0,3050.14,25727.57
9227,2025-12-05 18:15:00+00:00,3050.14,3050.98,3039.36,3042.68,26243.212
9228,2025-12-05 18:20:00+00:00,3042.68,3042.75,3025.31,3029.54,42419.918
9229,2025-12-05 18:25:00+00:00,3029.54,3030.58,3013.82,3027.36,34770.749
9230,2025-12-05 18:30:00+00:00,3027.37,3035.0,3024.6,3027.34,17294.425
9231,2025-12-05 18:35:00+00:00,3027.34,3027.34,3017.68,3021.01,16667.505
9232,2025-12-05 18:40:00+00:00,3021.01,3021.4,3007.0,3010.43,31748.001
9233,2025-12-05 18:45:00+00:00,3010.43,3017.41,3005.0,3016.87,16676.778
9234,2025-12-05 18:50:00+00:00,3016.87,3017.1,3002.4,3007.65,15817.301
9235,2025-12-05 18:55:00+00:00,3007.62,3011.0,3005.0,3006.13,8928.577
9236,2025-12-05 19:00:00+00:00,3006.14,3006.72,2978.0,2989.52,110820.651
9237,2025-12-05 19:05:00+00:00,2989.53,3000.97,2988.56,2997.01,17053.221
9238,2025-12-05 19:10:00+00:00,2997.01,3012.9,2995.7,3009.78,34393.391
9239,2025-12-05 19:15:00+00:00,3009.78,3023.62,3005.18,3018.05,38942.037
9240,2025-12-05 19:20:00+00:00,3018.05,3026.61,3015.34,3021.61,25336.645
9241,2025-12-05 19:25:00+00:00,3021.61,3029.98,3018.3,3024.43,17656.057
9242,2025-12-05 19:30:00+00:00,3024.43,3028.46,3022.59,3022.63,11388.924
9243,2025-12-05 19:35:00+00:00,3022.62,3030.0,3021.81,3028.59,8369.877
9244,2025-12-05 19:40:00+00:00,3028.6,3034.5,3025.0,3029.13,19316.366
9245,2025-12-05 19:45:00+00:00,3029.13,3030.67,3023.78,3029.24,8915.096
9246,2025-12-05 19:50:00+00:00,3029.24,3034.28,3028.97,3032.26,8116.316
9247,2025-12-05 19:55:00+00:00,3032.26,3046.8,3032.01,3037.09,34757.892
9248,2025-12-05 20:00:00+00:00,3037.09,3040.3,3033.86,3036.75,12563.215
9249,2025-12-05 20:05:00+00:00,3036.75,3037.59,3029.21,3030.03,13149.908
9250,2025-12-05 20:10:00+00:00,3030.03,3041.64,3026.09,3041.37,14414.202
9251,2025-12-05 20:15:00+00:00,3041.37,3045.17,3037.94,3043.19,10882.184
9252,2025-12-05 20:20:00+00:00,3043.18,3047.8,3041.02,3047.79,8737.267
9253,2025-12-05 20:25:00+00:00,3047.79,3047.8,3036.79,3039.01,13277.929
9254,2025-12-05 20:30:00+00:00,3039.02,3039.63,3031.2,3033.04,8826.494
9255,2025-12-05 20:35:00+00:00,3033.04,3034.56,3021.8,3023.46,13811.01
9256,2025-12-05 20:40:00+00:00,3023.45,3028.0,3022.22,3022.22,9102.977
9257,2025-12-05 20:45:00+00:00,3022.22,3023.13,3015.8,3017.97,14162.23
9258,2025-12-05 20:50:00+00:00,3017.98,3020.48,3013.14,3018.71,13909.316
9259,2025-12-05 20:55:00+00:00,3018.72,3024.84,3018.72,3020.83,11192.775
9260,2025-12-05 21:00:00+00:00,3020.85,3036.14,3019.86,3029.86,17395.442
9261,2025-12-05 21:05:00+00:00,3029.86,3031.59,3024.13,3026.51,8462.532
9262,2025-12-05 21:10:00+00:00,3026.52,3035.36,3024.72,3031.85,9679.878
9263,2025-12-05 21:15:00+00:00,3031.85,3033.47,3028.37,3032.71,4586.368
9264,2025-12-05 21:20:00+00:00,3032.7,3035.49,3025.51,3026.14,7460.904
9265,2025-12-05 21:25:00+00:00,3026.14,3029.5,3025.76,3027.27,4287.445
9266,2025-12-05 21:30:00+00:00,3027.27,3030.09,3021.32,3027.32,8810.793
9267,2025-12-05 21:35:00+00:00,3027.33,3028.94,3023.4,3024.62,4069.299
9268,2025-12-05 21:40:00+00:00,3024.63,3026.11,3023.0,3023.0,3072.178
9269,2025-12-05 21:45:00+00:00,3023.0,3024.16,3017.0,3017.0,6453.915
9270,2025-12-05 21:50:00+00:00,3017.01,3018.25,3013.0,3017.8,7350.923
9271,2025-12-05 21:55:00+00:00,3017.8,3021.21,3015.57,3018.81,4582.131
9272,2025-12-05 22:00:00+00:00,3018.81,3019.8,3011.57,3016.21,6560.161
9273,2025-12-05 22:05:00+00:00,3016.2,3021.8,3014.11,3020.23,4750.819
9274,2025-12-05 22:10:00+00:00,3020.24,3020.24,3008.1,3010.44,8068.723
9275,2025-12-05 22:15:00+00:00,3010.44,3022.22,3010.44,3021.81,4280.399
9276,2025-12-05 22:20:00+00:00,3021.81,3024.4,3019.78,3021.2,3811.656
9277,2025-12-05 22:25:00+00:00,3021.2,3025.0,3020.34,3024.79,2427.119
9278,2025-12-05 22:30:00+00:00,3024.79,3028.49,3018.05,3021.87,4349.383
9279,2025-12-05 22:35:00+00:00,3021.87,3028.24,3021.87,3028.0,2457.27
9280,2025-12-05 22:40:00+00:00,3028.0,3030.64,3026.45,3029.43,3079.512
9281,2025-12-05 22:45:00+00:00,3029.42,3029.88,3027.25,3029.31,1654.12
9282,2025-12-05 22:50:00+00:00,3029.31,3031.39,3024.06,3028.1,3065.755
9283,2025-12-05 22:55:00+00:00,3028.09,3029.11,3024.01,3025.43,3041.724
9284,2025-12-05 23:00:00+00:00,3025.44,3026.06,3014.07,3014.08,7513.339
9285,2025-12-05 23:05:00+00:00,3014.08,3015.61,3005.12,3012.57,15891.702
9286,2025-12-05 23:10:00+00:00,3012.56,3014.09,3008.39,3010.05,4875.759
9287,2025-12-05 23:15:00+00:00,3010.05,3013.85,3010.05,3013.84,2760.851
9288,2025-12-05 23:20:00+00:00,3013.85,3013.85,3009.4,3010.39,3212.607
9289,2025-12-05 23:25:00+00:00,3010.39,3024.65,3010.39,3021.25,9108.536
9290,2025-12-05 23:30:00+00:00,3021.26,3021.79,3019.05,3019.49,2859.477
9291,2025-12-05 23:35:00+00:00,3019.48,3024.11,3019.48,3021.72,3488.121
9292,2025-12-05 23:40:00+00:00,3021.72,3022.71,3016.68,3016.75,2262.23
9293,2025-12-05 23:45:00+00:00,3016.74,3022.96,3016.19,3022.33,4781.761
9294,2025-12-05 23:50:00+00:00,3022.34,3023.1,3020.12,3020.72,2355.046
9295,2025-12-05 23:55:00+00:00,3020.72,3023.06,3020.12,3020.38,1891.392
9296,2025-12-06 00:00:00+00:00,3020.38,3020.66,3014.6,3018.78,7486.175
9297,2025-12-06 00:05:00+00:00,3018.78,3022.0,3018.68,3019.36,3208.294
9298,2025-12-06 00:10:00+00:00,3019.35,3019.68,3011.35,3015.77,5719.823
9299,2025-12-06 00:15:00+00:00,3015.78,3018.75,3013.35,3015.56,3399.62
9300,2025-12-06 00:20:00+00:00,3015.57,3016.63,3011.0,3012.77,4638.349
9301,2025-12-06 00:25:00+00:00,3012.77,3015.55,3012.0,3014.53,3241.582
9302,2025-12-06 00:30:00+00:00,3014.52,3022.99,3013.79,3022.61,4557.656
9303,2025-12-06 00:35:00+00:00,3022.61,3026.01,3017.66,3025.0,5814.08
9304,2025-12-06 00:40:00+00:00,3025.0,3027.67,3022.38,3027.39,4125.086
9305,2025-12-06 00:45:00+00:00,3027.39,3027.39,3022.36,3022.95,4313.079
9306,2025-12-06 00:50:00+00:00,3022.94,3024.57,3021.03,3024.5,3569.012
9307,2025-12-06 00:55:00+00:00,3024.5,3026.16,3024.3,3024.7,2861.724
9308,2025-12-06 01:00:00+00:00,3024.71,3025.27,3021.87,3023.0,2379.112
9309,2025-12-06 01:05:00+00:00,3022.99,3029.6,3020.19,3029.45,3394.075
9310,2025-12-06 01:10:00+00:00,3029.46,3029.46,3027.0,3028.27,3674.968
9311,2025-12-06 01:15:00+00:00,3028.27,3030.79,3027.34,3027.35,4977.806
9312,2025-12-06 01:20:00+00:00,3027.36,3032.55,3026.22,3027.26,6500.817
9313,2025-12-06 01:25:00+00:00,3027.27,3027.77,3022.1,3026.52,4286.944
9314,2025-12-06 01:30:00+00:00,3026.52,3026.52,3019.33,3021.19,4528.014
9315,2025-12-06 01:35:00+00:00,3021.19,3023.17,3017.55,3023.16,4583.909
9316,2025-12-06 01:40:00+00:00,3023.16,3023.16,3018.33,3021.05,2412.389
9317,2025-12-06 01:45:00+00:00,3021.06,3027.01,3020.28,3026.58,3603.018
9318,2025-12-06 01:50:00+00:00,3026.59,3027.9,3024.0,3024.52,2649.534
9319,2025-12-06 01:55:00+00:00,3024.52,3026.35,3024.01,3025.54,1899.277
9320,2025-12-06 02:00:00+00:00,3025.53,3025.54,3021.34,3021.74,3449.405
9321,2025-12-06 02:05:00+00:00,3021.73,3022.68,3017.03,3022.45,6930.26
9322,2025-12-06 02:10:00+00:00,3022.45,3023.51,3019.15,3022.01,4745.677
9323,2025-12-06 02:15:00+00:00,3022.01,3022.95,3019.44,3020.88,3298.15
9324,2025-12-06 02:20:00+00:00,3020.87,3025.98,3019.4,3022.32,6695.628
9325,2025-12-06 02:25:00+00:00,3022.31,3022.32,3019.3,3021.25,1688.796
9326,2025-12-06 02:30:00+00:00,3021.25,3024.46,3019.72,3023.74,2130.947
9327,2025-12-06 02:35:00+00:00,3023.74,3028.59,3023.67,3025.26,6253.293
9328,2025-12-06 02:40:00+00:00,3025.26,3027.99,3025.25,3025.47,3706.393
9329,2025-12-06 02:45:00+00:00,3025.46,3027.36,3025.43,3026.49,1952.664
9330,2025-12-06 02:50:00+00:00,3026.49,3029.35,3024.45,3028.57,4972.176
9331,2025-12-06 02:55:00+00:00,3028.57,3028.57,3026.16,3027.91,2130.286
9332,2025-12-06 03:00:00+00:00,3027.91,3034.99,3026.44,3033.19,7654.227
9333,2025-12-06 03:05:00+00:00,3033.18,3043.75,3032.53,3043.32,19138.49
9334,2025-12-06 03:10:00+00:00,3043.32,3044.8,3041.0,3041.54,10439.802
9335,2025-12-06 03:15:00+00:00,3041.55,3043.13,3035.81,3036.36,8968.633
9336,2025-12-06 03:20:00+00:00,3036.36,3041.25,3036.36,3038.19,8514.091
9337,2025-12-06 03:25:00+00:00,3038.2,3038.2,3032.1,3034.16,5778.865
9338,2025-12-06 03:30:00+00:00,3034.17,3040.53,3032.98,3039.58,5767.941
9339,2025-12-06 03:35:00+00:00,3039.59,3039.8,3035.65,3038.64,9444.991
9340,2025-12-06 03:40:00+00:00,3038.64,3039.79,3035.23,3037.66,6668.287
9341,2025-12-06 03:45:00+00:00,3037.66,3040.09,3035.2,3039.74,5447.904
9342,2025-12-06 03:50:00+00:00,3039.73,3039.74,3035.27,3036.45,6465.107
9343,2025-12-06 03:55:00+00:00,3036.45,3038.64,3036.22,3038.64,3146.997
9344,2025-12-06 04:00:00+00:00,3038.64,3039.46,3036.48,3038.71,4826.005
9345,2025-12-06 04:05:00+00:00,3038.72,3041.0,3038.0,3039.43,4105.541
9346,2025-12-06 04:10:00+00:00,3039.43,3039.64,3033.5,3034.38,6544.743
9347,2025-12-06 04:15:00+00:00,3034.39,3036.77,3033.0,3033.47,2836.96
9348,2025-12-06 04:20:00+00:00,3033.46,3035.0,3031.82,3033.74,5020.112
9349,2025-12-06 04:25:00+00:00,3033.73,3034.21,3027.89,3031.11,6230.943
9350,2025-12-06 04:30:00+00:00,3031.1,3033.43,3030.08,3033.43,4562.03
9351,2025-12-06 04:35:00+00:00,3033.43,3033.53,3031.6,3031.99,2284.495
